2026-05-12 23:21:22 | INFO     | Bot V.23 starting
2026-05-12 23:21:22 | INFO     | ✅ DB V22 schema ready
2026-05-12 23:21:22 | WARNING  | 🔌 Reconnect #1 in 5s
2026-05-12 23:21:22 | INFO     | ✅ Reconnected on attempt #1
2026-05-12 23:21:22 | INFO     | Startup orphan SL scan…
2026-05-12 23:21:22 | INFO     | 🌐 Round-Robin scanner ACTIVE | XAUUSDm, EURUSDm, USDJPYm, USTECm, BTCUSDm
2026-05-12 23:21:22 | INFO     | 🕯️ [XAUUSDm] New M5 bar closed: 1778602500
2026-05-12 23:21:22 | INFO     |   [XAUUSDm] WAIT 0/75
2026-05-12 23:21:22 | INFO     | 🕯️ [EURUSDm] New M5 bar closed: 1778602500
2026-05-12 23:21:22 | INFO     |   [EURUSDm] WAIT 0/75
2026-05-12 23:21:22 | INFO     | 🕯️ [USDJPYm] New M5 bar closed: 1778602500
2026-05-12 23:21:22 | INFO     |   [USDJPYm] WAIT 0/75
2026-05-12 23:21:22 | INFO     | 🕯️ [USTECm] New M5 bar closed: 1778602500
2026-05-12 23:21:22 | INFO     |   [USTECm] WAIT 0/75
2026-05-12 23:21:22 | INFO     | 🕯️ [BTCUSDm] New M5 bar closed: 1778602500
2026-05-12 23:21:22 | INFO     |   [BTCUSDm] WAIT 0/75
2026-05-12 23:24:58 | INFO     | 🕯️ [XAUUSDm] New M5 bar closed: 1778602800
2026-05-12 23:24:58 | INFO     |   [XAUUSDm] WAIT 0/75
2026-05-12 23:24:59 | INFO     | 🕯️ [EURUSDm] New M5 bar closed: 1778602800
2026-05-12 23:24:59 | INFO     |   [EURUSDm] SELL 43/75
2026-05-12 23:24:59 | INFO     | 🕯️ [USDJPYm] New M5 bar closed: 1778602800
2026-05-12 23:24:59 | INFO     |   [USDJPYm] BUY 61/75
2026-05-12 23:24:59 | INFO     | 🕯️ [USTECm] New M5 bar closed: 1778602800
2026-05-12 23:24:59 | INFO     |   [USTECm] WAIT 0/75
2026-05-12 23:24:59 | INFO     | 🕯️ [BTCUSDm] New M5 bar closed: 1778602800
2026-05-12 23:24:59 | INFO     |   [BTCUSDm] WAIT 0/75
2026-05-12 23:26:22 | INFO     | 
══════════════════════════════════════════════════════════════════════
  📊  STATUS V22  [23:26:22 BKK]
  Equity    : $     99.20  (+65.33%)
  DD Daily  : 0.00%   DD Total: 0.00%   Mode: NORMAL
  Session   : NEW_YORK         H4:NEUTRAL    H1:NEUTRAL   
  Global Pos: 0/3 | Floating Risk: 0.0%/65.0%
  Symbols   : XAUUSDm, EURUSDm, USDJPYm, USTECm, BTCUSDm
  Thresholds: NY=68 LDN=82 NY_EARLY=85 OOS=75
══════════════════════════════════════════════════════════════════════
2026-05-12 23:27:13 | WARNING  | 🔌 Reconnect #1 in 5s
2026-05-12 23:27:17 | INFO     | ✅ Reconnected on attempt #1
2026-05-12 23:27:17 | WARNING  | Signal 2 → shutdown
2026-05-12 23:27:18 | WARNING  | 🚨 SHUTDOWN — EXIT
2026-05-12 23:27:19 | WARNING  | 🚨 Final: equity$86.78 balance$60.00
2026-05-12 23:27:19 | WARNING  | 🚨 SHUTDOWN COMPLETE.
2026-05-12 23:27:19 | INFO     | MT5 offline. Bot V.23 terminated.
2026-05-12 23:30:17 | INFO     | Bot V.23 starting
2026-05-12 23:30:17 | INFO     | ✅ DB V22 schema ready
2026-05-12 23:30:17 | WARNING  | 🔌 Reconnect #1 in 5s
2026-05-12 23:30:21 | INFO     | ✅ Reconnected on attempt #1
2026-05-12 23:30:21 | INFO     | Startup orphan SL scan…
2026-05-12 23:30:21 | INFO     | 🌐 Round-Robin scanner ACTIVE | XAUUSDm, EURUSDm, USDJPYm, USTECm, BTCUSDm
2026-05-12 23:30:21 | INFO     | 🕯️ [XAUUSDm] New M5 bar closed: 1778603100
2026-05-12 23:30:21 | INFO     |   [XAUUSDm] WAIT 0/75
2026-05-12 23:30:21 | INFO     | 🕯️ [EURUSDm] New M5 bar closed: 1778603100
2026-05-12 23:30:21 | INFO     |   [EURUSDm] WAIT 0/75
2026-05-12 23:30:22 | INFO     | 🕯️ [USDJPYm] New M5 bar closed: 1778603100
2026-05-12 23:30:22 | INFO     |   [USDJPYm] WAIT 0/75
2026-05-12 23:30:22 | INFO     | 🕯️ [USTECm] New M5 bar closed: 1778603100
2026-05-12 23:30:22 | INFO     |   [USTECm] WAIT 0/75
2026-05-12 23:30:22 | INFO     | 🕯️ [BTCUSDm] New M5 bar closed: 1778603100
2026-05-12 23:30:22 | INFO     |   [BTCUSDm] WAIT 0/75
2026-05-12 23:35:00 | INFO     | 🕯️ [XAUUSDm] New M5 bar closed: 1778603400
2026-05-12 23:35:00 | INFO     |   [XAUUSDm] WAIT 0/75
2026-05-12 23:35:00 | INFO     | 🕯️ [EURUSDm] New M5 bar closed: 1778603400
2026-05-12 23:35:00 | INFO     |   [EURUSDm] WAIT 0/75
2026-05-12 23:35:00 | INFO     | 🕯️ [USTECm] New M5 bar closed: 1778603400
2026-05-12 23:35:00 | INFO     |   [USTECm] WAIT 0/75
2026-05-12 23:35:00 | INFO     | 🕯️ [BTCUSDm] New M5 bar closed: 1778603400
2026-05-12 23:35:00 | INFO     |   [BTCUSDm] WAIT 0/75
2026-05-12 23:35:01 | INFO     | 🕯️ [USDJPYm] New M5 bar closed: 1778603400
2026-05-12 23:35:01 | INFO     |   [USDJPYm] WAIT 0/75
2026-05-12 23:35:21 | INFO     | 
══════════════════════════════════════════════════════════════════════
  📊  STATUS V22  [23:35:21 BKK]
  Equity    : $     91.64  (+52.73%)
  DD Daily  : 0.00%   DD Total: 0.00%   Mode: NORMAL
  Session   : NEW_YORK         H4:NEUTRAL    H1:NEUTRAL   
  Global Pos: 0/3 | Floating Risk: 0.0%/65.0%
  Symbols   : XAUUSDm, EURUSDm, USDJPYm, USTECm, BTCUSDm
  Thresholds: NY=68 LDN=82 NY_EARLY=85 OOS=75
══════════════════════════════════════════════════════════════════════
2026-05-12 23:39:59 | INFO     | 🕯️ [USTECm] New M5 bar closed: 1778603700
2026-05-12 23:39:59 | INFO     |   [USTECm] WAIT 0/75
2026-05-12 23:40:00 | INFO     | 🕯️ [XAUUSDm] New M5 bar closed: 1778603700
2026-05-12 23:40:00 | INFO     |   [XAUUSDm] WAIT 0/75
2026-05-12 23:40:00 | INFO     | 🕯️ [USDJPYm] New M5 bar closed: 1778603700
2026-05-12 23:40:00 | INFO     |   [USDJPYm] WAIT 0/75
2026-05-12 23:40:01 | INFO     | 🕯️ [BTCUSDm] New M5 bar closed: 1778603700
2026-05-12 23:40:01 | INFO     |   [BTCUSDm] WAIT 0/75
2026-05-12 23:40:01 | INFO     | 🕯️ [EURUSDm] New M5 bar closed: 1778603700
2026-05-12 23:40:01 | INFO     |   [EURUSDm] WAIT 0/75
2026-05-12 23:40:22 | INFO     | 
══════════════════════════════════════════════════════════════════════
  📊  STATUS V22  [23:40:22 BKK]
  Equity    : $     87.86  (+46.43%)
  DD Daily  : 0.00%   DD Total: 0.00%   Mode: NORMAL
  Session   : NEW_YORK         H4:NEUTRAL    H1:NEUTRAL   
  Global Pos: 0/3 | Floating Risk: 0.0%/65.0%
  Symbols   : XAUUSDm, EURUSDm, USDJPYm, USTECm, BTCUSDm
  Thresholds: NY=68 LDN=82 NY_EARLY=85 OOS=75
══════════════════════════════════════════════════════════════════════
2026-05-12 23:45:00 | INFO     | 🕯️ [XAUUSDm] New M5 bar closed: 1778604000
2026-05-12 23:45:00 | INFO     |   [XAUUSDm] WAIT 0/75
2026-05-12 23:45:00 | INFO     | 🕯️ [EURUSDm] New M5 bar closed: 1778604000
2026-05-12 23:45:00 | INFO     |   [EURUSDm] WAIT 0/75
2026-05-12 23:45:00 | INFO     | 🕯️ [USDJPYm] New M5 bar closed: 1778604000
2026-05-12 23:45:00 | INFO     |   [USDJPYm] WAIT 0/75
2026-05-12 23:45:00 | INFO     | 🕯️ [USTECm] New M5 bar closed: 1778604000
2026-05-12 23:45:00 | INFO     |   [USTECm] WAIT 0/75
2026-05-12 23:45:02 | INFO     | 🕯️ [BTCUSDm] New M5 bar closed: 1778604000
2026-05-12 23:45:02 | INFO     |   [BTCUSDm] WAIT 0/75
2026-05-12 23:45:23 | INFO     | 
══════════════════════════════════════════════════════════════════════
  📊  STATUS V22  [23:45:23 BKK]
  Equity    : $    100.01  (+66.68%)
  DD Daily  : 0.00%   DD Total: 0.00%   Mode: NORMAL
  Session   : NEW_YORK         H4:NEUTRAL    H1:NEUTRAL   
  Global Pos: 0/3 | Floating Risk: 0.0%/65.0%
  Symbols   : XAUUSDm, EURUSDm, USDJPYm, USTECm, BTCUSDm
  Thresholds: NY=68 LDN=82 NY_EARLY=85 OOS=75
══════════════════════════════════════════════════════════════════════
2026-05-12 23:50:00 | INFO     | 🕯️ [XAUUSDm] New M5 bar closed: 1778604300
2026-05-12 23:50:00 | INFO     |   [XAUUSDm] WAIT 0/75
2026-05-12 23:50:00 | INFO     | 🕯️ [EURUSDm] New M5 bar closed: 1778604300
2026-05-12 23:50:00 | INFO     |   [EURUSDm] BUY 57/75
2026-05-12 23:50:00 | INFO     | 🕯️ [USTECm] New M5 bar closed: 1778604300
2026-05-12 23:50:00 | INFO     |   [USTECm] WAIT 0/75
2026-05-12 23:50:01 | INFO     | 🕯️ [USDJPYm] New M5 bar closed: 1778604300
2026-05-12 23:50:01 | INFO     |   [USDJPYm] WAIT 0/75
2026-05-12 23:50:03 | INFO     | 🕯️ [BTCUSDm] New M5 bar closed: 1778604300
2026-05-12 23:50:03 | INFO     |   [BTCUSDm] WAIT 0/75
2026-05-12 23:50:23 | INFO     | 
══════════════════════════════════════════════════════════════════════
  📊  STATUS V22  [23:50:23 BKK]
  Equity    : $    171.56  (+185.93%)
  DD Daily  : 0.00%   DD Total: 0.00%   Mode: NORMAL
  Session   : NEW_YORK         H4:NEUTRAL    H1:NEUTRAL   
  Global Pos: 0/3 | Floating Risk: 0.0%/65.0%
  Symbols   : XAUUSDm, EURUSDm, USDJPYm, USTECm, BTCUSDm
  Thresholds: NY=68 LDN=82 NY_EARLY=85 OOS=75
══════════════════════════════════════════════════════════════════════
2026-05-12 23:54:59 | INFO     | 🕯️ [USTECm] New M5 bar closed: 1778604600
2026-05-12 23:54:59 | INFO     |   [USTECm] WAIT 0/75
2026-05-12 23:55:00 | INFO     | 🕯️ [XAUUSDm] New M5 bar closed: 1778604600
2026-05-12 23:55:00 | INFO     |   [XAUUSDm] WAIT 0/75
2026-05-12 23:55:00 | INFO     | 🕯️ [EURUSDm] New M5 bar closed: 1778604600
2026-05-12 23:55:00 | INFO     |   [EURUSDm] BUY 57/75
2026-05-12 23:55:00 | INFO     | 🕯️ [USDJPYm] New M5 bar closed: 1778604600
2026-05-12 23:55:00 | INFO     |   [USDJPYm] BUY 61/75
2026-05-12 23:55:01 | INFO     | 🕯️ [BTCUSDm] New M5 bar closed: 1778604600
2026-05-12 23:55:01 | INFO     |   [BTCUSDm] SELL 64/75
2026-05-12 23:55:24 | INFO     | 
══════════════════════════════════════════════════════════════════════
  📊  STATUS V22  [23:55:24 BKK]
  Equity    : $    171.29  (+185.48%)
  DD Daily  : 0.00%   DD Total: 0.00%   Mode: NORMAL
  Session   : NEW_YORK         H4:NEUTRAL    H1:NEUTRAL   
  Global Pos: 0/3 | Floating Risk: 0.0%/65.0%
  Symbols   : XAUUSDm, EURUSDm, USDJPYm, USTECm, BTCUSDm
  Thresholds: NY=68 LDN=82 NY_EARLY=85 OOS=75
══════════════════════════════════════════════════════════════════════
2026-05-13 00:00:00 | INFO     | 🕯️ [XAUUSDm] New M5 bar closed: 1778604900
2026-05-13 00:00:00 | INFO     | 🕯️ [EURUSDm] New M5 bar closed: 1778604900
2026-05-13 00:00:00 | INFO     | 🕯️ [USDJPYm] New M5 bar closed: 1778604900
2026-05-13 00:00:00 | INFO     | 🕯️ [USTECm] New M5 bar closed: 1778604900
2026-05-13 00:00:00 | INFO     | 🕯️ [BTCUSDm] New M5 bar closed: 1778604900
2026-05-13 00:00:24 | INFO     | 
══════════════════════════════════════════════════════════════════════
  📊  STATUS V22  [00:00:24 BKK]
  Equity    : $    172.64  (+187.73%)
  DD Daily  : 0.00%   DD Total: 0.00%   Mode: NORMAL
  Session   : NEW_YORK         H4:NEUTRAL    H1:NEUTRAL   
  Global Pos: 0/3 | Floating Risk: 0.0%/65.0%
  Symbols   : XAUUSDm, EURUSDm, USDJPYm, USTECm, BTCUSDm
  Thresholds: NY=68 LDN=82 NY_EARLY=85 OOS=75
══════════════════════════════════════════════════════════════════════
2026-05-13 00:05:00 | INFO     | 🕯️ [USDJPYm] New M5 bar closed: 1778605200
2026-05-13 00:05:00 | INFO     | 🕯️ [USTECm] New M5 bar closed: 1778605200
2026-05-13 00:05:00 | INFO     | 🕯️ [XAUUSDm] New M5 bar closed: 1778605200
2026-05-13 00:05:01 | INFO     | 🕯️ [EURUSDm] New M5 bar closed: 1778605200
2026-05-13 00:05:06 | INFO     | 🕯️ [BTCUSDm] New M5 bar closed: 1778605200
2026-05-13 00:05:25 | INFO     | 
══════════════════════════════════════════════════════════════════════
  📊  STATUS V22  [00:05:25 BKK]
  Equity    : $    138.08  (+130.13%)
  DD Daily  : 0.00%   DD Total: 0.00%   Mode: NORMAL
  Session   : NEW_YORK         H4:NEUTRAL    H1:NEUTRAL   
  Global Pos: 0/3 | Floating Risk: 0.0%/65.0%
  Symbols   : XAUUSDm, EURUSDm, USDJPYm, USTECm, BTCUSDm
  Thresholds: NY=68 LDN=82 NY_EARLY=85 OOS=75
══════════════════════════════════════════════════════════════════════
2026-05-13 00:09:59 | INFO     | 🕯️ [USTECm] New M5 bar closed: 1778605500
2026-05-13 00:10:00 | INFO     | 🕯️ [XAUUSDm] New M5 bar closed: 1778605500
2026-05-13 00:10:00 | INFO     | 🕯️ [EURUSDm] New M5 bar closed: 1778605500
2026-05-13 00:10:00 | INFO     | 🕯️ [USDJPYm] New M5 bar closed: 1778605500
2026-05-13 00:10:01 | INFO     | 🕯️ [BTCUSDm] New M5 bar closed: 1778605500
2026-05-13 00:10:26 | INFO     | 
══════════════════════════════════════════════════════════════════════
  📊  STATUS V22  [00:10:26 BKK]
  Equity    : $    139.16  (+131.93%)
  DD Daily  : 0.00%   DD Total: 0.00%   Mode: NORMAL
  Session   : NEW_YORK         H4:NEUTRAL    H1:NEUTRAL   
  Global Pos: 0/3 | Floating Risk: 0.0%/65.0%
  Symbols   : XAUUSDm, EURUSDm, USDJPYm, USTECm, BTCUSDm
  Thresholds: NY=68 LDN=82 NY_EARLY=85 OOS=75
══════════════════════════════════════════════════════════════════════
2026-05-13 00:15:00 | INFO     | 🕯️ [XAUUSDm] New M5 bar closed: 1778605800
2026-05-13 00:15:00 | INFO     | 🕯️ [USDJPYm] New M5 bar closed: 1778605800
2026-05-13 00:15:00 | INFO     | 🕯️ [USTECm] New M5 bar closed: 1778605800
2026-05-13 00:15:01 | INFO     | 🕯️ [EURUSDm] New M5 bar closed: 1778605800
2026-05-13 00:15:01 | INFO     | 🕯️ [BTCUSDm] New M5 bar closed: 1778605800
2026-05-13 00:15:26 | INFO     | 
══════════════════════════════════════════════════════════════════════
  📊  STATUS V22  [00:15:26 BKK]
  Equity    : $    102.17  (+70.28%)
  DD Daily  : 0.00%   DD Total: 0.00%   Mode: NORMAL
  Session   : NEW_YORK         H4:NEUTRAL    H1:NEUTRAL   
  Global Pos: 0/3 | Floating Risk: 0.0%/65.0%
  Symbols   : XAUUSDm, EURUSDm, USDJPYm, USTECm, BTCUSDm
  Thresholds: NY=68 LDN=82 NY_EARLY=85 OOS=75
══════════════════════════════════════════════════════════════════════
2026-05-13 00:19:59 | INFO     | 🕯️ [EURUSDm] New M5 bar closed: 1778606100
2026-05-13 00:20:00 | INFO     | 🕯️ [USTECm] New M5 bar closed: 1778606100
2026-05-13 00:20:00 | INFO     | 🕯️ [BTCUSDm] New M5 bar closed: 1778606100
2026-05-13 00:20:00 | INFO     | 🕯️ [XAUUSDm] New M5 bar closed: 1778606100
2026-05-13 00:20:01 | INFO     | 🕯️ [USDJPYm] New M5 bar closed: 1778606100
2026-05-13 00:20:27 | INFO     | 
══════════════════════════════════════════════════════════════════════
  📊  STATUS V22  [00:20:27 BKK]
  Equity    : $     65.45  (+9.08%)
  DD Daily  : 0.00%   DD Total: 0.00%   Mode: NORMAL
  Session   : NEW_YORK         H4:NEUTRAL    H1:NEUTRAL   
  Global Pos: 0/3 | Floating Risk: 0.0%/65.0%
  Symbols   : XAUUSDm, EURUSDm, USDJPYm, USTECm, BTCUSDm
  Thresholds: NY=68 LDN=82 NY_EARLY=85 OOS=75
══════════════════════════════════════════════════════════════════════
2026-05-13 00:25:00 | INFO     | 🕯️ [XAUUSDm] New M5 bar closed: 1778606400
2026-05-13 00:25:00 | INFO     | 🕯️ [EURUSDm] New M5 bar closed: 1778606400
2026-05-13 00:25:00 | INFO     | 🕯️ [USDJPYm] New M5 bar closed: 1778606400
2026-05-13 00:25:00 | INFO     | 🕯️ [USTECm] New M5 bar closed: 1778606400
2026-05-13 00:25:03 | INFO     | 🕯️ [BTCUSDm] New M5 bar closed: 1778606400
2026-05-13 00:25:28 | INFO     | 
══════════════════════════════════════════════════════════════════════
  📊  STATUS V22  [00:25:28 BKK]
  Equity    : $     51.95  (-13.42%)
  DD Daily  : 13.42%   DD Total: 13.42%   Mode: ORANGE
  Session   : NEW_YORK         H4:NEUTRAL    H1:NEUTRAL   
  Global Pos: 0/3 | Floating Risk: 0.0%/65.0%
  Symbols   : XAUUSDm, EURUSDm, USDJPYm, USTECm, BTCUSDm
  Thresholds: NY=68 LDN=82 NY_EARLY=85 OOS=75
══════════════════════════════════════════════════════════════════════
2026-05-13 00:30:00 | INFO     | 🕯️ [XAUUSDm] New M5 bar closed: 1778606700
2026-05-13 00:30:00 | INFO     | 🕯️ [EURUSDm] New M5 bar closed: 1778606700
2026-05-13 00:30:00 | INFO     | 🕯️ [USDJPYm] New M5 bar closed: 1778606700
2026-05-13 00:30:00 | INFO     | 🕯️ [USTECm] New M5 bar closed: 1778606700
2026-05-13 00:30:01 | INFO     | 🕯️ [BTCUSDm] New M5 bar closed: 1778606700
2026-05-13 00:30:28 | INFO     | 
══════════════════════════════════════════════════════════════════════
  📊  STATUS V22  [00:30:28 BKK]
  Equity    : $     44.12  (-26.47%)
  DD Daily  : 26.47%   DD Total: 26.47%   Mode: ORANGE
  Session   : NEW_YORK         H4:NEUTRAL    H1:NEUTRAL   
  Global Pos: 0/3 | Floating Risk: 0.0%/65.0%
  Symbols   : XAUUSDm, EURUSDm, USDJPYm, USTECm, BTCUSDm
  Thresholds: NY=68 LDN=82 NY_EARLY=85 OOS=75
══════════════════════════════════════════════════════════════════════
2026-05-13 00:35:00 | INFO     | 🕯️ [BTCUSDm] New M5 bar closed: 1778607000
2026-05-13 00:35:00 | INFO     | 🕯️ [XAUUSDm] New M5 bar closed: 1778607000
2026-05-13 00:35:00 | INFO     | 🕯️ [EURUSDm] New M5 bar closed: 1778607000
2026-05-13 00:35:00 | INFO     | 🕯️ [USDJPYm] New M5 bar closed: 1778607000
2026-05-13 00:35:01 | INFO     | 🕯️ [USTECm] New M5 bar closed: 1778607000
2026-05-13 00:35:29 | INFO     | 
══════════════════════════════════════════════════════════════════════
  📊  STATUS V22  [00:35:29 BKK]
  Equity    : $     29.81  (-50.32%)
  DD Daily  : 50.32%   DD Total: 50.32%   Mode: ORANGE
  Session   : NEW_YORK         H4:NEUTRAL    H1:NEUTRAL   
  Global Pos: 0/3 | Floating Risk: 0.0%/65.0%
  Symbols   : XAUUSDm, EURUSDm, USDJPYm, USTECm, BTCUSDm
  Thresholds: NY=68 LDN=82 NY_EARLY=85 OOS=75
══════════════════════════════════════════════════════════════════════
2026-05-13 00:40:00 | INFO     | 🕯️ [XAUUSDm] New M5 bar closed: 1778607300
2026-05-13 00:40:00 | INFO     | 🕯️ [USTECm] New M5 bar closed: 1778607300
2026-05-13 00:40:01 | INFO     | 🕯️ [EURUSDm] New M5 bar closed: 1778607300
2026-05-13 00:40:01 | INFO     | 🕯️ [USDJPYm] New M5 bar closed: 1778607300
2026-05-13 00:40:03 | INFO     | 🕯️ [BTCUSDm] New M5 bar closed: 1778607300
2026-05-13 00:40:29 | INFO     | 
══════════════════════════════════════════════════════════════════════
  📊  STATUS V22  [00:40:29 BKK]
  Equity    : $     42.50  (-29.17%)
  DD Daily  : 29.17%   DD Total: 29.17%   Mode: ORANGE
  Session   : NEW_YORK         H4:NEUTRAL    H1:NEUTRAL   
  Global Pos: 0/3 | Floating Risk: 0.0%/65.0%
  Symbols   : XAUUSDm, EURUSDm, USDJPYm, USTECm, BTCUSDm
  Thresholds: NY=68 LDN=82 NY_EARLY=85 OOS=75
══════════════════════════════════════════════════════════════════════
2026-05-13 00:44:58 | WARNING  | Signal 2 → shutdown
2026-05-13 00:44:58 | WARNING  | 🚨 SHUTDOWN — EXIT
2026-05-13 00:44:59 | WARNING  | 🚨 Final: equity$27.11 balance$60.00
2026-05-13 00:44:59 | WARNING  | 🚨 SHUTDOWN COMPLETE.
2026-05-13 00:44:59 | INFO     | MT5 offline. Bot V.23 terminated.
2026-05-13 02:13:01 | INFO     | Bot V.23 starting
2026-05-13 02:13:01 | INFO     | ✅ DB V22 schema ready
2026-05-13 02:13:01 | WARNING  | 🔌 Reconnect #1 in 5s
2026-05-13 02:13:01 | INFO     | ✅ Reconnected on attempt #1
2026-05-13 02:13:01 | INFO     | Startup orphan SL scan…
2026-05-13 02:13:01 | INFO     | 🌐 Round-Robin scanner ACTIVE | XAUUSDm, EURUSDm, USDJPYm, USTECm, BTCUSDm
2026-05-13 02:13:01 | INFO     | 🕯️ [XAUUSDm] New M5 bar closed: 1778612700
2026-05-13 02:13:01 | INFO     | 🕯️ [EURUSDm] New M5 bar closed: 1778612700
2026-05-13 02:13:01 | INFO     | 🕯️ [USDJPYm] New M5 bar closed: 1778612700
2026-05-13 02:13:01 | INFO     | 🕯️ [USTECm] New M5 bar closed: 1778612700
2026-05-13 02:13:02 | INFO     | 🕯️ [BTCUSDm] New M5 bar closed: 1778612700
2026-05-13 02:15:00 | INFO     | 🕯️ [EURUSDm] New M5 bar closed: 1778613000
2026-05-13 02:15:00 | INFO     | 🕯️ [USDJPYm] New M5 bar closed: 1778613000
2026-05-13 02:15:00 | INFO     | 🕯️ [USTECm] New M5 bar closed: 1778613000
2026-05-13 02:15:01 | INFO     | 🕯️ [XAUUSDm] New M5 bar closed: 1778613000
2026-05-13 02:15:01 | INFO     | 🕯️ [BTCUSDm] New M5 bar closed: 1778613000
2026-05-13 02:18:01 | INFO     | 
══════════════════════════════════════════════════════════════════════
  📊  STATUS V22  [02:18:01 BKK]
  Equity    : $      0.00  (-100.00%)
  DD Daily  : 100.00%   DD Total: 100.00%   Mode: RED
  Session   : UNKNOWN          H4:NEUTRAL    H1:NEUTRAL   
  Global Pos: 0/5 | Floating Risk: 0.0%/99.0%
  Symbols   : XAUUSDm, EURUSDm, USDJPYm, USTECm, BTCUSDm
  Thresholds: NY=60 LDN=82 NY_EARLY=85 OOS=65
══════════════════════════════════════════════════════════════════════
2026-05-13 02:19:59 | INFO     | 🕯️ [EURUSDm] New M5 bar closed: 1778613300
2026-05-13 02:19:59 | INFO     | 🕯️ [USDJPYm] New M5 bar closed: 1778613300
2026-05-13 02:20:00 | INFO     | 🕯️ [USTECm] New M5 bar closed: 1778613300
2026-05-13 02:20:00 | INFO     | 🕯️ [XAUUSDm] New M5 bar closed: 1778613300
2026-05-13 02:20:02 | INFO     | 🕯️ [BTCUSDm] New M5 bar closed: 1778613300
2026-05-13 02:21:13 | WARNING  | Signal 2 → shutdown
2026-05-13 02:21:14 | WARNING  | 🚨 SHUTDOWN — EXIT
2026-05-13 02:21:14 | WARNING  | 🚨 Final: equity$0.00 balance$0.00
2026-05-13 02:21:14 | WARNING  | 🚨 SHUTDOWN COMPLETE.
2026-05-13 02:21:14 | INFO     | MT5 offline. Bot V.23 terminated.
2026-05-13 04:46:40 | INFO     | Bot V.23 starting
2026-05-13 04:46:40 | INFO     | ✅ DB V22 schema ready
2026-05-13 04:46:40 | WARNING  | 🔌 Reconnect #1 in 5s
2026-05-13 04:46:40 | INFO     | ✅ Reconnected on attempt #1
2026-05-13 04:46:40 | INFO     | Startup orphan SL scan…
2026-05-13 04:46:40 | INFO     | 🌐 Round-Robin scanner ACTIVE | XAUUSDm, EURUSDm, USDJPYm, USTECm, BTCUSDm
2026-05-13 04:46:40 | INFO     | 🕯️ [XAUUSDm] New M5 bar closed: 1778619000
2026-05-13 04:46:40 | INFO     | 🕯️ [EURUSDm] New M5 bar closed: 1778622000
2026-05-13 04:46:40 | INFO     | 🕯️ [USDJPYm] New M5 bar closed: 1778622000
2026-05-13 04:46:41 | INFO     | 🕯️ [USTECm] New M5 bar closed: 1778619000
2026-05-13 04:46:41 | INFO     | 🕯️ [BTCUSDm] New M5 bar closed: 1778622000
2026-05-13 04:46:49 | WARNING  | Signal 2 → shutdown
2026-05-13 04:46:50 | WARNING  | 🚨 SHUTDOWN — EXIT
2026-05-13 04:46:50 | WARNING  | 🚨 Final: equity$0.00 balance$0.00
2026-05-13 04:46:50 | WARNING  | 🚨 SHUTDOWN COMPLETE.
2026-05-13 04:46:50 | INFO     | MT5 offline. Bot V.23 terminated.
2026-05-13 05:33:58 | INFO     | Bot V.23 starting
2026-05-13 05:33:58 | INFO     | ✅ DB V22 schema ready
2026-05-13 05:33:58 | WARNING  | 🔌 Reconnect #1 in 5s
2026-05-13 05:33:58 | INFO     | ✅ Reconnected on attempt #1
2026-05-13 05:33:58 | INFO     | Startup orphan SL scan…
2026-05-13 05:33:58 | INFO     | 🌐 Round-Robin scanner ACTIVE | XAUUSDm, EURUSDm, USDJPYm, USTECm, BTCUSDm
2026-05-13 05:33:58 | INFO     | 🕯️ [XAUUSDm] New M5 bar closed: 1778624700
2026-05-13 05:33:58 | INFO     | 🕯️ [EURUSDm] New M5 bar closed: 1778624700
2026-05-13 05:33:58 | INFO     | 🕯️ [USDJPYm] New M5 bar closed: 1778624700
2026-05-13 05:33:58 | INFO     | 🕯️ [USTECm] New M5 bar closed: 1778624700
2026-05-13 05:33:58 | INFO     | 🕯️ [BTCUSDm] New M5 bar closed: 1778624700
2026-05-13 05:34:59 | INFO     | 🕯️ [XAUUSDm] New M5 bar closed: 1778625000
2026-05-13 05:34:59 | INFO     | 🕯️ [USDJPYm] New M5 bar closed: 1778625000
2026-05-13 05:35:01 | INFO     | 🕯️ [USTECm] New M5 bar closed: 1778625000
2026-05-13 05:35:01 | INFO     | 🕯️ [BTCUSDm] New M5 bar closed: 1778625000
2026-05-13 05:35:01 | INFO     | 🕯️ [EURUSDm] New M5 bar closed: 1778625000
2026-05-13 05:35:14 | WARNING  | Signal 2 → shutdown
2026-05-13 05:35:15 | WARNING  | 🚨 SHUTDOWN — EXIT
2026-05-13 05:35:15 | WARNING  | 🚨 Final: equity$0.00 balance$0.00
2026-05-13 05:35:15 | WARNING  | 🚨 SHUTDOWN COMPLETE.
2026-05-13 05:35:15 | INFO     | MT5 offline. Bot V.23 terminated.
2026-05-13 05:35:20 | INFO     | Bot V.23 starting
2026-05-13 05:35:20 | INFO     | ✅ DB V22 schema ready
2026-05-13 05:35:20 | WARNING  | 🔌 Reconnect #1 in 5s
2026-05-13 05:35:20 | INFO     | ✅ Reconnected on attempt #1
2026-05-13 05:35:20 | INFO     | Startup orphan SL scan…
2026-05-13 05:35:20 | INFO     | 🌐 Round-Robin scanner ACTIVE | XAUUSDm, EURUSDm, USDJPYm, USTECm, BTCUSDm
2026-05-13 05:35:20 | INFO     | 🕯️ [XAUUSDm] New M5 bar closed: 1778625000
2026-05-13 05:35:20 | INFO     | 🕯️ [EURUSDm] New M5 bar closed: 1778625000
2026-05-13 05:35:20 | INFO     | 🕯️ [USDJPYm] New M5 bar closed: 1778625000
2026-05-13 05:35:20 | INFO     | 🕯️ [USTECm] New M5 bar closed: 1778625000
2026-05-13 05:35:21 | INFO     | 🕯️ [BTCUSDm] New M5 bar closed: 1778625000
2026-05-13 05:35:29 | WARNING  | Signal 2 → shutdown
2026-05-13 05:35:30 | WARNING  | 🚨 SHUTDOWN — EXIT
2026-05-13 05:35:30 | WARNING  | 🚨 Final: equity$0.00 balance$0.00
2026-05-13 05:35:30 | WARNING  | 🚨 SHUTDOWN COMPLETE.
2026-05-13 05:35:30 | INFO     | MT5 offline. Bot V.23 terminated.
2026-05-13 06:32:25 | INFO     | Bot V.23 starting
2026-05-13 06:32:25 | INFO     | ✅ DB V22 schema ready
2026-05-13 06:32:25 | WARNING  | 🔌 Reconnect #1 in 5s
2026-05-13 06:32:25 | INFO     | ✅ Reconnected on attempt #1
2026-05-13 06:32:25 | INFO     | Startup orphan SL scan…
2026-05-13 06:32:25 | INFO     | 🌐 Round-Robin scanner ACTIVE | XAUUSDm, EURUSDm, USDJPYm, USTECm, BTCUSDm
2026-05-13 06:32:25 | INFO     | 🕯️ [XAUUSDm] New M5 bar closed: 1778628300
2026-05-13 06:32:25 | INFO     | 🕯️ [EURUSDm] New M5 bar closed: 1778628300
2026-05-13 06:32:25 | INFO     | 🕯️ [USDJPYm] New M5 bar closed: 1778628300
2026-05-13 06:32:25 | INFO     | 🕯️ [USTECm] New M5 bar closed: 1778628300
2026-05-13 06:32:26 | INFO     | 🕯️ [BTCUSDm] New M5 bar closed: 1778628300
2026-05-13 06:35:00 | INFO     | 🕯️ [EURUSDm] New M5 bar closed: 1778628600
2026-05-13 06:35:00 | INFO     | 🕯️ [USDJPYm] New M5 bar closed: 1778628600
2026-05-13 06:35:00 | INFO     | 🕯️ [USTECm] New M5 bar closed: 1778628600
2026-05-13 06:35:01 | INFO     | 🕯️ [XAUUSDm] New M5 bar closed: 1778628600
2026-05-13 06:35:02 | INFO     | 🕯️ [BTCUSDm] New M5 bar closed: 1778628600
2026-05-13 06:37:26 | INFO     | 
══════════════════════════════════════════════════════════════════════
  📊  STATUS V22  [06:37:26 BKK]
  Equity    : $     60.00  (+0.00%)
  DD Daily  : 0.00%   DD Total: 0.00%   Mode: NORMAL
  Session   : UNKNOWN          H4:NEUTRAL    H1:NEUTRAL   
  Global Pos: 0/4 | Floating Risk: 0.0%/12.0%
  Symbols   : XAUUSDm, EURUSDm, USDJPYm, USTECm, BTCUSDm
  Thresholds: NY=62 LDN=82 NY_EARLY=85 OOS=65
══════════════════════════════════════════════════════════════════════
2026-05-13 06:39:59 | INFO     | 🕯️ [USTECm] New M5 bar closed: 1778628900
2026-05-13 06:40:00 | INFO     | 🕯️ [BTCUSDm] New M5 bar closed: 1778628900
2026-05-13 06:40:00 | INFO     | 🕯️ [EURUSDm] New M5 bar closed: 1778628900
2026-05-13 06:40:00 | INFO     | 🕯️ [USDJPYm] New M5 bar closed: 1778628900
2026-05-13 06:40:01 | INFO     | 🕯️ [XAUUSDm] New M5 bar closed: 1778628900
2026-05-13 06:42:26 | INFO     | 
══════════════════════════════════════════════════════════════════════
  📊  STATUS V22  [06:42:26 BKK]
  Equity    : $     60.00  (+0.00%)
  DD Daily  : 0.00%   DD Total: 0.00%   Mode: NORMAL
  Session   : UNKNOWN          H4:NEUTRAL    H1:NEUTRAL   
  Global Pos: 0/4 | Floating Risk: 0.0%/12.0%
  Symbols   : XAUUSDm, EURUSDm, USDJPYm, USTECm, BTCUSDm
  Thresholds: NY=62 LDN=82 NY_EARLY=85 OOS=65
══════════════════════════════════════════════════════════════════════
2026-05-13 06:44:59 | INFO     | 🕯️ [USDJPYm] New M5 bar closed: 1778629200
2026-05-13 06:44:59 | INFO     | 🕯️ [USTECm] New M5 bar closed: 1778629200
2026-05-13 06:45:00 | INFO     | 🕯️ [XAUUSDm] New M5 bar closed: 1778629200
2026-05-13 06:45:00 | INFO     | 🕯️ [EURUSDm] New M5 bar closed: 1778629200
2026-05-13 06:45:03 | INFO     | 🕯️ [BTCUSDm] New M5 bar closed: 1778629200
2026-05-13 06:47:27 | INFO     | 
══════════════════════════════════════════════════════════════════════
  📊  STATUS V22  [06:47:27 BKK]
  Equity    : $     60.00  (+0.00%)
  DD Daily  : 0.00%   DD Total: 0.00%   Mode: NORMAL
  Session   : UNKNOWN          H4:NEUTRAL    H1:NEUTRAL   
  Global Pos: 0/4 | Floating Risk: 0.0%/12.0%
  Symbols   : XAUUSDm, EURUSDm, USDJPYm, USTECm, BTCUSDm
  Thresholds: NY=62 LDN=82 NY_EARLY=85 OOS=65
══════════════════════════════════════════════════════════════════════
2026-05-13 06:50:00 | INFO     | 🕯️ [XAUUSDm] New M5 bar closed: 1778629500
2026-05-13 06:50:00 | INFO     | 🕯️ [EURUSDm] New M5 bar closed: 1778629500
2026-05-13 06:50:00 | INFO     | 🕯️ [USDJPYm] New M5 bar closed: 1778629500
2026-05-13 06:50:00 | INFO     | 🕯️ [USTECm] New M5 bar closed: 1778629500
2026-05-13 06:50:02 | INFO     | 🕯️ [BTCUSDm] New M5 bar closed: 1778629500
2026-05-13 06:52:28 | INFO     | 
══════════════════════════════════════════════════════════════════════
  📊  STATUS V22  [06:52:28 BKK]
  Equity    : $     60.00  (+0.00%)
  DD Daily  : 0.00%   DD Total: 0.00%   Mode: NORMAL
  Session   : UNKNOWN          H4:NEUTRAL    H1:NEUTRAL   
  Global Pos: 0/4 | Floating Risk: 0.0%/12.0%
  Symbols   : XAUUSDm, EURUSDm, USDJPYm, USTECm, BTCUSDm
  Thresholds: NY=62 LDN=82 NY_EARLY=85 OOS=65
══════════════════════════════════════════════════════════════════════
2026-05-13 06:55:00 | INFO     | 🕯️ [XAUUSDm] New M5 bar closed: 1778629800
2026-05-13 06:55:00 | INFO     | 🕯️ [EURUSDm] New M5 bar closed: 1778629800
2026-05-13 06:55:00 | INFO     | 🕯️ [USTECm] New M5 bar closed: 1778629800
2026-05-13 06:55:00 | INFO     | 🕯️ [BTCUSDm] New M5 bar closed: 1778629800
2026-05-13 06:55:01 | INFO     | 🕯️ [USDJPYm] New M5 bar closed: 1778629800
2026-05-13 06:57:29 | INFO     | 
══════════════════════════════════════════════════════════════════════
  📊  STATUS V22  [06:57:29 BKK]
  Equity    : $     60.00  (+0.00%)
  DD Daily  : 0.00%   DD Total: 0.00%   Mode: NORMAL
  Session   : UNKNOWN          H4:NEUTRAL    H1:NEUTRAL   
  Global Pos: 0/4 | Floating Risk: 0.0%/12.0%
  Symbols   : XAUUSDm, EURUSDm, USDJPYm, USTECm, BTCUSDm
  Thresholds: NY=62 LDN=82 NY_EARLY=85 OOS=65
══════════════════════════════════════════════════════════════════════
2026-05-13 06:59:59 | INFO     | 🕯️ [USDJPYm] New M5 bar closed: 1778630100
2026-05-13 07:00:00 | INFO     | 🕯️ [XAUUSDm] New M5 bar closed: 1778630100
2026-05-13 07:00:00 | INFO     | 🕯️ [EURUSDm] New M5 bar closed: 1778630100
2026-05-13 07:00:00 | INFO     | 🕯️ [USTECm] New M5 bar closed: 1778630100
2026-05-13 07:00:04 | INFO     | 🕯️ [BTCUSDm] New M5 bar closed: 1778630100
2026-05-13 07:02:29 | INFO     | 
══════════════════════════════════════════════════════════════════════
  📊  STATUS V22  [07:02:29 BKK]
  Equity    : $     60.00  (+0.00%)
  DD Daily  : 0.00%   DD Total: 0.00%   Mode: NORMAL
  Session   : UNKNOWN          H4:NEUTRAL    H1:NEUTRAL   
  Global Pos: 0/4 | Floating Risk: 0.0%/12.0%
  Symbols   : XAUUSDm, EURUSDm, USDJPYm, USTECm, BTCUSDm
  Thresholds: NY=62 LDN=82 NY_EARLY=85 OOS=65
══════════════════════════════════════════════════════════════════════
2026-05-13 07:04:59 | INFO     | 🕯️ [USTECm] New M5 bar closed: 1778630400
2026-05-13 07:04:59 | INFO     | 🕯️ [BTCUSDm] New M5 bar closed: 1778630400
2026-05-13 07:05:00 | INFO     | 🕯️ [XAUUSDm] New M5 bar closed: 1778630400
2026-05-13 07:05:00 | INFO     | 🕯️ [EURUSDm] New M5 bar closed: 1778630400
2026-05-13 07:05:00 | INFO     | 🕯️ [USDJPYm] New M5 bar closed: 1778630400
2026-05-13 07:07:29 | INFO     | 
══════════════════════════════════════════════════════════════════════
  📊  STATUS V22  [07:07:29 BKK]
  Equity    : $     60.00  (+0.00%)
  DD Daily  : 0.00%   DD Total: 0.00%   Mode: NORMAL
  Session   : UNKNOWN          H4:NEUTRAL    H1:NEUTRAL   
  Global Pos: 0/4 | Floating Risk: 0.0%/12.0%
  Symbols   : XAUUSDm, EURUSDm, USDJPYm, USTECm, BTCUSDm
  Thresholds: NY=62 LDN=82 NY_EARLY=85 OOS=65
══════════════════════════════════════════════════════════════════════
2026-05-13 07:09:59 | INFO     | 🕯️ [USTECm] New M5 bar closed: 1778630700
2026-05-13 07:10:00 | INFO     | 🕯️ [XAUUSDm] New M5 bar closed: 1778630700
2026-05-13 07:10:00 | INFO     | 🕯️ [EURUSDm] New M5 bar closed: 1778630700
2026-05-13 07:10:00 | INFO     | 🕯️ [USDJPYm] New M5 bar closed: 1778630700
2026-05-13 07:10:03 | INFO     | 🕯️ [BTCUSDm] New M5 bar closed: 1778630700
2026-05-13 07:12:29 | INFO     | 
══════════════════════════════════════════════════════════════════════
  📊  STATUS V22  [07:12:29 BKK]
  Equity    : $     60.00  (+0.00%)
  DD Daily  : 0.00%   DD Total: 0.00%   Mode: NORMAL
  Session   : UNKNOWN          H4:NEUTRAL    H1:NEUTRAL   
  Global Pos: 0/4 | Floating Risk: 0.0%/12.0%
  Symbols   : XAUUSDm, EURUSDm, USDJPYm, USTECm, BTCUSDm
  Thresholds: NY=62 LDN=82 NY_EARLY=85 OOS=65
══════════════════════════════════════════════════════════════════════
2026-05-13 07:15:00 | INFO     | 🕯️ [XAUUSDm] New M5 bar closed: 1778631000
2026-05-13 07:15:00 | INFO     | 🕯️ [USDJPYm] New M5 bar closed: 1778631000
2026-05-13 07:15:00 | INFO     | 🕯️ [USTECm] New M5 bar closed: 1778631000
2026-05-13 07:15:01 | INFO     | 🕯️ [BTCUSDm] New M5 bar closed: 1778631000
2026-05-13 07:15:01 | INFO     | 🕯️ [EURUSDm] New M5 bar closed: 1778631000
2026-05-13 07:17:30 | INFO     | 
══════════════════════════════════════════════════════════════════════
  📊  STATUS V22  [07:17:30 BKK]
  Equity    : $     60.00  (+0.00%)
  DD Daily  : 0.00%   DD Total: 0.00%   Mode: NORMAL
  Session   : UNKNOWN          H4:NEUTRAL    H1:NEUTRAL   
  Global Pos: 0/4 | Floating Risk: 0.0%/12.0%
  Symbols   : XAUUSDm, EURUSDm, USDJPYm, USTECm, BTCUSDm
  Thresholds: NY=62 LDN=82 NY_EARLY=85 OOS=65
══════════════════════════════════════════════════════════════════════
2026-05-13 07:19:59 | INFO     | 🕯️ [USTECm] New M5 bar closed: 1778631300
2026-05-13 07:20:00 | INFO     | 🕯️ [XAUUSDm] New M5 bar closed: 1778631300
2026-05-13 07:20:00 | INFO     | 🕯️ [EURUSDm] New M5 bar closed: 1778631300
2026-05-13 07:20:02 | INFO     | 🕯️ [BTCUSDm] New M5 bar closed: 1778631300
2026-05-13 07:20:02 | INFO     | 🕯️ [USDJPYm] New M5 bar closed: 1778631300
2026-05-13 07:22:31 | INFO     | 
══════════════════════════════════════════════════════════════════════
  📊  STATUS V22  [07:22:31 BKK]
  Equity    : $     60.00  (+0.00%)
  DD Daily  : 0.00%   DD Total: 0.00%   Mode: NORMAL
  Session   : UNKNOWN          H4:NEUTRAL    H1:NEUTRAL   
  Global Pos: 0/4 | Floating Risk: 0.0%/12.0%
  Symbols   : XAUUSDm, EURUSDm, USDJPYm, USTECm, BTCUSDm
  Thresholds: NY=62 LDN=82 NY_EARLY=85 OOS=65
══════════════════════════════════════════════════════════════════════
2026-05-13 07:24:59 | INFO     | 🕯️ [USTECm] New M5 bar closed: 1778631600
2026-05-13 07:25:00 | INFO     | 🕯️ [XAUUSDm] New M5 bar closed: 1778631600
2026-05-13 07:25:00 | INFO     | 🕯️ [EURUSDm] New M5 bar closed: 1778631600
2026-05-13 07:25:00 | INFO     | 🕯️ [USDJPYm] New M5 bar closed: 1778631600
2026-05-13 07:25:01 | INFO     | 🕯️ [BTCUSDm] New M5 bar closed: 1778631600
2026-05-13 07:27:32 | INFO     | 
══════════════════════════════════════════════════════════════════════
  📊  STATUS V22  [07:27:32 BKK]
  Equity    : $     60.00  (+0.00%)
  DD Daily  : 0.00%   DD Total: 0.00%   Mode: NORMAL
  Session   : UNKNOWN          H4:NEUTRAL    H1:NEUTRAL   
  Global Pos: 0/4 | Floating Risk: 0.0%/12.0%
  Symbols   : XAUUSDm, EURUSDm, USDJPYm, USTECm, BTCUSDm
  Thresholds: NY=62 LDN=82 NY_EARLY=85 OOS=65
══════════════════════════════════════════════════════════════════════
2026-05-13 07:29:59 | INFO     | 🕯️ [USDJPYm] New M5 bar closed: 1778631900
2026-05-13 07:29:59 | INFO     | 🕯️ [USTECm] New M5 bar closed: 1778631900
2026-05-13 07:30:00 | INFO     | 🕯️ [BTCUSDm] New M5 bar closed: 1778631900
2026-05-13 07:30:00 | INFO     | 🕯️ [XAUUSDm] New M5 bar closed: 1778631900
2026-05-13 07:30:00 | INFO     | 🕯️ [EURUSDm] New M5 bar closed: 1778631900
2026-05-13 07:32:32 | INFO     | 
══════════════════════════════════════════════════════════════════════
  📊  STATUS V22  [07:32:32 BKK]
  Equity    : $     60.00  (+0.00%)
  DD Daily  : 0.00%   DD Total: 0.00%   Mode: NORMAL
  Session   : UNKNOWN          H4:NEUTRAL    H1:NEUTRAL   
  Global Pos: 0/4 | Floating Risk: 0.0%/12.0%
  Symbols   : XAUUSDm, EURUSDm, USDJPYm, USTECm, BTCUSDm
  Thresholds: NY=62 LDN=82 NY_EARLY=85 OOS=65
══════════════════════════════════════════════════════════════════════
2026-05-13 07:34:59 | INFO     | 🕯️ [USTECm] New M5 bar closed: 1778632200
2026-05-13 07:35:00 | INFO     | 🕯️ [XAUUSDm] New M5 bar closed: 1778632200
2026-05-13 07:35:00 | INFO     | 🕯️ [EURUSDm] New M5 bar closed: 1778632200
2026-05-13 07:35:00 | INFO     | 🕯️ [USDJPYm] New M5 bar closed: 1778632200
2026-05-13 07:35:03 | INFO     | 🕯️ [BTCUSDm] New M5 bar closed: 1778632200
2026-05-13 07:37:32 | INFO     | 
══════════════════════════════════════════════════════════════════════
  📊  STATUS V22  [07:37:32 BKK]
  Equity    : $     60.00  (+0.00%)
  DD Daily  : 0.00%   DD Total: 0.00%   Mode: NORMAL
  Session   : UNKNOWN          H4:NEUTRAL    H1:NEUTRAL   
  Global Pos: 0/4 | Floating Risk: 0.0%/12.0%
  Symbols   : XAUUSDm, EURUSDm, USDJPYm, USTECm, BTCUSDm
  Thresholds: NY=62 LDN=82 NY_EARLY=85 OOS=65
══════════════════════════════════════════════════════════════════════
2026-05-13 07:39:59 | INFO     | 🕯️ [USTECm] New M5 bar closed: 1778632500
2026-05-13 07:40:00 | INFO     | 🕯️ [XAUUSDm] New M5 bar closed: 1778632500
2026-05-13 07:40:00 | INFO     | 🕯️ [EURUSDm] New M5 bar closed: 1778632500
2026-05-13 07:40:00 | INFO     | 🕯️ [USDJPYm] New M5 bar closed: 1778632500
2026-05-13 07:40:01 | INFO     | 🕯️ [BTCUSDm] New M5 bar closed: 1778632500
2026-05-13 07:42:33 | INFO     | 
══════════════════════════════════════════════════════════════════════
  📊  STATUS V22  [07:42:33 BKK]
  Equity    : $     60.00  (+0.00%)
  DD Daily  : 0.00%   DD Total: 0.00%   Mode: NORMAL
  Session   : UNKNOWN          H4:NEUTRAL    H1:NEUTRAL   
  Global Pos: 0/4 | Floating Risk: 0.0%/12.0%
  Symbols   : XAUUSDm, EURUSDm, USDJPYm, USTECm, BTCUSDm
  Thresholds: NY=62 LDN=82 NY_EARLY=85 OOS=65
══════════════════════════════════════════════════════════════════════
2026-05-13 07:44:59 | INFO     | 🕯️ [EURUSDm] New M5 bar closed: 1778632800
2026-05-13 07:44:59 | INFO     | 🕯️ [USTECm] New M5 bar closed: 1778632800
2026-05-13 07:45:00 | INFO     | 🕯️ [XAUUSDm] New M5 bar closed: 1778632800
2026-05-13 07:45:00 | INFO     | 🕯️ [USDJPYm] New M5 bar closed: 1778632800
2026-05-13 07:45:09 | INFO     | 🕯️ [BTCUSDm] New M5 bar closed: 1778632800
2026-05-13 07:47:34 | INFO     | 
══════════════════════════════════════════════════════════════════════
  📊  STATUS V22  [07:47:34 BKK]
  Equity    : $     60.00  (+0.00%)
  DD Daily  : 0.00%   DD Total: 0.00%   Mode: NORMAL
  Session   : UNKNOWN          H4:NEUTRAL    H1:NEUTRAL   
  Global Pos: 0/4 | Floating Risk: 0.0%/12.0%
  Symbols   : XAUUSDm, EURUSDm, USDJPYm, USTECm, BTCUSDm
  Thresholds: NY=62 LDN=82 NY_EARLY=85 OOS=65
══════════════════════════════════════════════════════════════════════
2026-05-13 07:49:59 | INFO     | 🕯️ [USDJPYm] New M5 bar closed: 1778633100
2026-05-13 07:49:59 | INFO     | 🕯️ [USTECm] New M5 bar closed: 1778633100
2026-05-13 07:50:00 | INFO     | 🕯️ [XAUUSDm] New M5 bar closed: 1778633100
2026-05-13 07:50:00 | INFO     | 🕯️ [EURUSDm] New M5 bar closed: 1778633100
2026-05-13 07:50:03 | INFO     | 🕯️ [BTCUSDm] New M5 bar closed: 1778633100
2026-05-13 07:52:35 | INFO     | 
══════════════════════════════════════════════════════════════════════
  📊  STATUS V22  [07:52:35 BKK]
  Equity    : $     60.00  (+0.00%)
  DD Daily  : 0.00%   DD Total: 0.00%   Mode: NORMAL
  Session   : UNKNOWN          H4:NEUTRAL    H1:NEUTRAL   
  Global Pos: 0/4 | Floating Risk: 0.0%/12.0%
  Symbols   : XAUUSDm, EURUSDm, USDJPYm, USTECm, BTCUSDm
  Thresholds: NY=62 LDN=82 NY_EARLY=85 OOS=65
══════════════════════════════════════════════════════════════════════
2026-05-13 07:54:59 | INFO     | 🕯️ [USDJPYm] New M5 bar closed: 1778633400
2026-05-13 07:54:59 | INFO     | 🕯️ [USTECm] New M5 bar closed: 1778633400
2026-05-13 07:55:00 | INFO     | 🕯️ [XAUUSDm] New M5 bar closed: 1778633400
2026-05-13 07:55:00 | INFO     | 🕯️ [EURUSDm] New M5 bar closed: 1778633400
2026-05-13 07:55:01 | INFO     | 🕯️ [BTCUSDm] New M5 bar closed: 1778633400
2026-05-13 07:57:36 | INFO     | 
══════════════════════════════════════════════════════════════════════
  📊  STATUS V22  [07:57:36 BKK]
  Equity    : $     60.00  (+0.00%)
  DD Daily  : 0.00%   DD Total: 0.00%   Mode: NORMAL
  Session   : UNKNOWN          H4:NEUTRAL    H1:NEUTRAL   
  Global Pos: 0/4 | Floating Risk: 0.0%/12.0%
  Symbols   : XAUUSDm, EURUSDm, USDJPYm, USTECm, BTCUSDm
  Thresholds: NY=62 LDN=82 NY_EARLY=85 OOS=65
══════════════════════════════════════════════════════════════════════
2026-05-13 07:59:59 | INFO     | 🕯️ [USTECm] New M5 bar closed: 1778633700
2026-05-13 08:00:00 | INFO     | 🕯️ [XAUUSDm] New M5 bar closed: 1778633700
2026-05-13 08:00:00 | INFO     | 🕯️ [EURUSDm] New M5 bar closed: 1778633700
2026-05-13 08:00:00 | INFO     | 🕯️ [USDJPYm] New M5 bar closed: 1778633700
2026-05-13 08:00:02 | INFO     | 🕯️ [BTCUSDm] New M5 bar closed: 1778633700
2026-05-13 08:02:36 | INFO     | 
══════════════════════════════════════════════════════════════════════
  📊  STATUS V22  [08:02:36 BKK]
  Equity    : $     60.00  (+0.00%)
  DD Daily  : 0.00%   DD Total: 0.00%   Mode: NORMAL
  Session   : UNKNOWN          H4:NEUTRAL    H1:NEUTRAL   
  Global Pos: 0/4 | Floating Risk: 0.0%/12.0%
  Symbols   : XAUUSDm, EURUSDm, USDJPYm, USTECm, BTCUSDm
  Thresholds: NY=62 LDN=82 NY_EARLY=85 OOS=65
══════════════════════════════════════════════════════════════════════
2026-05-13 08:05:00 | INFO     | 🕯️ [XAUUSDm] New M5 bar closed: 1778634000
2026-05-13 08:05:00 | INFO     | 🕯️ [EURUSDm] New M5 bar closed: 1778634000
2026-05-13 08:05:00 | INFO     | 🕯️ [USTECm] New M5 bar closed: 1778634000
2026-05-13 08:05:01 | INFO     | 🕯️ [USDJPYm] New M5 bar closed: 1778634000
2026-05-13 08:05:01 | INFO     | 🕯️ [BTCUSDm] New M5 bar closed: 1778634000
2026-05-13 08:07:37 | INFO     | 
══════════════════════════════════════════════════════════════════════
  📊  STATUS V22  [08:07:37 BKK]
  Equity    : $     60.00  (+0.00%)
  DD Daily  : 0.00%   DD Total: 0.00%   Mode: NORMAL
  Session   : UNKNOWN          H4:NEUTRAL    H1:NEUTRAL   
  Global Pos: 0/4 | Floating Risk: 0.0%/12.0%
  Symbols   : XAUUSDm, EURUSDm, USDJPYm, USTECm, BTCUSDm
  Thresholds: NY=62 LDN=82 NY_EARLY=85 OOS=65
══════════════════════════════════════════════════════════════════════
2026-05-13 08:10:00 | INFO     | 🕯️ [XAUUSDm] New M5 bar closed: 1778634300
2026-05-13 08:10:00 | INFO     | 🕯️ [EURUSDm] New M5 bar closed: 1778634300
2026-05-13 08:10:00 | INFO     | 🕯️ [USTECm] New M5 bar closed: 1778634300
2026-05-13 08:10:00 | INFO     | 🕯️ [BTCUSDm] New M5 bar closed: 1778634300
2026-05-13 08:10:01 | INFO     | 🕯️ [USDJPYm] New M5 bar closed: 1778634300
2026-05-13 08:12:37 | INFO     | 
══════════════════════════════════════════════════════════════════════
  📊  STATUS V22  [08:12:37 BKK]
  Equity    : $     60.00  (+0.00%)
  DD Daily  : 0.00%   DD Total: 0.00%   Mode: NORMAL
  Session   : UNKNOWN          H4:NEUTRAL    H1:NEUTRAL   
  Global Pos: 0/4 | Floating Risk: 0.0%/12.0%
  Symbols   : XAUUSDm, EURUSDm, USDJPYm, USTECm, BTCUSDm
  Thresholds: NY=62 LDN=82 NY_EARLY=85 OOS=65
══════════════════════════════════════════════════════════════════════
2026-05-13 08:15:00 | INFO     | 🕯️ [XAUUSDm] New M5 bar closed: 1778634600
2026-05-13 08:15:00 | INFO     | 🕯️ [EURUSDm] New M5 bar closed: 1778634600
2026-05-13 08:15:00 | INFO     | 🕯️ [USDJPYm] New M5 bar closed: 1778634600
2026-05-13 08:15:00 | INFO     | 🕯️ [USTECm] New M5 bar closed: 1778634600
2026-05-13 08:15:01 | INFO     | 🕯️ [BTCUSDm] New M5 bar closed: 1778634600
2026-05-13 08:17:37 | INFO     | 
══════════════════════════════════════════════════════════════════════
  📊  STATUS V22  [08:17:37 BKK]
  Equity    : $     60.00  (+0.00%)
  DD Daily  : 0.00%   DD Total: 0.00%   Mode: NORMAL
  Session   : UNKNOWN          H4:NEUTRAL    H1:NEUTRAL   
  Global Pos: 0/4 | Floating Risk: 0.0%/12.0%
  Symbols   : XAUUSDm, EURUSDm, USDJPYm, USTECm, BTCUSDm
  Thresholds: NY=62 LDN=82 NY_EARLY=85 OOS=65
══════════════════════════════════════════════════════════════════════
2026-05-13 08:20:00 | INFO     | 🕯️ [XAUUSDm] New M5 bar closed: 1778634900
2026-05-13 08:20:00 | INFO     | 🕯️ [EURUSDm] New M5 bar closed: 1778634900
2026-05-13 08:20:00 | INFO     | 🕯️ [USDJPYm] New M5 bar closed: 1778634900
2026-05-13 08:20:00 | INFO     | 🕯️ [USTECm] New M5 bar closed: 1778634900
2026-05-13 08:20:02 | INFO     | 🕯️ [BTCUSDm] New M5 bar closed: 1778634900
2026-05-13 08:22:38 | INFO     | 
══════════════════════════════════════════════════════════════════════
  📊  STATUS V22  [08:22:38 BKK]
  Equity    : $     60.00  (+0.00%)
  DD Daily  : 0.00%   DD Total: 0.00%   Mode: NORMAL
  Session   : UNKNOWN          H4:NEUTRAL    H1:NEUTRAL   
  Global Pos: 0/4 | Floating Risk: 0.0%/12.0%
  Symbols   : XAUUSDm, EURUSDm, USDJPYm, USTECm, BTCUSDm
  Thresholds: NY=62 LDN=82 NY_EARLY=85 OOS=65
══════════════════════════════════════════════════════════════════════
2026-05-13 08:24:59 | INFO     | 🕯️ [BTCUSDm] New M5 bar closed: 1778635200
2026-05-13 08:25:00 | INFO     | 🕯️ [XAUUSDm] New M5 bar closed: 1778635200
2026-05-13 08:25:00 | INFO     | 🕯️ [EURUSDm] New M5 bar closed: 1778635200
2026-05-13 08:25:00 | INFO     | 🕯️ [USDJPYm] New M5 bar closed: 1778635200
2026-05-13 08:25:00 | INFO     | 🕯️ [USTECm] New M5 bar closed: 1778635200
2026-05-13 08:27:39 | INFO     | 
══════════════════════════════════════════════════════════════════════
  📊  STATUS V22  [08:27:39 BKK]
  Equity    : $     60.00  (+0.00%)
  DD Daily  : 0.00%   DD Total: 0.00%   Mode: NORMAL
  Session   : UNKNOWN          H4:NEUTRAL    H1:NEUTRAL   
  Global Pos: 0/4 | Floating Risk: 0.0%/12.0%
  Symbols   : XAUUSDm, EURUSDm, USDJPYm, USTECm, BTCUSDm
  Thresholds: NY=62 LDN=82 NY_EARLY=85 OOS=65
══════════════════════════════════════════════════════════════════════
2026-05-13 08:30:00 | INFO     | 🕯️ [XAUUSDm] New M5 bar closed: 1778635500
2026-05-13 08:30:00 | INFO     | 🕯️ [EURUSDm] New M5 bar closed: 1778635500
2026-05-13 08:30:00 | INFO     | 🕯️ [USDJPYm] New M5 bar closed: 1778635500
2026-05-13 08:30:00 | INFO     | 🕯️ [USTECm] New M5 bar closed: 1778635500
2026-05-13 08:30:00 | INFO     | 🕯️ [BTCUSDm] New M5 bar closed: 1778635500
2026-05-13 08:32:40 | INFO     | 
══════════════════════════════════════════════════════════════════════
  📊  STATUS V22  [08:32:40 BKK]
  Equity    : $     60.00  (+0.00%)
  DD Daily  : 0.00%   DD Total: 0.00%   Mode: NORMAL
  Session   : UNKNOWN          H4:NEUTRAL    H1:NEUTRAL   
  Global Pos: 0/4 | Floating Risk: 0.0%/12.0%
  Symbols   : XAUUSDm, EURUSDm, USDJPYm, USTECm, BTCUSDm
  Thresholds: NY=62 LDN=82 NY_EARLY=85 OOS=65
══════════════════════════════════════════════════════════════════════
2026-05-13 08:35:00 | INFO     | 🕯️ [XAUUSDm] New M5 bar closed: 1778635800
2026-05-13 08:35:00 | INFO     | 🕯️ [EURUSDm] New M5 bar closed: 1778635800
2026-05-13 08:35:00 | INFO     | 🕯️ [USDJPYm] New M5 bar closed: 1778635800
2026-05-13 08:35:00 | INFO     | 🕯️ [USTECm] New M5 bar closed: 1778635800
2026-05-13 08:35:01 | INFO     | 🕯️ [BTCUSDm] New M5 bar closed: 1778635800
2026-05-13 08:37:41 | INFO     | 
══════════════════════════════════════════════════════════════════════
  📊  STATUS V22  [08:37:41 BKK]
  Equity    : $     60.00  (+0.00%)
  DD Daily  : 0.00%   DD Total: 0.00%   Mode: NORMAL
  Session   : UNKNOWN          H4:NEUTRAL    H1:NEUTRAL   
  Global Pos: 0/4 | Floating Risk: 0.0%/12.0%
  Symbols   : XAUUSDm, EURUSDm, USDJPYm, USTECm, BTCUSDm
  Thresholds: NY=62 LDN=82 NY_EARLY=85 OOS=65
══════════════════════════════════════════════════════════════════════
2026-05-13 08:40:00 | INFO     | 🕯️ [XAUUSDm] New M5 bar closed: 1778636100
2026-05-13 08:40:00 | INFO     | 🕯️ [USDJPYm] New M5 bar closed: 1778636100
2026-05-13 08:40:00 | INFO     | 🕯️ [USTECm] New M5 bar closed: 1778636100
2026-05-13 08:40:01 | INFO     | 🕯️ [EURUSDm] New M5 bar closed: 1778636100
2026-05-13 08:40:01 | INFO     | 🕯️ [BTCUSDm] New M5 bar closed: 1778636100
2026-05-13 08:42:42 | INFO     | 
══════════════════════════════════════════════════════════════════════
  📊  STATUS V22  [08:42:42 BKK]
  Equity    : $     60.00  (+0.00%)
  DD Daily  : 0.00%   DD Total: 0.00%   Mode: NORMAL
  Session   : UNKNOWN          H4:NEUTRAL    H1:NEUTRAL   
  Global Pos: 0/4 | Floating Risk: 0.0%/12.0%
  Symbols   : XAUUSDm, EURUSDm, USDJPYm, USTECm, BTCUSDm
  Thresholds: NY=62 LDN=82 NY_EARLY=85 OOS=65
══════════════════════════════════════════════════════════════════════
2026-05-13 08:45:00 | INFO     | 🕯️ [EURUSDm] New M5 bar closed: 1778636400
2026-05-13 08:45:00 | INFO     | 🕯️ [USTECm] New M5 bar closed: 1778636400
2026-05-13 08:45:00 | INFO     | 🕯️ [BTCUSDm] New M5 bar closed: 1778636400
2026-05-13 08:45:01 | INFO     | 🕯️ [XAUUSDm] New M5 bar closed: 1778636400
2026-05-13 08:45:01 | INFO     | 🕯️ [USDJPYm] New M5 bar closed: 1778636400
2026-05-13 08:47:43 | INFO     | 
══════════════════════════════════════════════════════════════════════
  📊  STATUS V22  [08:47:43 BKK]
  Equity    : $     60.00  (+0.00%)
  DD Daily  : 0.00%   DD Total: 0.00%   Mode: NORMAL
  Session   : UNKNOWN          H4:NEUTRAL    H1:NEUTRAL   
  Global Pos: 0/4 | Floating Risk: 0.0%/12.0%
  Symbols   : XAUUSDm, EURUSDm, USDJPYm, USTECm, BTCUSDm
  Thresholds: NY=62 LDN=82 NY_EARLY=85 OOS=65
══════════════════════════════════════════════════════════════════════
2026-05-13 08:50:00 | INFO     | 🕯️ [EURUSDm] New M5 bar closed: 1778636700
2026-05-13 08:50:00 | INFO     | 🕯️ [USDJPYm] New M5 bar closed: 1778636700
2026-05-13 08:50:00 | INFO     | 🕯️ [USTECm] New M5 bar closed: 1778636700
2026-05-13 08:50:00 | INFO     | 🕯️ [XAUUSDm] New M5 bar closed: 1778636700
2026-05-13 08:50:02 | INFO     | 🕯️ [BTCUSDm] New M5 bar closed: 1778636700
2026-05-13 08:52:44 | INFO     | 
══════════════════════════════════════════════════════════════════════
  📊  STATUS V22  [08:52:44 BKK]
  Equity    : $     60.00  (+0.00%)
  DD Daily  : 0.00%   DD Total: 0.00%   Mode: NORMAL
  Session   : UNKNOWN          H4:NEUTRAL    H1:NEUTRAL   
  Global Pos: 0/4 | Floating Risk: 0.0%/12.0%
  Symbols   : XAUUSDm, EURUSDm, USDJPYm, USTECm, BTCUSDm
  Thresholds: NY=62 LDN=82 NY_EARLY=85 OOS=65
══════════════════════════════════════════════════════════════════════
2026-05-13 08:54:59 | INFO     | 🕯️ [XAUUSDm] New M5 bar closed: 1778637000
2026-05-13 08:54:59 | INFO     | 🕯️ [EURUSDm] New M5 bar closed: 1778637000
2026-05-13 08:55:00 | INFO     | 🕯️ [USDJPYm] New M5 bar closed: 1778637000
2026-05-13 08:55:00 | INFO     | 🕯️ [USTECm] New M5 bar closed: 1778637000
2026-05-13 08:55:00 | INFO     | 🕯️ [BTCUSDm] New M5 bar closed: 1778637000
2026-05-13 08:57:45 | INFO     | 
══════════════════════════════════════════════════════════════════════
  📊  STATUS V22  [08:57:45 BKK]
  Equity    : $     60.00  (+0.00%)
  DD Daily  : 0.00%   DD Total: 0.00%   Mode: NORMAL
  Session   : UNKNOWN          H4:NEUTRAL    H1:NEUTRAL   
  Global Pos: 0/4 | Floating Risk: 0.0%/12.0%
  Symbols   : XAUUSDm, EURUSDm, USDJPYm, USTECm, BTCUSDm
  Thresholds: NY=62 LDN=82 NY_EARLY=85 OOS=65
══════════════════════════════════════════════════════════════════════
2026-05-13 08:59:59 | INFO     | 🕯️ [EURUSDm] New M5 bar closed: 1778637300
2026-05-13 09:00:00 | INFO     | 🕯️ [USDJPYm] New M5 bar closed: 1778637300
2026-05-13 09:00:00 | INFO     | 🕯️ [USTECm] New M5 bar closed: 1778637300
2026-05-13 09:00:00 | INFO     | 🕯️ [XAUUSDm] New M5 bar closed: 1778637300
2026-05-13 09:00:01 | INFO     | 🕯️ [BTCUSDm] New M5 bar closed: 1778637300
2026-05-13 09:02:46 | INFO     | 
══════════════════════════════════════════════════════════════════════
  📊  STATUS V22  [09:02:46 BKK]
  Equity    : $     60.00  (+0.00%)
  DD Daily  : 0.00%   DD Total: 0.00%   Mode: NORMAL
  Session   : UNKNOWN          H4:NEUTRAL    H1:NEUTRAL   
  Global Pos: 0/4 | Floating Risk: 0.0%/12.0%
  Symbols   : XAUUSDm, EURUSDm, USDJPYm, USTECm, BTCUSDm
  Thresholds: NY=62 LDN=82 NY_EARLY=85 OOS=65
══════════════════════════════════════════════════════════════════════
2026-05-13 09:04:59 | INFO     | 🕯️ [XAUUSDm] New M5 bar closed: 1778637600
2026-05-13 09:04:59 | INFO     | 🕯️ [EURUSDm] New M5 bar closed: 1778637600
2026-05-13 09:05:00 | INFO     | 🕯️ [USTECm] New M5 bar closed: 1778637600
2026-05-13 09:05:01 | INFO     | 🕯️ [BTCUSDm] New M5 bar closed: 1778637600
2026-05-13 09:05:02 | INFO     | 🕯️ [USDJPYm] New M5 bar closed: 1778637600
2026-05-13 09:07:46 | INFO     | 
══════════════════════════════════════════════════════════════════════
  📊  STATUS V22  [09:07:46 BKK]
  Equity    : $     60.00  (+0.00%)
  DD Daily  : 0.00%   DD Total: 0.00%   Mode: NORMAL
  Session   : UNKNOWN          H4:NEUTRAL    H1:NEUTRAL   
  Global Pos: 0/4 | Floating Risk: 0.0%/12.0%
  Symbols   : XAUUSDm, EURUSDm, USDJPYm, USTECm, BTCUSDm
  Thresholds: NY=62 LDN=82 NY_EARLY=85 OOS=65
══════════════════════════════════════════════════════════════════════
2026-05-13 09:10:00 | INFO     | 🕯️ [USDJPYm] New M5 bar closed: 1778637900
2026-05-13 09:10:00 | INFO     | 🕯️ [USTECm] New M5 bar closed: 1778637900
2026-05-13 09:10:00 | INFO     | 🕯️ [BTCUSDm] New M5 bar closed: 1778637900
2026-05-13 09:10:00 | INFO     | 🕯️ [XAUUSDm] New M5 bar closed: 1778637900
2026-05-13 09:10:02 | INFO     | 🕯️ [EURUSDm] New M5 bar closed: 1778637900
2026-05-13 09:12:46 | INFO     | 
══════════════════════════════════════════════════════════════════════
  📊  STATUS V22  [09:12:46 BKK]
  Equity    : $     60.00  (+0.00%)
  DD Daily  : 0.00%   DD Total: 0.00%   Mode: NORMAL
  Session   : UNKNOWN          H4:NEUTRAL    H1:NEUTRAL   
  Global Pos: 0/4 | Floating Risk: 0.0%/12.0%
  Symbols   : XAUUSDm, EURUSDm, USDJPYm, USTECm, BTCUSDm
  Thresholds: NY=62 LDN=82 NY_EARLY=85 OOS=65
══════════════════════════════════════════════════════════════════════
2026-05-13 09:14:59 | INFO     | 🕯️ [XAUUSDm] New M5 bar closed: 1778638200
2026-05-13 09:15:00 | INFO     | 🕯️ [USDJPYm] New M5 bar closed: 1778638200
2026-05-13 09:15:00 | INFO     | 🕯️ [USTECm] New M5 bar closed: 1778638200
2026-05-13 09:15:00 | INFO     | 🕯️ [BTCUSDm] New M5 bar closed: 1778638200
2026-05-13 09:15:01 | INFO     | 🕯️ [EURUSDm] New M5 bar closed: 1778638200
2026-05-13 09:17:47 | INFO     | 
══════════════════════════════════════════════════════════════════════
  📊  STATUS V22  [09:17:47 BKK]
  Equity    : $     60.00  (+0.00%)
  DD Daily  : 0.00%   DD Total: 0.00%   Mode: NORMAL
  Session   : UNKNOWN          H4:NEUTRAL    H1:NEUTRAL   
  Global Pos: 0/4 | Floating Risk: 0.0%/12.0%
  Symbols   : XAUUSDm, EURUSDm, USDJPYm, USTECm, BTCUSDm
  Thresholds: NY=62 LDN=82 NY_EARLY=85 OOS=65
══════════════════════════════════════════════════════════════════════
2026-05-13 09:20:00 | INFO     | 🕯️ [USTECm] New M5 bar closed: 1778638500
2026-05-13 09:20:00 | INFO     | 🕯️ [XAUUSDm] New M5 bar closed: 1778638500
2026-05-13 09:20:00 | INFO     | 🕯️ [EURUSDm] New M5 bar closed: 1778638500
2026-05-13 09:20:02 | INFO     | 🕯️ [USDJPYm] New M5 bar closed: 1778638500
2026-05-13 09:20:07 | INFO     | 🕯️ [BTCUSDm] New M5 bar closed: 1778638500
2026-05-13 09:22:47 | INFO     | 
══════════════════════════════════════════════════════════════════════
  📊  STATUS V22  [09:22:47 BKK]
  Equity    : $     60.00  (+0.00%)
  DD Daily  : 0.00%   DD Total: 0.00%   Mode: NORMAL
  Session   : UNKNOWN          H4:NEUTRAL    H1:NEUTRAL   
  Global Pos: 0/4 | Floating Risk: 0.0%/12.0%
  Symbols   : XAUUSDm, EURUSDm, USDJPYm, USTECm, BTCUSDm
  Thresholds: NY=62 LDN=82 NY_EARLY=85 OOS=65
══════════════════════════════════════════════════════════════════════
2026-05-13 09:24:59 | INFO     | 🕯️ [XAUUSDm] New M5 bar closed: 1778638800
2026-05-13 09:24:59 | INFO     | 🕯️ [EURUSDm] New M5 bar closed: 1778638800
2026-05-13 09:25:00 | INFO     | 🕯️ [USTECm] New M5 bar closed: 1778638800
2026-05-13 09:25:01 | INFO     | 🕯️ [USDJPYm] New M5 bar closed: 1778638800
2026-05-13 09:25:03 | INFO     | 🕯️ [BTCUSDm] New M5 bar closed: 1778638800
2026-05-13 09:27:48 | INFO     | 
══════════════════════════════════════════════════════════════════════
  📊  STATUS V22  [09:27:48 BKK]
  Equity    : $     60.00  (+0.00%)
  DD Daily  : 0.00%   DD Total: 0.00%   Mode: NORMAL
  Session   : UNKNOWN          H4:NEUTRAL    H1:NEUTRAL   
  Global Pos: 0/4 | Floating Risk: 0.0%/12.0%
  Symbols   : XAUUSDm, EURUSDm, USDJPYm, USTECm, BTCUSDm
  Thresholds: NY=62 LDN=82 NY_EARLY=85 OOS=65
══════════════════════════════════════════════════════════════════════
2026-05-13 09:29:59 | INFO     | 🕯️ [XAUUSDm] New M5 bar closed: 1778639100
2026-05-13 09:29:59 | INFO     | 🕯️ [USDJPYm] New M5 bar closed: 1778639100
2026-05-13 09:30:00 | INFO     | 🕯️ [EURUSDm] New M5 bar closed: 1778639100
2026-05-13 09:30:01 | INFO     | 🕯️ [USTECm] New M5 bar closed: 1778639100
2026-05-13 09:30:01 | INFO     | 🕯️ [BTCUSDm] New M5 bar closed: 1778639100
2026-05-13 09:32:49 | INFO     | 
══════════════════════════════════════════════════════════════════════
  📊  STATUS V22  [09:32:49 BKK]
  Equity    : $     60.00  (+0.00%)
  DD Daily  : 0.00%   DD Total: 0.00%   Mode: NORMAL
  Session   : UNKNOWN          H4:NEUTRAL    H1:NEUTRAL   
  Global Pos: 0/4 | Floating Risk: 0.0%/12.0%
  Symbols   : XAUUSDm, EURUSDm, USDJPYm, USTECm, BTCUSDm
  Thresholds: NY=62 LDN=82 NY_EARLY=85 OOS=65
══════════════════════════════════════════════════════════════════════
2026-05-13 09:35:00 | INFO     | 🕯️ [BTCUSDm] New M5 bar closed: 1778639400
2026-05-13 09:35:00 | INFO     | 🕯️ [XAUUSDm] New M5 bar closed: 1778639400
2026-05-13 09:35:00 | INFO     | 🕯️ [USDJPYm] New M5 bar closed: 1778639400
2026-05-13 09:35:01 | INFO     | 🕯️ [USTECm] New M5 bar closed: 1778639400
2026-05-13 09:35:01 | INFO     | 🕯️ [EURUSDm] New M5 bar closed: 1778639400
2026-05-13 09:37:50 | INFO     | 
══════════════════════════════════════════════════════════════════════
  📊  STATUS V22  [09:37:50 BKK]
  Equity    : $     60.00  (+0.00%)
  DD Daily  : 0.00%   DD Total: 0.00%   Mode: NORMAL
  Session   : UNKNOWN          H4:NEUTRAL    H1:NEUTRAL   
  Global Pos: 0/4 | Floating Risk: 0.0%/12.0%
  Symbols   : XAUUSDm, EURUSDm, USDJPYm, USTECm, BTCUSDm
  Thresholds: NY=62 LDN=82 NY_EARLY=85 OOS=65
══════════════════════════════════════════════════════════════════════
2026-05-13 09:39:59 | INFO     | 🕯️ [XAUUSDm] New M5 bar closed: 1778639700
2026-05-13 09:39:59 | INFO     | 🕯️ [USTECm] New M5 bar closed: 1778639700
2026-05-13 09:40:00 | INFO     | 🕯️ [EURUSDm] New M5 bar closed: 1778639700
2026-05-13 09:40:00 | INFO     | 🕯️ [USDJPYm] New M5 bar closed: 1778639700
2026-05-13 09:40:01 | INFO     | 🕯️ [BTCUSDm] New M5 bar closed: 1778639700
2026-05-13 09:42:51 | INFO     | 
══════════════════════════════════════════════════════════════════════
  📊  STATUS V22  [09:42:51 BKK]
  Equity    : $     60.00  (+0.00%)
  DD Daily  : 0.00%   DD Total: 0.00%   Mode: NORMAL
  Session   : UNKNOWN          H4:NEUTRAL    H1:NEUTRAL   
  Global Pos: 0/4 | Floating Risk: 0.0%/12.0%
  Symbols   : XAUUSDm, EURUSDm, USDJPYm, USTECm, BTCUSDm
  Thresholds: NY=62 LDN=82 NY_EARLY=85 OOS=65
══════════════════════════════════════════════════════════════════════
2026-05-13 09:44:59 | INFO     | 🕯️ [XAUUSDm] New M5 bar closed: 1778640000
2026-05-13 09:44:59 | INFO     | 🕯️ [USTECm] New M5 bar closed: 1778640000
2026-05-13 09:45:00 | INFO     | 🕯️ [EURUSDm] New M5 bar closed: 1778640000
2026-05-13 09:45:00 | INFO     | 🕯️ [USDJPYm] New M5 bar closed: 1778640000
2026-05-13 09:45:02 | INFO     | 🕯️ [BTCUSDm] New M5 bar closed: 1778640000
2026-05-13 09:47:51 | INFO     | 
══════════════════════════════════════════════════════════════════════
  📊  STATUS V22  [09:47:51 BKK]
  Equity    : $     60.00  (+0.00%)
  DD Daily  : 0.00%   DD Total: 0.00%   Mode: NORMAL
  Session   : UNKNOWN          H4:NEUTRAL    H1:NEUTRAL   
  Global Pos: 0/4 | Floating Risk: 0.0%/12.0%
  Symbols   : XAUUSDm, EURUSDm, USDJPYm, USTECm, BTCUSDm
  Thresholds: NY=62 LDN=82 NY_EARLY=85 OOS=65
══════════════════════════════════════════════════════════════════════
2026-05-13 09:50:00 | INFO     | 🕯️ [XAUUSDm] New M5 bar closed: 1778640300
2026-05-13 09:50:00 | INFO     | 🕯️ [EURUSDm] New M5 bar closed: 1778640300
2026-05-13 09:50:00 | INFO     | 🕯️ [USDJPYm] New M5 bar closed: 1778640300
2026-05-13 09:50:00 | INFO     | 🕯️ [USTECm] New M5 bar closed: 1778640300
2026-05-13 09:50:01 | INFO     | 🕯️ [BTCUSDm] New M5 bar closed: 1778640300
2026-05-13 09:52:52 | INFO     | 
══════════════════════════════════════════════════════════════════════
  📊  STATUS V22  [09:52:52 BKK]
  Equity    : $     60.00  (+0.00%)
  DD Daily  : 0.00%   DD Total: 0.00%   Mode: NORMAL
  Session   : UNKNOWN          H4:NEUTRAL    H1:NEUTRAL   
  Global Pos: 0/4 | Floating Risk: 0.0%/12.0%
  Symbols   : XAUUSDm, EURUSDm, USDJPYm, USTECm, BTCUSDm
  Thresholds: NY=62 LDN=82 NY_EARLY=85 OOS=65
══════════════════════════════════════════════════════════════════════
2026-05-13 09:54:59 | INFO     | 🕯️ [XAUUSDm] New M5 bar closed: 1778640600
2026-05-13 09:55:00 | INFO     | 🕯️ [EURUSDm] New M5 bar closed: 1778640600
2026-05-13 09:55:00 | INFO     | 🕯️ [USDJPYm] New M5 bar closed: 1778640600
2026-05-13 09:55:00 | INFO     | 🕯️ [USTECm] New M5 bar closed: 1778640600
2026-05-13 09:55:02 | INFO     | 🕯️ [BTCUSDm] New M5 bar closed: 1778640600
2026-05-13 09:57:53 | INFO     | 
══════════════════════════════════════════════════════════════════════
  📊  STATUS V22  [09:57:53 BKK]
  Equity    : $     60.00  (+0.00%)
  DD Daily  : 0.00%   DD Total: 0.00%   Mode: NORMAL
  Session   : UNKNOWN          H4:NEUTRAL    H1:NEUTRAL   
  Global Pos: 0/4 | Floating Risk: 0.0%/12.0%
  Symbols   : XAUUSDm, EURUSDm, USDJPYm, USTECm, BTCUSDm
  Thresholds: NY=62 LDN=82 NY_EARLY=85 OOS=65
══════════════════════════════════════════════════════════════════════
2026-05-13 09:59:59 | INFO     | 🕯️ [USTECm] New M5 bar closed: 1778640900
2026-05-13 10:00:00 | INFO     | 🕯️ [XAUUSDm] New M5 bar closed: 1778640900
2026-05-13 10:00:00 | INFO     | 🕯️ [USDJPYm] New M5 bar closed: 1778640900
2026-05-13 10:00:00 | INFO     | 🕯️ [BTCUSDm] New M5 bar closed: 1778640900
2026-05-13 10:00:01 | INFO     | 🕯️ [EURUSDm] New M5 bar closed: 1778640900
2026-05-13 10:02:54 | INFO     | 
══════════════════════════════════════════════════════════════════════
  📊  STATUS V22  [10:02:54 BKK]
  Equity    : $     60.00  (+0.00%)
  DD Daily  : 0.00%   DD Total: 0.00%   Mode: NORMAL
  Session   : UNKNOWN          H4:NEUTRAL    H1:NEUTRAL   
  Global Pos: 0/4 | Floating Risk: 0.0%/12.0%
  Symbols   : XAUUSDm, EURUSDm, USDJPYm, USTECm, BTCUSDm
  Thresholds: NY=62 LDN=82 NY_EARLY=85 OOS=65
══════════════════════════════════════════════════════════════════════
2026-05-13 10:04:59 | INFO     | 🕯️ [USDJPYm] New M5 bar closed: 1778641200
2026-05-13 10:04:59 | INFO     | 🕯️ [USTECm] New M5 bar closed: 1778641200
2026-05-13 10:05:00 | INFO     | 🕯️ [XAUUSDm] New M5 bar closed: 1778641200
2026-05-13 10:05:00 | INFO     | 🕯️ [EURUSDm] New M5 bar closed: 1778641200
2026-05-13 10:05:01 | INFO     | 🕯️ [BTCUSDm] New M5 bar closed: 1778641200
2026-05-13 10:07:55 | INFO     | 
══════════════════════════════════════════════════════════════════════
  📊  STATUS V22  [10:07:55 BKK]
  Equity    : $     60.00  (+0.00%)
  DD Daily  : 0.00%   DD Total: 0.00%   Mode: NORMAL
  Session   : UNKNOWN          H4:NEUTRAL    H1:NEUTRAL   
  Global Pos: 0/4 | Floating Risk: 0.0%/12.0%
  Symbols   : XAUUSDm, EURUSDm, USDJPYm, USTECm, BTCUSDm
  Thresholds: NY=62 LDN=82 NY_EARLY=85 OOS=65
══════════════════════════════════════════════════════════════════════
2026-05-13 10:10:00 | INFO     | 🕯️ [XAUUSDm] New M5 bar closed: 1778641500
2026-05-13 10:10:00 | INFO     | 🕯️ [EURUSDm] New M5 bar closed: 1778641500
2026-05-13 10:10:00 | INFO     | 🕯️ [USTECm] New M5 bar closed: 1778641500
2026-05-13 10:10:01 | INFO     | 🕯️ [USDJPYm] New M5 bar closed: 1778641500
2026-05-13 10:10:01 | INFO     | 🕯️ [BTCUSDm] New M5 bar closed: 1778641500
2026-05-13 10:12:56 | INFO     | 
══════════════════════════════════════════════════════════════════════
  📊  STATUS V22  [10:12:56 BKK]
  Equity    : $     60.00  (+0.00%)
  DD Daily  : 0.00%   DD Total: 0.00%   Mode: NORMAL
  Session   : UNKNOWN          H4:NEUTRAL    H1:NEUTRAL   
  Global Pos: 0/4 | Floating Risk: 0.0%/12.0%
  Symbols   : XAUUSDm, EURUSDm, USDJPYm, USTECm, BTCUSDm
  Thresholds: NY=62 LDN=82 NY_EARLY=85 OOS=65
══════════════════════════════════════════════════════════════════════
2026-05-13 10:14:59 | INFO     | 🕯️ [USTECm] New M5 bar closed: 1778641800
2026-05-13 10:15:00 | INFO     | 🕯️ [XAUUSDm] New M5 bar closed: 1778641800
2026-05-13 10:15:00 | INFO     | 🕯️ [EURUSDm] New M5 bar closed: 1778641800
2026-05-13 10:15:01 | INFO     | 🕯️ [USDJPYm] New M5 bar closed: 1778641800
2026-05-13 10:15:01 | INFO     | 🕯️ [BTCUSDm] New M5 bar closed: 1778641800
2026-05-13 10:17:57 | INFO     | 
══════════════════════════════════════════════════════════════════════
  📊  STATUS V22  [10:17:57 BKK]
  Equity    : $     60.00  (+0.00%)
  DD Daily  : 0.00%   DD Total: 0.00%   Mode: NORMAL
  Session   : UNKNOWN          H4:NEUTRAL    H1:NEUTRAL   
  Global Pos: 0/4 | Floating Risk: 0.0%/12.0%
  Symbols   : XAUUSDm, EURUSDm, USDJPYm, USTECm, BTCUSDm
  Thresholds: NY=62 LDN=82 NY_EARLY=85 OOS=65
══════════════════════════════════════════════════════════════════════
2026-05-13 10:20:00 | INFO     | 🕯️ [XAUUSDm] New M5 bar closed: 1778642100
2026-05-13 10:20:00 | INFO     | 🕯️ [EURUSDm] New M5 bar closed: 1778642100
2026-05-13 10:20:00 | INFO     | 🕯️ [USDJPYm] New M5 bar closed: 1778642100
2026-05-13 10:20:00 | INFO     | 🕯️ [USTECm] New M5 bar closed: 1778642100
2026-05-13 10:20:01 | INFO     | 🕯️ [BTCUSDm] New M5 bar closed: 1778642100
2026-05-13 10:22:58 | INFO     | 
══════════════════════════════════════════════════════════════════════
  📊  STATUS V22  [10:22:58 BKK]
  Equity    : $     60.00  (+0.00%)
  DD Daily  : 0.00%   DD Total: 0.00%   Mode: NORMAL
  Session   : UNKNOWN          H4:NEUTRAL    H1:NEUTRAL   
  Global Pos: 0/4 | Floating Risk: 0.0%/12.0%
  Symbols   : XAUUSDm, EURUSDm, USDJPYm, USTECm, BTCUSDm
  Thresholds: NY=62 LDN=82 NY_EARLY=85 OOS=65
══════════════════════════════════════════════════════════════════════
2026-05-13 10:25:00 | INFO     | 🕯️ [XAUUSDm] New M5 bar closed: 1778642400
2026-05-13 10:25:00 | INFO     | 🕯️ [EURUSDm] New M5 bar closed: 1778642400
2026-05-13 10:25:00 | INFO     | 🕯️ [USDJPYm] New M5 bar closed: 1778642400
2026-05-13 10:25:00 | INFO     | 🕯️ [USTECm] New M5 bar closed: 1778642400
2026-05-13 10:25:01 | INFO     | 🕯️ [BTCUSDm] New M5 bar closed: 1778642400
2026-05-13 10:27:59 | INFO     | 
══════════════════════════════════════════════════════════════════════
  📊  STATUS V22  [10:27:59 BKK]
  Equity    : $     60.00  (+0.00%)
  DD Daily  : 0.00%   DD Total: 0.00%   Mode: NORMAL
  Session   : UNKNOWN          H4:NEUTRAL    H1:NEUTRAL   
  Global Pos: 0/4 | Floating Risk: 0.0%/12.0%
  Symbols   : XAUUSDm, EURUSDm, USDJPYm, USTECm, BTCUSDm
  Thresholds: NY=62 LDN=82 NY_EARLY=85 OOS=65
══════════════════════════════════════════════════════════════════════
2026-05-13 10:29:59 | INFO     | 🕯️ [USTECm] New M5 bar closed: 1778642700
2026-05-13 10:30:00 | INFO     | 🕯️ [EURUSDm] New M5 bar closed: 1778642700
2026-05-13 10:30:00 | INFO     | 🕯️ [USDJPYm] New M5 bar closed: 1778642700
2026-05-13 10:30:00 | INFO     | 🕯️ [BTCUSDm] New M5 bar closed: 1778642700
2026-05-13 10:30:01 | INFO     | 🕯️ [XAUUSDm] New M5 bar closed: 1778642700
2026-05-13 10:33:00 | INFO     | 
══════════════════════════════════════════════════════════════════════
  📊  STATUS V22  [10:33:00 BKK]
  Equity    : $     60.00  (+0.00%)
  DD Daily  : 0.00%   DD Total: 0.00%   Mode: NORMAL
  Session   : UNKNOWN          H4:NEUTRAL    H1:NEUTRAL   
  Global Pos: 0/4 | Floating Risk: 0.0%/12.0%
  Symbols   : XAUUSDm, EURUSDm, USDJPYm, USTECm, BTCUSDm
  Thresholds: NY=62 LDN=82 NY_EARLY=85 OOS=65
══════════════════════════════════════════════════════════════════════
2026-05-13 10:35:00 | INFO     | 🕯️ [XAUUSDm] New M5 bar closed: 1778643000
2026-05-13 10:35:00 | INFO     | 🕯️ [EURUSDm] New M5 bar closed: 1778643000
2026-05-13 10:35:00 | INFO     | 🕯️ [USDJPYm] New M5 bar closed: 1778643000
2026-05-13 10:35:00 | INFO     | 🕯️ [USTECm] New M5 bar closed: 1778643000
2026-05-13 10:35:01 | INFO     | 🕯️ [BTCUSDm] New M5 bar closed: 1778643000
2026-05-13 10:38:00 | INFO     | 
══════════════════════════════════════════════════════════════════════
  📊  STATUS V22  [10:38:00 BKK]
  Equity    : $     60.00  (+0.00%)
  DD Daily  : 0.00%   DD Total: 0.00%   Mode: NORMAL
  Session   : UNKNOWN          H4:NEUTRAL    H1:NEUTRAL   
  Global Pos: 0/4 | Floating Risk: 0.0%/12.0%
  Symbols   : XAUUSDm, EURUSDm, USDJPYm, USTECm, BTCUSDm
  Thresholds: NY=62 LDN=82 NY_EARLY=85 OOS=65
══════════════════════════════════════════════════════════════════════
2026-05-13 10:40:00 | INFO     | 🕯️ [XAUUSDm] New M5 bar closed: 1778643300
2026-05-13 10:40:00 | INFO     | 🕯️ [USDJPYm] New M5 bar closed: 1778643300
2026-05-13 10:40:00 | INFO     | 🕯️ [USTECm] New M5 bar closed: 1778643300
2026-05-13 10:40:01 | INFO     | 🕯️ [EURUSDm] New M5 bar closed: 1778643300
2026-05-13 10:40:01 | INFO     | 🕯️ [BTCUSDm] New M5 bar closed: 1778643300
2026-05-13 10:43:00 | INFO     | 
══════════════════════════════════════════════════════════════════════
  📊  STATUS V22  [10:43:00 BKK]
  Equity    : $     60.00  (+0.00%)
  DD Daily  : 0.00%   DD Total: 0.00%   Mode: NORMAL
  Session   : UNKNOWN          H4:NEUTRAL    H1:NEUTRAL   
  Global Pos: 0/4 | Floating Risk: 0.0%/12.0%
  Symbols   : XAUUSDm, EURUSDm, USDJPYm, USTECm, BTCUSDm
  Thresholds: NY=62 LDN=82 NY_EARLY=85 OOS=65
══════════════════════════════════════════════════════════════════════
2026-05-13 10:45:00 | INFO     | 🕯️ [XAUUSDm] New M5 bar closed: 1778643600
2026-05-13 10:45:00 | INFO     | 🕯️ [EURUSDm] New M5 bar closed: 1778643600
2026-05-13 10:45:00 | INFO     | 🕯️ [USTECm] New M5 bar closed: 1778643600
2026-05-13 10:45:01 | INFO     | 🕯️ [USDJPYm] New M5 bar closed: 1778643600
2026-05-13 10:45:01 | INFO     | 🕯️ [BTCUSDm] New M5 bar closed: 1778643600
2026-05-13 10:48:01 | INFO     | 
══════════════════════════════════════════════════════════════════════
  📊  STATUS V22  [10:48:01 BKK]
  Equity    : $     60.00  (+0.00%)
  DD Daily  : 0.00%   DD Total: 0.00%   Mode: NORMAL
  Session   : UNKNOWN          H4:NEUTRAL    H1:NEUTRAL   
  Global Pos: 0/4 | Floating Risk: 0.0%/12.0%
  Symbols   : XAUUSDm, EURUSDm, USDJPYm, USTECm, BTCUSDm
  Thresholds: NY=62 LDN=82 NY_EARLY=85 OOS=65
══════════════════════════════════════════════════════════════════════
2026-05-13 10:49:59 | INFO     | 🕯️ [BTCUSDm] New M5 bar closed: 1778643900
2026-05-13 10:50:00 | INFO     | 🕯️ [XAUUSDm] New M5 bar closed: 1778643900
2026-05-13 10:50:00 | INFO     | 🕯️ [USDJPYm] New M5 bar closed: 1778643900
2026-05-13 10:50:00 | INFO     | 🕯️ [USTECm] New M5 bar closed: 1778643900
2026-05-13 10:50:01 | INFO     | 🕯️ [EURUSDm] New M5 bar closed: 1778643900
2026-05-13 10:53:02 | INFO     | 
══════════════════════════════════════════════════════════════════════
  📊  STATUS V22  [10:53:02 BKK]
  Equity    : $     60.00  (+0.00%)
  DD Daily  : 0.00%   DD Total: 0.00%   Mode: NORMAL
  Session   : UNKNOWN          H4:NEUTRAL    H1:NEUTRAL   
  Global Pos: 0/4 | Floating Risk: 0.0%/12.0%
  Symbols   : XAUUSDm, EURUSDm, USDJPYm, USTECm, BTCUSDm
  Thresholds: NY=62 LDN=82 NY_EARLY=85 OOS=65
══════════════════════════════════════════════════════════════════════
2026-05-13 10:55:00 | INFO     | 🕯️ [XAUUSDm] New M5 bar closed: 1778644200
2026-05-13 10:55:00 | INFO     | 🕯️ [EURUSDm] New M5 bar closed: 1778644200
2026-05-13 10:55:00 | INFO     | 🕯️ [USDJPYm] New M5 bar closed: 1778644200
2026-05-13 10:55:00 | INFO     | 🕯️ [USTECm] New M5 bar closed: 1778644200
2026-05-13 10:55:02 | INFO     | 🕯️ [BTCUSDm] New M5 bar closed: 1778644200
2026-05-13 10:58:03 | INFO     | 
══════════════════════════════════════════════════════════════════════
  📊  STATUS V22  [10:58:03 BKK]
  Equity    : $     60.00  (+0.00%)
  DD Daily  : 0.00%   DD Total: 0.00%   Mode: NORMAL
  Session   : UNKNOWN          H4:NEUTRAL    H1:NEUTRAL   
  Global Pos: 0/4 | Floating Risk: 0.0%/12.0%
  Symbols   : XAUUSDm, EURUSDm, USDJPYm, USTECm, BTCUSDm
  Thresholds: NY=62 LDN=82 NY_EARLY=85 OOS=65
══════════════════════════════════════════════════════════════════════
2026-05-13 11:00:00 | INFO     | 🕯️ [XAUUSDm] New M5 bar closed: 1778644500
2026-05-13 11:00:00 | INFO     | 🕯️ [EURUSDm] New M5 bar closed: 1778644500
2026-05-13 11:00:00 | INFO     | 🕯️ [USDJPYm] New M5 bar closed: 1778644500
2026-05-13 11:00:00 | INFO     | 🕯️ [USTECm] New M5 bar closed: 1778644500
2026-05-13 11:00:00 | INFO     | 🕯️ [BTCUSDm] New M5 bar closed: 1778644500
2026-05-13 11:03:04 | INFO     | 
══════════════════════════════════════════════════════════════════════
  📊  STATUS V22  [11:03:04 BKK]
  Equity    : $     60.00  (+0.00%)
  DD Daily  : 0.00%   DD Total: 0.00%   Mode: NORMAL
  Session   : UNKNOWN          H4:NEUTRAL    H1:NEUTRAL   
  Global Pos: 0/4 | Floating Risk: 0.0%/12.0%
  Symbols   : XAUUSDm, EURUSDm, USDJPYm, USTECm, BTCUSDm
  Thresholds: NY=62 LDN=82 NY_EARLY=85 OOS=65
══════════════════════════════════════════════════════════════════════
2026-05-13 11:05:00 | INFO     | 🕯️ [XAUUSDm] New M5 bar closed: 1778644800
2026-05-13 11:05:00 | INFO     | 🕯️ [USDJPYm] New M5 bar closed: 1778644800
2026-05-13 11:05:00 | INFO     | 🕯️ [USTECm] New M5 bar closed: 1778644800
2026-05-13 11:05:01 | INFO     | 🕯️ [BTCUSDm] New M5 bar closed: 1778644800
2026-05-13 11:05:03 | INFO     | 🕯️ [EURUSDm] New M5 bar closed: 1778644800
2026-05-13 11:08:05 | INFO     | 
══════════════════════════════════════════════════════════════════════
  📊  STATUS V22  [11:08:05 BKK]
  Equity    : $     60.00  (+0.00%)
  DD Daily  : 0.00%   DD Total: 0.00%   Mode: NORMAL
  Session   : UNKNOWN          H4:NEUTRAL    H1:NEUTRAL   
  Global Pos: 0/4 | Floating Risk: 0.0%/12.0%
  Symbols   : XAUUSDm, EURUSDm, USDJPYm, USTECm, BTCUSDm
  Thresholds: NY=62 LDN=82 NY_EARLY=85 OOS=65
══════════════════════════════════════════════════════════════════════
2026-05-13 11:10:00 | INFO     | 🕯️ [USDJPYm] New M5 bar closed: 1778645100
2026-05-13 11:10:00 | INFO     | 🕯️ [USTECm] New M5 bar closed: 1778645100
2026-05-13 11:10:00 | INFO     | 🕯️ [BTCUSDm] New M5 bar closed: 1778645100
2026-05-13 11:10:01 | INFO     | 🕯️ [XAUUSDm] New M5 bar closed: 1778645100
2026-05-13 11:10:01 | INFO     | 🕯️ [EURUSDm] New M5 bar closed: 1778645100
2026-05-13 11:13:06 | INFO     | 
══════════════════════════════════════════════════════════════════════
  📊  STATUS V22  [11:13:06 BKK]
  Equity    : $     60.00  (+0.00%)
  DD Daily  : 0.00%   DD Total: 0.00%   Mode: NORMAL
  Session   : UNKNOWN          H4:NEUTRAL    H1:NEUTRAL   
  Global Pos: 0/4 | Floating Risk: 0.0%/12.0%
  Symbols   : XAUUSDm, EURUSDm, USDJPYm, USTECm, BTCUSDm
  Thresholds: NY=62 LDN=82 NY_EARLY=85 OOS=65
══════════════════════════════════════════════════════════════════════
2026-05-13 11:14:59 | INFO     | 🕯️ [XAUUSDm] New M5 bar closed: 1778645400
2026-05-13 11:15:00 | INFO     | 🕯️ [EURUSDm] New M5 bar closed: 1778645400
2026-05-13 11:15:00 | INFO     | 🕯️ [USDJPYm] New M5 bar closed: 1778645400
2026-05-13 11:15:00 | INFO     | 🕯️ [BTCUSDm] New M5 bar closed: 1778645400
2026-05-13 11:15:03 | INFO     | 🕯️ [USTECm] New M5 bar closed: 1778645400
2026-05-13 11:18:07 | INFO     | 
══════════════════════════════════════════════════════════════════════
  📊  STATUS V22  [11:18:07 BKK]
  Equity    : $     60.00  (+0.00%)
  DD Daily  : 0.00%   DD Total: 0.00%   Mode: NORMAL
  Session   : UNKNOWN          H4:NEUTRAL    H1:NEUTRAL   
  Global Pos: 0/4 | Floating Risk: 0.0%/12.0%
  Symbols   : XAUUSDm, EURUSDm, USDJPYm, USTECm, BTCUSDm
  Thresholds: NY=62 LDN=82 NY_EARLY=85 OOS=65
══════════════════════════════════════════════════════════════════════
2026-05-13 11:20:00 | INFO     | 🕯️ [USDJPYm] New M5 bar closed: 1778645700
2026-05-13 11:20:00 | INFO     | 🕯️ [BTCUSDm] New M5 bar closed: 1778645700
2026-05-13 11:20:00 | INFO     | 🕯️ [XAUUSDm] New M5 bar closed: 1778645700
2026-05-13 11:20:02 | INFO     | 🕯️ [EURUSDm] New M5 bar closed: 1778645700
2026-05-13 11:20:02 | INFO     | 🕯️ [USTECm] New M5 bar closed: 1778645700
2026-05-13 11:23:07 | INFO     | 
══════════════════════════════════════════════════════════════════════
  📊  STATUS V22  [11:23:07 BKK]
  Equity    : $     60.00  (+0.00%)
  DD Daily  : 0.00%   DD Total: 0.00%   Mode: NORMAL
  Session   : UNKNOWN          H4:NEUTRAL    H1:NEUTRAL   
  Global Pos: 0/4 | Floating Risk: 0.0%/12.0%
  Symbols   : XAUUSDm, EURUSDm, USDJPYm, USTECm, BTCUSDm
  Thresholds: NY=62 LDN=82 NY_EARLY=85 OOS=65
══════════════════════════════════════════════════════════════════════
2026-05-13 11:24:59 | INFO     | 🕯️ [XAUUSDm] New M5 bar closed: 1778646000
2026-05-13 11:25:00 | INFO     | 🕯️ [USDJPYm] New M5 bar closed: 1778646000
2026-05-13 11:25:00 | INFO     | 🕯️ [USTECm] New M5 bar closed: 1778646000
2026-05-13 11:25:00 | INFO     | 🕯️ [BTCUSDm] New M5 bar closed: 1778646000
2026-05-13 11:25:01 | INFO     | 🕯️ [EURUSDm] New M5 bar closed: 1778646000
2026-05-13 11:28:08 | INFO     | 
══════════════════════════════════════════════════════════════════════
  📊  STATUS V22  [11:28:08 BKK]
  Equity    : $     60.00  (+0.00%)
  DD Daily  : 0.00%   DD Total: 0.00%   Mode: NORMAL
  Session   : UNKNOWN          H4:NEUTRAL    H1:NEUTRAL   
  Global Pos: 0/4 | Floating Risk: 0.0%/12.0%
  Symbols   : XAUUSDm, EURUSDm, USDJPYm, USTECm, BTCUSDm
  Thresholds: NY=62 LDN=82 NY_EARLY=85 OOS=65
══════════════════════════════════════════════════════════════════════
2026-05-13 11:29:59 | INFO     | 🕯️ [XAUUSDm] New M5 bar closed: 1778646300
2026-05-13 11:30:00 | INFO     | 🕯️ [USTECm] New M5 bar closed: 1778646300
2026-05-13 11:30:00 | INFO     | 🕯️ [EURUSDm] New M5 bar closed: 1778646300
2026-05-13 11:30:01 | INFO     | 🕯️ [USDJPYm] New M5 bar closed: 1778646300
2026-05-13 11:30:01 | INFO     | 🕯️ [BTCUSDm] New M5 bar closed: 1778646300
2026-05-13 11:33:09 | INFO     | 
══════════════════════════════════════════════════════════════════════
  📊  STATUS V22  [11:33:09 BKK]
  Equity    : $     60.00  (+0.00%)
  DD Daily  : 0.00%   DD Total: 0.00%   Mode: NORMAL
  Session   : UNKNOWN          H4:NEUTRAL    H1:NEUTRAL   
  Global Pos: 0/4 | Floating Risk: 0.0%/12.0%
  Symbols   : XAUUSDm, EURUSDm, USDJPYm, USTECm, BTCUSDm
  Thresholds: NY=62 LDN=82 NY_EARLY=85 OOS=65
══════════════════════════════════════════════════════════════════════
2026-05-13 11:35:00 | INFO     | 🕯️ [USDJPYm] New M5 bar closed: 1778646600
2026-05-13 11:35:00 | INFO     | 🕯️ [USTECm] New M5 bar closed: 1778646600
2026-05-13 11:35:00 | INFO     | 🕯️ [XAUUSDm] New M5 bar closed: 1778646600
2026-05-13 11:35:01 | INFO     | 🕯️ [BTCUSDm] New M5 bar closed: 1778646600
2026-05-13 11:35:02 | INFO     | 🕯️ [EURUSDm] New M5 bar closed: 1778646600
2026-05-13 11:38:10 | INFO     | 
══════════════════════════════════════════════════════════════════════
  📊  STATUS V22  [11:38:10 BKK]
  Equity    : $     60.00  (+0.00%)
  DD Daily  : 0.00%   DD Total: 0.00%   Mode: NORMAL
  Session   : UNKNOWN          H4:NEUTRAL    H1:NEUTRAL   
  Global Pos: 0/4 | Floating Risk: 0.0%/12.0%
  Symbols   : XAUUSDm, EURUSDm, USDJPYm, USTECm, BTCUSDm
  Thresholds: NY=62 LDN=82 NY_EARLY=85 OOS=65
══════════════════════════════════════════════════════════════════════
2026-05-13 11:39:59 | INFO     | 🕯️ [XAUUSDm] New M5 bar closed: 1778646900
2026-05-13 11:39:59 | INFO     | 🕯️ [EURUSDm] New M5 bar closed: 1778646900
2026-05-13 11:39:59 | INFO     | 🕯️ [USDJPYm] New M5 bar closed: 1778646900
2026-05-13 11:40:00 | INFO     | 🕯️ [USTECm] New M5 bar closed: 1778646900
2026-05-13 11:40:05 | INFO     | 🕯️ [BTCUSDm] New M5 bar closed: 1778646900
2026-05-13 11:43:10 | INFO     | 
══════════════════════════════════════════════════════════════════════
  📊  STATUS V22  [11:43:10 BKK]
  Equity    : $     60.00  (+0.00%)
  DD Daily  : 0.00%   DD Total: 0.00%   Mode: NORMAL
  Session   : UNKNOWN          H4:NEUTRAL    H1:NEUTRAL   
  Global Pos: 0/4 | Floating Risk: 0.0%/12.0%
  Symbols   : XAUUSDm, EURUSDm, USDJPYm, USTECm, BTCUSDm
  Thresholds: NY=62 LDN=82 NY_EARLY=85 OOS=65
══════════════════════════════════════════════════════════════════════
2026-05-13 11:45:00 | INFO     | 🕯️ [USDJPYm] New M5 bar closed: 1778647200
2026-05-13 11:45:00 | INFO     | 🕯️ [USTECm] New M5 bar closed: 1778647200
2026-05-13 11:45:00 | INFO     | 🕯️ [XAUUSDm] New M5 bar closed: 1778647200
2026-05-13 11:45:01 | INFO     | 🕯️ [EURUSDm] New M5 bar closed: 1778647200
2026-05-13 11:45:02 | INFO     | 🕯️ [BTCUSDm] New M5 bar closed: 1778647200
2026-05-13 11:48:11 | INFO     | 
══════════════════════════════════════════════════════════════════════
  📊  STATUS V22  [11:48:11 BKK]
  Equity    : $     60.00  (+0.00%)
  DD Daily  : 0.00%   DD Total: 0.00%   Mode: NORMAL
  Session   : UNKNOWN          H4:NEUTRAL    H1:NEUTRAL   
  Global Pos: 0/4 | Floating Risk: 0.0%/12.0%
  Symbols   : XAUUSDm, EURUSDm, USDJPYm, USTECm, BTCUSDm
  Thresholds: NY=62 LDN=82 NY_EARLY=85 OOS=65
══════════════════════════════════════════════════════════════════════
2026-05-13 11:50:00 | INFO     | 🕯️ [XAUUSDm] New M5 bar closed: 1778647500
2026-05-13 11:50:00 | INFO     | 🕯️ [EURUSDm] New M5 bar closed: 1778647500
2026-05-13 11:50:00 | INFO     | 🕯️ [USDJPYm] New M5 bar closed: 1778647500
2026-05-13 11:50:01 | INFO     | 🕯️ [USTECm] New M5 bar closed: 1778647500
2026-05-13 11:50:04 | INFO     | 🕯️ [BTCUSDm] New M5 bar closed: 1778647500
2026-05-13 11:53:12 | INFO     | 
══════════════════════════════════════════════════════════════════════
  📊  STATUS V22  [11:53:12 BKK]
  Equity    : $     60.00  (+0.00%)
  DD Daily  : 0.00%   DD Total: 0.00%   Mode: NORMAL
  Session   : UNKNOWN          H4:NEUTRAL    H1:NEUTRAL   
  Global Pos: 0/4 | Floating Risk: 0.0%/12.0%
  Symbols   : XAUUSDm, EURUSDm, USDJPYm, USTECm, BTCUSDm
  Thresholds: NY=62 LDN=82 NY_EARLY=85 OOS=65
══════════════════════════════════════════════════════════════════════
2026-05-13 11:54:59 | INFO     | 🕯️ [USDJPYm] New M5 bar closed: 1778647800
2026-05-13 11:55:00 | INFO     | 🕯️ [XAUUSDm] New M5 bar closed: 1778647800
2026-05-13 11:55:00 | INFO     | 🕯️ [EURUSDm] New M5 bar closed: 1778647800
2026-05-13 11:55:01 | INFO     | 🕯️ [USTECm] New M5 bar closed: 1778647800
2026-05-13 11:55:05 | INFO     | 🕯️ [BTCUSDm] New M5 bar closed: 1778647800
2026-05-13 11:58:13 | INFO     | 
══════════════════════════════════════════════════════════════════════
  📊  STATUS V22  [11:58:13 BKK]
  Equity    : $     60.00  (+0.00%)
  DD Daily  : 0.00%   DD Total: 0.00%   Mode: NORMAL
  Session   : UNKNOWN          H4:NEUTRAL    H1:NEUTRAL   
  Global Pos: 0/4 | Floating Risk: 0.0%/12.0%
  Symbols   : XAUUSDm, EURUSDm, USDJPYm, USTECm, BTCUSDm
  Thresholds: NY=62 LDN=82 NY_EARLY=85 OOS=65
══════════════════════════════════════════════════════════════════════
2026-05-13 11:59:59 | INFO     | 🕯️ [EURUSDm] New M5 bar closed: 1778648100
2026-05-13 11:59:59 | INFO     | 🕯️ [USDJPYm] New M5 bar closed: 1778648100
2026-05-13 11:59:59 | INFO     | 🕯️ [USTECm] New M5 bar closed: 1778648100
2026-05-13 12:00:00 | INFO     | 🕯️ [XAUUSDm] New M5 bar closed: 1778648100
2026-05-13 12:00:00 | INFO     |   [XAUUSDm] WAIT 0/65
2026-05-13 12:00:01 | INFO     | 🕯️ [BTCUSDm] New M5 bar closed: 1778648100
2026-05-13 12:00:01 | INFO     |   [BTCUSDm] WAIT 0/65
2026-05-13 12:03:14 | INFO     | 
══════════════════════════════════════════════════════════════════════
  📊  STATUS V22  [12:03:14 BKK]
  Equity    : $     60.00  (+0.00%)
  DD Daily  : 0.00%   DD Total: 0.00%   Mode: NORMAL
  Session   : PRE_LONDON       H4:NEUTRAL    H1:NEUTRAL   
  Global Pos: 0/4 | Floating Risk: 0.0%/12.0%
  Symbols   : XAUUSDm, EURUSDm, USDJPYm, USTECm, BTCUSDm
  Thresholds: NY=62 LDN=82 NY_EARLY=85 OOS=65
══════════════════════════════════════════════════════════════════════
2026-05-13 12:04:59 | INFO     | 🕯️ [EURUSDm] New M5 bar closed: 1778648400
2026-05-13 12:04:59 | INFO     |   [EURUSDm] WAIT 0/65
2026-05-13 12:04:59 | INFO     | 🕯️ [USTECm] New M5 bar closed: 1778648400
2026-05-13 12:04:59 | INFO     |   [USTECm] WAIT 0/65
2026-05-13 12:05:00 | INFO     | 🕯️ [XAUUSDm] New M5 bar closed: 1778648400
2026-05-13 12:05:00 | INFO     |   [XAUUSDm] WAIT 0/65
2026-05-13 12:05:01 | INFO     | 🕯️ [USDJPYm] New M5 bar closed: 1778648400
2026-05-13 12:05:01 | INFO     |   [USDJPYm] BUY 5/65
2026-05-13 12:05:02 | INFO     | 🕯️ [BTCUSDm] New M5 bar closed: 1778648400
2026-05-13 12:05:02 | INFO     |   [BTCUSDm] WAIT 0/65
2026-05-13 12:08:15 | INFO     | 
══════════════════════════════════════════════════════════════════════
  📊  STATUS V22  [12:08:15 BKK]
  Equity    : $     60.00  (+0.00%)
  DD Daily  : 0.00%   DD Total: 0.00%   Mode: NORMAL
  Session   : PRE_LONDON       H4:NEUTRAL    H1:NEUTRAL   
  Global Pos: 0/4 | Floating Risk: 0.0%/12.0%
  Symbols   : XAUUSDm, EURUSDm, USDJPYm, USTECm, BTCUSDm
  Thresholds: NY=62 LDN=82 NY_EARLY=85 OOS=65
══════════════════════════════════════════════════════════════════════
2026-05-13 12:09:59 | INFO     | 🕯️ [USTECm] New M5 bar closed: 1778648700
2026-05-13 12:09:59 | INFO     |   [USTECm] WAIT 0/65
2026-05-13 12:10:00 | INFO     | 🕯️ [XAUUSDm] New M5 bar closed: 1778648700
2026-05-13 12:10:00 | INFO     |   [XAUUSDm] WAIT 0/65
2026-05-13 12:10:00 | INFO     | 🕯️ [USDJPYm] New M5 bar closed: 1778648700
2026-05-13 12:10:00 | INFO     |   [USDJPYm] WAIT 0/65
2026-05-13 12:10:01 | INFO     | 🕯️ [EURUSDm] New M5 bar closed: 1778648700
2026-05-13 12:10:01 | INFO     |   [EURUSDm] WAIT 0/65
2026-05-13 12:10:01 | INFO     | 🕯️ [BTCUSDm] New M5 bar closed: 1778648700
2026-05-13 12:10:02 | INFO     |   [BTCUSDm] WAIT 0/65
2026-05-13 12:13:15 | INFO     | 
══════════════════════════════════════════════════════════════════════
  📊  STATUS V22  [12:13:15 BKK]
  Equity    : $     60.00  (+0.00%)
  DD Daily  : 0.00%   DD Total: 0.00%   Mode: NORMAL
  Session   : PRE_LONDON       H4:NEUTRAL    H1:NEUTRAL   
  Global Pos: 0/4 | Floating Risk: 0.0%/12.0%
  Symbols   : XAUUSDm, EURUSDm, USDJPYm, USTECm, BTCUSDm
  Thresholds: NY=62 LDN=82 NY_EARLY=85 OOS=65
══════════════════════════════════════════════════════════════════════
2026-05-13 12:14:59 | INFO     | 🕯️ [USTECm] New M5 bar closed: 1778649000
2026-05-13 12:14:59 | INFO     |   [USTECm] SELL 44/65
2026-05-13 12:14:59 | INFO     | 🕯️ [BTCUSDm] New M5 bar closed: 1778649000
2026-05-13 12:14:59 | INFO     |   [BTCUSDm] WAIT 0/65
2026-05-13 12:15:00 | INFO     | 🕯️ [XAUUSDm] New M5 bar closed: 1778649000
2026-05-13 12:15:00 | INFO     |   [XAUUSDm] WAIT 0/65
2026-05-13 12:15:00 | INFO     | 🕯️ [EURUSDm] New M5 bar closed: 1778649000
2026-05-13 12:15:00 | INFO     |   [EURUSDm] WAIT 0/65
2026-05-13 12:15:00 | INFO     | 🕯️ [USDJPYm] New M5 bar closed: 1778649000
2026-05-13 12:15:00 | INFO     |   [USDJPYm] WAIT 0/65
2026-05-13 12:18:15 | INFO     | 
══════════════════════════════════════════════════════════════════════
  📊  STATUS V22  [12:18:15 BKK]
  Equity    : $     60.00  (+0.00%)
  DD Daily  : 0.00%   DD Total: 0.00%   Mode: NORMAL
  Session   : PRE_LONDON       H4:NEUTRAL    H1:NEUTRAL   
  Global Pos: 0/4 | Floating Risk: 0.0%/12.0%
  Symbols   : XAUUSDm, EURUSDm, USDJPYm, USTECm, BTCUSDm
  Thresholds: NY=62 LDN=82 NY_EARLY=85 OOS=65
══════════════════════════════════════════════════════════════════════
2026-05-13 12:19:59 | INFO     | 🕯️ [USTECm] New M5 bar closed: 1778649300
2026-05-13 12:19:59 | INFO     |   [USTECm] WAIT 0/65
2026-05-13 12:20:00 | INFO     | 🕯️ [XAUUSDm] New M5 bar closed: 1778649300
2026-05-13 12:20:00 | INFO     |   [XAUUSDm] SELL 62/65
2026-05-13 12:20:00 | INFO     | 🕯️ [BTCUSDm] New M5 bar closed: 1778649300
2026-05-13 12:20:01 | INFO     |   [BTCUSDm] WAIT 0/65
2026-05-13 12:20:01 | INFO     | 🕯️ [EURUSDm] New M5 bar closed: 1778649300
2026-05-13 12:20:01 | INFO     |   [EURUSDm] WAIT 0/65
2026-05-13 12:20:01 | INFO     | 🕯️ [USDJPYm] New M5 bar closed: 1778649300
2026-05-13 12:20:01 | INFO     |   [USDJPYm] WAIT 0/65
2026-05-13 12:23:16 | INFO     | 
══════════════════════════════════════════════════════════════════════
  📊  STATUS V22  [12:23:16 BKK]
  Equity    : $     60.00  (+0.00%)
  DD Daily  : 0.00%   DD Total: 0.00%   Mode: NORMAL
  Session   : PRE_LONDON       H4:NEUTRAL    H1:NEUTRAL   
  Global Pos: 0/4 | Floating Risk: 0.0%/12.0%
  Symbols   : XAUUSDm, EURUSDm, USDJPYm, USTECm, BTCUSDm
  Thresholds: NY=62 LDN=82 NY_EARLY=85 OOS=65
══════════════════════════════════════════════════════════════════════
2026-05-13 12:24:59 | INFO     | 🕯️ [EURUSDm] New M5 bar closed: 1778649600
2026-05-13 12:24:59 | INFO     |   [EURUSDm] WAIT 0/65
2026-05-13 12:25:00 | INFO     | 🕯️ [XAUUSDm] New M5 bar closed: 1778649600
2026-05-13 12:25:00 | INFO     |   [XAUUSDm] WAIT 0/65
2026-05-13 12:25:00 | INFO     | 🕯️ [USDJPYm] New M5 bar closed: 1778649600
2026-05-13 12:25:00 | INFO     |   [USDJPYm] WAIT 0/65
2026-05-13 12:25:00 | INFO     | 🕯️ [USTECm] New M5 bar closed: 1778649600
2026-05-13 12:25:00 | INFO     |   [USTECm] WAIT 0/65
2026-05-13 12:25:06 | INFO     | 🕯️ [BTCUSDm] New M5 bar closed: 1778649600
2026-05-13 12:25:06 | INFO     |   [BTCUSDm] BUY 40/65
2026-05-13 12:28:16 | INFO     | 
══════════════════════════════════════════════════════════════════════
  📊  STATUS V22  [12:28:16 BKK]
  Equity    : $     60.00  (+0.00%)
  DD Daily  : 0.00%   DD Total: 0.00%   Mode: NORMAL
  Session   : PRE_LONDON       H4:NEUTRAL    H1:NEUTRAL   
  Global Pos: 0/4 | Floating Risk: 0.0%/12.0%
  Symbols   : XAUUSDm, EURUSDm, USDJPYm, USTECm, BTCUSDm
  Thresholds: NY=62 LDN=82 NY_EARLY=85 OOS=65
══════════════════════════════════════════════════════════════════════
2026-05-13 12:29:59 | INFO     | 🕯️ [USTECm] New M5 bar closed: 1778649900
2026-05-13 12:29:59 | INFO     |   [USTECm] WAIT 0/65
2026-05-13 12:30:00 | INFO     | 🕯️ [XAUUSDm] New M5 bar closed: 1778649900
2026-05-13 12:30:00 | INFO     |   [XAUUSDm] WAIT 0/65
2026-05-13 12:30:00 | INFO     | 🕯️ [EURUSDm] New M5 bar closed: 1778649900
2026-05-13 12:30:00 | INFO     |   [EURUSDm] WAIT 0/65
2026-05-13 12:30:00 | INFO     | 🕯️ [USDJPYm] New M5 bar closed: 1778649900
2026-05-13 12:30:00 | INFO     |   [USDJPYm] WAIT 0/65
2026-05-13 12:30:02 | INFO     | 🕯️ [BTCUSDm] New M5 bar closed: 1778649900
2026-05-13 12:30:02 | INFO     |   [BTCUSDm] WAIT 0/65
2026-05-13 12:33:17 | INFO     | 
══════════════════════════════════════════════════════════════════════
  📊  STATUS V22  [12:33:17 BKK]
  Equity    : $     60.00  (+0.00%)
  DD Daily  : 0.00%   DD Total: 0.00%   Mode: NORMAL
  Session   : PRE_LONDON       H4:NEUTRAL    H1:NEUTRAL   
  Global Pos: 0/4 | Floating Risk: 0.0%/12.0%
  Symbols   : XAUUSDm, EURUSDm, USDJPYm, USTECm, BTCUSDm
  Thresholds: NY=62 LDN=82 NY_EARLY=85 OOS=65
══════════════════════════════════════════════════════════════════════
2026-05-13 12:34:59 | INFO     | 🕯️ [USDJPYm] New M5 bar closed: 1778650200
2026-05-13 12:34:59 | INFO     |   [USDJPYm] WAIT 0/65
2026-05-13 12:35:00 | INFO     | 🕯️ [XAUUSDm] New M5 bar closed: 1778650200
2026-05-13 12:35:00 | INFO     |   [XAUUSDm] BUY 40/65
2026-05-13 12:35:00 | INFO     | 🕯️ [EURUSDm] New M5 bar closed: 1778650200
2026-05-13 12:35:00 | INFO     |   [EURUSDm] WAIT 0/65
2026-05-13 12:35:00 | INFO     | 🕯️ [USTECm] New M5 bar closed: 1778650200
2026-05-13 12:35:00 | INFO     |   [USTECm] SELL 44/65
2026-05-13 12:35:01 | INFO     | 🕯️ [BTCUSDm] New M5 bar closed: 1778650200
2026-05-13 12:35:01 | INFO     |   [BTCUSDm] WAIT 0/65
2026-05-13 12:38:17 | INFO     | 
══════════════════════════════════════════════════════════════════════
  📊  STATUS V22  [12:38:17 BKK]
  Equity    : $     60.00  (+0.00%)
  DD Daily  : 0.00%   DD Total: 0.00%   Mode: NORMAL
  Session   : PRE_LONDON       H4:NEUTRAL    H1:NEUTRAL   
  Global Pos: 0/4 | Floating Risk: 0.0%/12.0%
  Symbols   : XAUUSDm, EURUSDm, USDJPYm, USTECm, BTCUSDm
  Thresholds: NY=62 LDN=82 NY_EARLY=85 OOS=65
══════════════════════════════════════════════════════════════════════
2026-05-13 12:39:59 | INFO     | 🕯️ [BTCUSDm] New M5 bar closed: 1778650500
2026-05-13 12:39:59 | INFO     |   [BTCUSDm] WAIT 0/65
2026-05-13 12:40:00 | INFO     | 🕯️ [XAUUSDm] New M5 bar closed: 1778650500
2026-05-13 12:40:00 | INFO     |   [XAUUSDm] WAIT 0/65
2026-05-13 12:40:00 | INFO     | 🕯️ [USTECm] New M5 bar closed: 1778650500
2026-05-13 12:40:00 | INFO     |   [USTECm] WAIT 0/65
2026-05-13 12:40:01 | INFO     | 🕯️ [EURUSDm] New M5 bar closed: 1778650500
2026-05-13 12:40:01 | INFO     |   [EURUSDm] WAIT 0/65
2026-05-13 12:40:02 | INFO     | 🕯️ [USDJPYm] New M5 bar closed: 1778650500
2026-05-13 12:40:02 | INFO     |   [USDJPYm] WAIT 0/65
2026-05-13 12:43:18 | INFO     | 
══════════════════════════════════════════════════════════════════════
  📊  STATUS V22  [12:43:18 BKK]
  Equity    : $     60.00  (+0.00%)
  DD Daily  : 0.00%   DD Total: 0.00%   Mode: NORMAL
  Session   : PRE_LONDON       H4:NEUTRAL    H1:NEUTRAL   
  Global Pos: 0/4 | Floating Risk: 0.0%/12.0%
  Symbols   : XAUUSDm, EURUSDm, USDJPYm, USTECm, BTCUSDm
  Thresholds: NY=62 LDN=82 NY_EARLY=85 OOS=65
══════════════════════════════════════════════════════════════════════
2026-05-13 12:45:00 | INFO     | 🕯️ [XAUUSDm] New M5 bar closed: 1778650800
2026-05-13 12:45:00 | INFO     |   [XAUUSDm] WAIT 0/65
2026-05-13 12:45:00 | INFO     | 🕯️ [EURUSDm] New M5 bar closed: 1778650800
2026-05-13 12:45:00 | INFO     |   [EURUSDm] WAIT 0/65
2026-05-13 12:45:00 | INFO     | 🕯️ [USTECm] New M5 bar closed: 1778650800
2026-05-13 12:45:00 | INFO     |   [USTECm] SELL 44/65
2026-05-13 12:45:01 | INFO     | 🕯️ [BTCUSDm] New M5 bar closed: 1778650800
2026-05-13 12:45:01 | INFO     |   [BTCUSDm] WAIT 0/65
2026-05-13 12:45:03 | INFO     | 🕯️ [USDJPYm] New M5 bar closed: 1778650800
2026-05-13 12:45:03 | INFO     |   [USDJPYm] WAIT 0/65
2026-05-13 12:48:19 | INFO     | 
══════════════════════════════════════════════════════════════════════
  📊  STATUS V22  [12:48:19 BKK]
  Equity    : $     60.00  (+0.00%)
  DD Daily  : 0.00%   DD Total: 0.00%   Mode: NORMAL
  Session   : PRE_LONDON       H4:NEUTRAL    H1:NEUTRAL   
  Global Pos: 0/4 | Floating Risk: 0.0%/12.0%
  Symbols   : XAUUSDm, EURUSDm, USDJPYm, USTECm, BTCUSDm
  Thresholds: NY=62 LDN=82 NY_EARLY=85 OOS=65
══════════════════════════════════════════════════════════════════════
2026-05-13 12:49:59 | INFO     | 🕯️ [USTECm] New M5 bar closed: 1778651100
2026-05-13 12:49:59 | INFO     |   [USTECm] WAIT 0/65
2026-05-13 12:50:00 | INFO     | 🕯️ [XAUUSDm] New M5 bar closed: 1778651100
2026-05-13 12:50:00 | INFO     |   [XAUUSDm] WAIT 0/65
2026-05-13 12:50:00 | INFO     | 🕯️ [EURUSDm] New M5 bar closed: 1778651100
2026-05-13 12:50:00 | INFO     |   [EURUSDm] WAIT 0/65
2026-05-13 12:50:00 | INFO     | 🕯️ [USDJPYm] New M5 bar closed: 1778651100
2026-05-13 12:50:00 | INFO     |   [USDJPYm] WAIT 0/65
2026-05-13 12:50:02 | INFO     | 🕯️ [BTCUSDm] New M5 bar closed: 1778651100
2026-05-13 12:50:02 | INFO     |   [BTCUSDm] WAIT 0/65
2026-05-13 12:53:19 | INFO     | 
══════════════════════════════════════════════════════════════════════
  📊  STATUS V22  [12:53:19 BKK]
  Equity    : $     60.00  (+0.00%)
  DD Daily  : 0.00%   DD Total: 0.00%   Mode: NORMAL
  Session   : PRE_LONDON       H4:NEUTRAL    H1:NEUTRAL   
  Global Pos: 0/4 | Floating Risk: 0.0%/12.0%
  Symbols   : XAUUSDm, EURUSDm, USDJPYm, USTECm, BTCUSDm
  Thresholds: NY=62 LDN=82 NY_EARLY=85 OOS=65
══════════════════════════════════════════════════════════════════════
2026-05-13 12:54:59 | INFO     | 🕯️ [USDJPYm] New M5 bar closed: 1778651400
2026-05-13 12:54:59 | INFO     |   [USDJPYm] WAIT 0/65
2026-05-13 12:55:00 | INFO     | 🕯️ [XAUUSDm] New M5 bar closed: 1778651400
2026-05-13 12:55:00 | INFO     |   [XAUUSDm] BUY 40/65
2026-05-13 12:55:00 | INFO     | 🕯️ [EURUSDm] New M5 bar closed: 1778651400
2026-05-13 12:55:00 | INFO     |   [EURUSDm] WAIT 0/65
2026-05-13 12:55:00 | INFO     | 🕯️ [USTECm] New M5 bar closed: 1778651400
2026-05-13 12:55:00 | INFO     |   [USTECm] WAIT 0/65
2026-05-13 12:55:08 | INFO     | 🕯️ [BTCUSDm] New M5 bar closed: 1778651400
2026-05-13 12:55:08 | INFO     |   [BTCUSDm] WAIT 0/65
2026-05-13 12:58:20 | INFO     | 
══════════════════════════════════════════════════════════════════════
  📊  STATUS V22  [12:58:20 BKK]
  Equity    : $     60.00  (+0.00%)
  DD Daily  : 0.00%   DD Total: 0.00%   Mode: NORMAL
  Session   : PRE_LONDON       H4:NEUTRAL    H1:NEUTRAL   
  Global Pos: 0/4 | Floating Risk: 0.0%/12.0%
  Symbols   : XAUUSDm, EURUSDm, USDJPYm, USTECm, BTCUSDm
  Thresholds: NY=62 LDN=82 NY_EARLY=85 OOS=65
══════════════════════════════════════════════════════════════════════
2026-05-13 12:59:59 | INFO     | 🕯️ [USTECm] New M5 bar closed: 1778651700
2026-05-13 12:59:59 | INFO     |   [USTECm] WAIT 0/65
2026-05-13 12:59:59 | INFO     | 🕯️ [BTCUSDm] New M5 bar closed: 1778651700
2026-05-13 12:59:59 | INFO     |   [BTCUSDm] WAIT 0/65
2026-05-13 13:00:00 | INFO     | 🕯️ [XAUUSDm] New M5 bar closed: 1778651700
2026-05-13 13:00:00 | INFO     |   [XAUUSDm] WAIT 0/65
2026-05-13 13:00:00 | INFO     | 🕯️ [EURUSDm] New M5 bar closed: 1778651700
2026-05-13 13:00:00 | INFO     |   [EURUSDm] WAIT 0/65
2026-05-13 13:00:00 | INFO     | 🕯️ [USDJPYm] New M5 bar closed: 1778651700
2026-05-13 13:00:00 | INFO     |   [USDJPYm] WAIT 0/65
2026-05-13 13:03:21 | INFO     | 
══════════════════════════════════════════════════════════════════════
  📊  STATUS V22  [13:03:21 BKK]
  Equity    : $     60.00  (+0.00%)
  DD Daily  : 0.00%   DD Total: 0.00%   Mode: NORMAL
  Session   : PRE_LONDON       H4:NEUTRAL    H1:NEUTRAL   
  Global Pos: 0/4 | Floating Risk: 0.0%/12.0%
  Symbols   : XAUUSDm, EURUSDm, USDJPYm, USTECm, BTCUSDm
  Thresholds: NY=62 LDN=82 NY_EARLY=85 OOS=65
══════════════════════════════════════════════════════════════════════
2026-05-13 13:04:59 | INFO     | 🕯️ [USDJPYm] New M5 bar closed: 1778652000
2026-05-13 13:04:59 | INFO     |   [USDJPYm] WAIT 0/65
2026-05-13 13:05:00 | INFO     | 🕯️ [XAUUSDm] New M5 bar closed: 1778652000
2026-05-13 13:05:00 | INFO     |   [XAUUSDm] WAIT 0/65
2026-05-13 13:05:00 | INFO     | 🕯️ [EURUSDm] New M5 bar closed: 1778652000
2026-05-13 13:05:00 | INFO     |   [EURUSDm] BUY 44/65
2026-05-13 13:05:00 | INFO     | 🕯️ [USTECm] New M5 bar closed: 1778652000
2026-05-13 13:05:00 | INFO     |   [USTECm] WAIT 0/65
2026-05-13 13:05:00 | INFO     | 🕯️ [BTCUSDm] New M5 bar closed: 1778652000
2026-05-13 13:05:00 | INFO     |   [BTCUSDm] WAIT 0/65
2026-05-13 13:08:21 | INFO     | 
══════════════════════════════════════════════════════════════════════
  📊  STATUS V22  [13:08:21 BKK]
  Equity    : $     60.00  (+0.00%)
  DD Daily  : 0.00%   DD Total: 0.00%   Mode: NORMAL
  Session   : PRE_LONDON       H4:NEUTRAL    H1:NEUTRAL   
  Global Pos: 0/4 | Floating Risk: 0.0%/12.0%
  Symbols   : XAUUSDm, EURUSDm, USDJPYm, USTECm, BTCUSDm
  Thresholds: NY=62 LDN=82 NY_EARLY=85 OOS=65
══════════════════════════════════════════════════════════════════════
2026-05-13 13:09:59 | INFO     | 🕯️ [USDJPYm] New M5 bar closed: 1778652300
2026-05-13 13:09:59 | INFO     |   [USDJPYm] WAIT 0/65
2026-05-13 13:09:59 | INFO     | 🕯️ [BTCUSDm] New M5 bar closed: 1778652300
2026-05-13 13:09:59 | INFO     |   [BTCUSDm] SELL 9/65
2026-05-13 13:10:00 | INFO     | 🕯️ [XAUUSDm] New M5 bar closed: 1778652300
2026-05-13 13:10:00 | INFO     |   [XAUUSDm] WAIT 0/65
2026-05-13 13:10:00 | INFO     | 🕯️ [EURUSDm] New M5 bar closed: 1778652300
2026-05-13 13:10:00 | INFO     |   [EURUSDm] WAIT 0/65
2026-05-13 13:10:00 | INFO     | 🕯️ [USTECm] New M5 bar closed: 1778652300
2026-05-13 13:10:00 | INFO     |   [USTECm] BUY 22/65
2026-05-13 13:13:21 | INFO     | 
══════════════════════════════════════════════════════════════════════
  📊  STATUS V22  [13:13:21 BKK]
  Equity    : $     60.00  (+0.00%)
  DD Daily  : 0.00%   DD Total: 0.00%   Mode: NORMAL
  Session   : PRE_LONDON       H4:NEUTRAL    H1:NEUTRAL   
  Global Pos: 0/4 | Floating Risk: 0.0%/12.0%
  Symbols   : XAUUSDm, EURUSDm, USDJPYm, USTECm, BTCUSDm
  Thresholds: NY=62 LDN=82 NY_EARLY=85 OOS=65
══════════════════════════════════════════════════════════════════════
2026-05-13 13:14:59 | INFO     | 🕯️ [USTECm] New M5 bar closed: 1778652600
2026-05-13 13:14:59 | INFO     |   [USTECm] WAIT 0/65
2026-05-13 13:15:00 | INFO     | 🕯️ [XAUUSDm] New M5 bar closed: 1778652600
2026-05-13 13:15:00 | INFO     |   [XAUUSDm] WAIT 0/65
2026-05-13 13:15:00 | INFO     | 🕯️ [USDJPYm] New M5 bar closed: 1778652600
2026-05-13 13:15:00 | INFO     |   [USDJPYm] WAIT 0/65
2026-05-13 13:15:01 | INFO     | 🕯️ [EURUSDm] New M5 bar closed: 1778652600
2026-05-13 13:15:01 | INFO     |   [EURUSDm] WAIT 0/65
2026-05-13 13:15:02 | INFO     | 🕯️ [BTCUSDm] New M5 bar closed: 1778652600
2026-05-13 13:15:02 | INFO     |   [BTCUSDm] WAIT 0/65
2026-05-13 13:18:21 | INFO     | 
══════════════════════════════════════════════════════════════════════
  📊  STATUS V22  [13:18:21 BKK]
  Equity    : $     60.00  (+0.00%)
  DD Daily  : 0.00%   DD Total: 0.00%   Mode: NORMAL
  Session   : PRE_LONDON       H4:NEUTRAL    H1:NEUTRAL   
  Global Pos: 0/4 | Floating Risk: 0.0%/12.0%
  Symbols   : XAUUSDm, EURUSDm, USDJPYm, USTECm, BTCUSDm
  Thresholds: NY=62 LDN=82 NY_EARLY=85 OOS=65
══════════════════════════════════════════════════════════════════════
2026-05-13 13:19:59 | INFO     | 🕯️ [XAUUSDm] New M5 bar closed: 1778652900
2026-05-13 13:19:59 | INFO     |   [XAUUSDm] WAIT 0/65
2026-05-13 13:19:59 | INFO     | 🕯️ [USTECm] New M5 bar closed: 1778652900
2026-05-13 13:19:59 | INFO     |   [USTECm] WAIT 0/65
2026-05-13 13:19:59 | INFO     | 🕯️ [BTCUSDm] New M5 bar closed: 1778652900
2026-05-13 13:20:00 | INFO     |   [BTCUSDm] BUY 58/65
2026-05-13 13:20:00 | INFO     | 🕯️ [USDJPYm] New M5 bar closed: 1778652900
2026-05-13 13:20:00 | INFO     |   [USDJPYm] WAIT 0/65
2026-05-13 13:20:01 | INFO     | 🕯️ [EURUSDm] New M5 bar closed: 1778652900
2026-05-13 13:20:01 | INFO     |   [EURUSDm] WAIT 0/65
2026-05-13 13:23:21 | INFO     | 
══════════════════════════════════════════════════════════════════════
  📊  STATUS V22  [13:23:21 BKK]
  Equity    : $     60.00  (+0.00%)
  DD Daily  : 0.00%   DD Total: 0.00%   Mode: NORMAL
  Session   : PRE_LONDON       H4:NEUTRAL    H1:NEUTRAL   
  Global Pos: 0/4 | Floating Risk: 0.0%/12.0%
  Symbols   : XAUUSDm, EURUSDm, USDJPYm, USTECm, BTCUSDm
  Thresholds: NY=62 LDN=82 NY_EARLY=85 OOS=65
══════════════════════════════════════════════════════════════════════
2026-05-13 13:24:59 | INFO     | 🕯️ [EURUSDm] New M5 bar closed: 1778653200
2026-05-13 13:24:59 | INFO     |   [EURUSDm] WAIT 0/65
2026-05-13 13:24:59 | INFO     | 🕯️ [USTECm] New M5 bar closed: 1778653200
2026-05-13 13:24:59 | INFO     |   [USTECm] WAIT 0/65
2026-05-13 13:24:59 | INFO     | 🕯️ [BTCUSDm] New M5 bar closed: 1778653200
2026-05-13 13:24:59 | INFO     |   [BTCUSDm] WAIT 0/65
2026-05-13 13:25:00 | INFO     | 🕯️ [XAUUSDm] New M5 bar closed: 1778653200
2026-05-13 13:25:00 | INFO     |   [XAUUSDm] WAIT 0/65
2026-05-13 13:25:00 | INFO     | 🕯️ [USDJPYm] New M5 bar closed: 1778653200
2026-05-13 13:25:00 | INFO     |   [USDJPYm] WAIT 0/65
2026-05-13 13:28:22 | INFO     | 
══════════════════════════════════════════════════════════════════════
  📊  STATUS V22  [13:28:22 BKK]
  Equity    : $     60.00  (+0.00%)
  DD Daily  : 0.00%   DD Total: 0.00%   Mode: NORMAL
  Session   : PRE_LONDON       H4:NEUTRAL    H1:NEUTRAL   
  Global Pos: 0/4 | Floating Risk: 0.0%/12.0%
  Symbols   : XAUUSDm, EURUSDm, USDJPYm, USTECm, BTCUSDm
  Thresholds: NY=62 LDN=82 NY_EARLY=85 OOS=65
══════════════════════════════════════════════════════════════════════
2026-05-13 13:29:59 | INFO     | 🕯️ [USTECm] New M5 bar closed: 1778653500
2026-05-13 13:29:59 | INFO     |   [USTECm] WAIT 0/65
2026-05-13 13:30:00 | INFO     | 🕯️ [XAUUSDm] New M5 bar closed: 1778653500
2026-05-13 13:30:00 | INFO     |   [XAUUSDm] WAIT 0/65
2026-05-13 13:30:00 | INFO     | 🕯️ [EURUSDm] New M5 bar closed: 1778653500
2026-05-13 13:30:00 | INFO     |   [EURUSDm] WAIT 0/65
2026-05-13 13:30:00 | INFO     | 🕯️ [USDJPYm] New M5 bar closed: 1778653500
2026-05-13 13:30:00 | INFO     |   [USDJPYm] WAIT 0/65
2026-05-13 13:30:06 | INFO     | 🕯️ [BTCUSDm] New M5 bar closed: 1778653500
2026-05-13 13:30:06 | INFO     |   [BTCUSDm] WAIT 0/65
2026-05-13 13:33:23 | INFO     | 
══════════════════════════════════════════════════════════════════════
  📊  STATUS V22  [13:33:23 BKK]
  Equity    : $     60.00  (+0.00%)
  DD Daily  : 0.00%   DD Total: 0.00%   Mode: NORMAL
  Session   : PRE_LONDON       H4:NEUTRAL    H1:NEUTRAL   
  Global Pos: 0/4 | Floating Risk: 0.0%/12.0%
  Symbols   : XAUUSDm, EURUSDm, USDJPYm, USTECm, BTCUSDm
  Thresholds: NY=62 LDN=82 NY_EARLY=85 OOS=65
══════════════════════════════════════════════════════════════════════
2026-05-13 13:34:59 | INFO     | 🕯️ [USTECm] New M5 bar closed: 1778653800
2026-05-13 13:34:59 | INFO     |   [USTECm] WAIT 0/65
2026-05-13 13:35:00 | INFO     | 🕯️ [XAUUSDm] New M5 bar closed: 1778653800
2026-05-13 13:35:00 | INFO     |   [XAUUSDm] WAIT 0/65
2026-05-13 13:35:00 | INFO     | 🕯️ [EURUSDm] New M5 bar closed: 1778653800
2026-05-13 13:35:00 | INFO     |   [EURUSDm] WAIT 0/65
2026-05-13 13:35:00 | INFO     | 🕯️ [USDJPYm] New M5 bar closed: 1778653800
2026-05-13 13:35:00 | INFO     |   [USDJPYm] SELL 44/65
2026-05-13 13:35:01 | INFO     | 🕯️ [BTCUSDm] New M5 bar closed: 1778653800
2026-05-13 13:35:01 | INFO     |   [BTCUSDm] WAIT 0/65
2026-05-13 13:38:23 | INFO     | 
══════════════════════════════════════════════════════════════════════
  📊  STATUS V22  [13:38:23 BKK]
  Equity    : $     60.00  (+0.00%)
  DD Daily  : 0.00%   DD Total: 0.00%   Mode: NORMAL
  Session   : PRE_LONDON       H4:NEUTRAL    H1:NEUTRAL   
  Global Pos: 0/4 | Floating Risk: 0.0%/12.0%
  Symbols   : XAUUSDm, EURUSDm, USDJPYm, USTECm, BTCUSDm
  Thresholds: NY=62 LDN=82 NY_EARLY=85 OOS=65
══════════════════════════════════════════════════════════════════════
2026-05-13 13:39:59 | INFO     | 🕯️ [EURUSDm] New M5 bar closed: 1778654100
2026-05-13 13:39:59 | INFO     |   [EURUSDm] WAIT 0/65
2026-05-13 13:39:59 | INFO     | 🕯️ [USDJPYm] New M5 bar closed: 1778654100
2026-05-13 13:39:59 | INFO     |   [USDJPYm] WAIT 0/65
2026-05-13 13:39:59 | INFO     | 🕯️ [USTECm] New M5 bar closed: 1778654100
2026-05-13 13:39:59 | INFO     |   [USTECm] WAIT 0/65
2026-05-13 13:40:00 | INFO     | 🕯️ [XAUUSDm] New M5 bar closed: 1778654100
2026-05-13 13:40:00 | INFO     |   [XAUUSDm] WAIT 0/65
2026-05-13 13:40:01 | INFO     | 🕯️ [BTCUSDm] New M5 bar closed: 1778654100
2026-05-13 13:40:01 | INFO     |   [BTCUSDm] WAIT 0/65
2026-05-13 13:43:23 | INFO     | 
══════════════════════════════════════════════════════════════════════
  📊  STATUS V22  [13:43:23 BKK]
  Equity    : $     60.00  (+0.00%)
  DD Daily  : 0.00%   DD Total: 0.00%   Mode: NORMAL
  Session   : PRE_LONDON       H4:NEUTRAL    H1:NEUTRAL   
  Global Pos: 0/4 | Floating Risk: 0.0%/12.0%
  Symbols   : XAUUSDm, EURUSDm, USDJPYm, USTECm, BTCUSDm
  Thresholds: NY=62 LDN=82 NY_EARLY=85 OOS=65
══════════════════════════════════════════════════════════════════════
2026-05-13 13:44:59 | INFO     | 🕯️ [XAUUSDm] New M5 bar closed: 1778654400
2026-05-13 13:44:59 | INFO     |   [XAUUSDm] WAIT 0/65
2026-05-13 13:44:59 | INFO     | 🕯️ [USDJPYm] New M5 bar closed: 1778654400
2026-05-13 13:44:59 | INFO     |   [USDJPYm] WAIT 0/65
2026-05-13 13:45:00 | INFO     | 🕯️ [EURUSDm] New M5 bar closed: 1778654400
2026-05-13 13:45:00 | INFO     |   [EURUSDm] WAIT 0/65
2026-05-13 13:45:00 | INFO     | 🕯️ [USTECm] New M5 bar closed: 1778654400
2026-05-13 13:45:00 | INFO     |   [USTECm] WAIT 0/65
2026-05-13 13:45:01 | INFO     | 🕯️ [BTCUSDm] New M5 bar closed: 1778654400
2026-05-13 13:45:01 | INFO     |   [BTCUSDm] WAIT 0/65
2026-05-13 13:48:23 | INFO     | 
══════════════════════════════════════════════════════════════════════
  📊  STATUS V22  [13:48:23 BKK]
  Equity    : $     60.00  (+0.00%)
  DD Daily  : 0.00%   DD Total: 0.00%   Mode: NORMAL
  Session   : PRE_LONDON       H4:NEUTRAL    H1:NEUTRAL   
  Global Pos: 0/4 | Floating Risk: 0.0%/12.0%
  Symbols   : XAUUSDm, EURUSDm, USDJPYm, USTECm, BTCUSDm
  Thresholds: NY=62 LDN=82 NY_EARLY=85 OOS=65
══════════════════════════════════════════════════════════════════════
2026-05-13 13:50:00 | INFO     | 🕯️ [XAUUSDm] New M5 bar closed: 1778654700
2026-05-13 13:50:00 | INFO     |   [XAUUSDm] WAIT 0/65
2026-05-13 13:50:00 | INFO     | 🕯️ [EURUSDm] New M5 bar closed: 1778654700
2026-05-13 13:50:00 | INFO     |   [EURUSDm] WAIT 0/65
2026-05-13 13:50:00 | INFO     | 🕯️ [USDJPYm] New M5 bar closed: 1778654700
2026-05-13 13:50:00 | INFO     |   [USDJPYm] WAIT 0/65
2026-05-13 13:50:01 | INFO     | 🕯️ [USTECm] New M5 bar closed: 1778654700
2026-05-13 13:50:01 | INFO     |   🔥 [USTECm] 🔥 🌙OOS 📍PIN SELL(LMT) Score:67/65 | 📍PINBAR +18 (Pinbar↓@BSL(29226.6800) uwk=0.8ATR body=5%) | Sweep BSL +40 | H4 Neutral -20 | OB(q:0.70,age:5) +5 | SSL→29088.76 +4 | 🌙 OOS (thr=65)
2026-05-13 13:50:01 | INFO     | ⚔️  Risk tier [0.50%] score=67 dd=NORMAL → 0.50%
2026-05-13 13:50:01 | INFO     | 💰 [USTECm] Score:67 DD:NORMAL Risk:0.35% → 0.1 lots
2026-05-13 13:50:02 | INFO     | ✅ [USTECm] PT|SELL|Lot:0.010|E:29225.43|SL:29290.00|TP:29173.77
2026-05-13 13:50:02 | INFO     | ✅ [USTECm] FT|SELL|Lot:0.090|E:29225.43|SL:29290.00|TP:29096.29
2026-05-13 13:50:02 | INFO     | 
══════════════════════════════════════════════════════════════════════
  🎯 TRADE V22 [USTECm] — SELL LMT    
  ────────────────────────────────────────────────────────────────────
  Entry:29225.43  SL:29290.00  TP-Pt:29173.77  TP-Full:29096.29
  Risk:64.57  Lot:0.01+0.09  Score:67/65
  Session:PRE_LONDON  H4:NEUTRAL  H1:NEUTRAL  Shape:NONE
  Spread:240.0pts  Global:2/4  Exp:10.8%
  Hash:7b6333f67e07
══════════════════════════════════════════════════════════════════════
2026-05-13 13:50:02 | INFO     | 🕯️ [BTCUSDm] New M5 bar closed: 1778654700
2026-05-13 13:50:02 | INFO     |   [BTCUSDm] WAIT 0/65
2026-05-13 13:53:23 | INFO     | 
══════════════════════════════════════════════════════════════════════
  📊  STATUS V22  [13:53:23 BKK]
  Equity    : $     61.08  (+1.80%)
  DD Daily  : 0.00%   DD Total: 0.00%   Mode: NORMAL
  Session   : PRE_LONDON       H4:NEUTRAL    H1:NEUTRAL   
  Global Pos: 2/4 | Floating Risk: 10.8%/12.0%
  Symbols   : XAUUSDm, EURUSDm, USDJPYm, USTECm, BTCUSDm
  Thresholds: NY=62 LDN=82 NY_EARLY=85 OOS=65
══════════════════════════════════════════════════════════════════════
2026-05-13 13:54:59 | INFO     | 🕯️ [XAUUSDm] New M5 bar closed: 1778655000
2026-05-13 13:54:59 | INFO     |   [XAUUSDm] BUY 17/65
2026-05-13 13:54:59 | INFO     | 🕯️ [EURUSDm] New M5 bar closed: 1778655000
2026-05-13 13:54:59 | INFO     |   [EURUSDm] WAIT 0/65
2026-05-13 13:54:59 | INFO     | 🕯️ [USDJPYm] New M5 bar closed: 1778655000
2026-05-13 13:54:59 | INFO     |   [USDJPYm] BUY 5/65
2026-05-13 13:55:00 | INFO     | 🕯️ [USTECm] New M5 bar closed: 1778655000
2026-05-13 13:55:01 | INFO     | 🕯️ [BTCUSDm] New M5 bar closed: 1778655000
2026-05-13 13:55:01 | INFO     |   [BTCUSDm] BUY 40/65
2026-05-13 13:58:23 | INFO     | 
══════════════════════════════════════════════════════════════════════
  📊  STATUS V22  [13:58:23 BKK]
  Equity    : $     59.82  (-0.30%)
  DD Daily  : 0.30%   DD Total: 0.30%   Mode: NORMAL
  Session   : PRE_LONDON       H4:NEUTRAL    H1:NEUTRAL   
  Global Pos: 2/4 | Floating Risk: 10.8%/12.0%
  Symbols   : XAUUSDm, EURUSDm, USDJPYm, USTECm, BTCUSDm
  Thresholds: NY=62 LDN=82 NY_EARLY=85 OOS=65
══════════════════════════════════════════════════════════════════════
2026-05-13 13:59:59 | INFO     | 🕯️ [XAUUSDm] New M5 bar closed: 1778655300
2026-05-13 13:59:59 | INFO     |   [XAUUSDm] WAIT 0/62
2026-05-13 13:59:59 | INFO     | 🕯️ [EURUSDm] New M5 bar closed: 1778655300
2026-05-13 13:59:59 | INFO     |   [EURUSDm] SELL 27/62
2026-05-13 13:59:59 | INFO     | 🕯️ [USDJPYm] New M5 bar closed: 1778655300
2026-05-13 13:59:59 | INFO     |   [USDJPYm] WAIT 0/62
2026-05-13 14:00:00 | INFO     | 🕯️ [USTECm] New M5 bar closed: 1778655300
2026-05-13 14:00:01 | INFO     | 🕯️ [BTCUSDm] New M5 bar closed: 1778655300
2026-05-13 14:00:01 | INFO     |   [BTCUSDm] WAIT 0/68
2026-05-13 14:03:23 | INFO     | 
══════════════════════════════════════════════════════════════════════
  📊  STATUS V22  [14:03:23 BKK]
  Equity    : $     58.54  (-2.43%)
  DD Daily  : 2.43%   DD Total: 2.43%   Mode: NORMAL
  Session   : LONDON           H4:NEUTRAL    H1:NEUTRAL   
  Global Pos: 2/4 | Floating Risk: 10.8%/12.0%
  Symbols   : XAUUSDm, EURUSDm, USDJPYm, USTECm, BTCUSDm
  Thresholds: NY=62 LDN=82 NY_EARLY=85 OOS=65
══════════════════════════════════════════════════════════════════════
2026-05-13 14:04:59 | INFO     | 🕯️ [XAUUSDm] New M5 bar closed: 1778655600
2026-05-13 14:04:59 | INFO     |   [XAUUSDm] WAIT 0/68
2026-05-13 14:05:00 | INFO     | 🕯️ [USTECm] New M5 bar closed: 1778655600
2026-05-13 14:05:00 | INFO     | 🕯️ [EURUSDm] New M5 bar closed: 1778655600
2026-05-13 14:05:00 | INFO     |   [EURUSDm] WAIT 0/68
2026-05-13 14:05:01 | INFO     | 🕯️ [USDJPYm] New M5 bar closed: 1778655600
2026-05-13 14:05:01 | INFO     |   [USDJPYm] SELL 54/68
2026-05-13 14:05:06 | INFO     | 🕯️ [BTCUSDm] New M5 bar closed: 1778655600
2026-05-13 14:05:06 | INFO     |   [BTCUSDm] BUY 40/68
2026-05-13 14:08:23 | INFO     | 
══════════════════════════════════════════════════════════════════════
  📊  STATUS V22  [14:08:23 BKK]
  Equity    : $     59.37  (-1.05%)
  DD Daily  : 1.05%   DD Total: 1.05%   Mode: NORMAL
  Session   : LONDON           H4:NEUTRAL    H1:NEUTRAL   
  Global Pos: 2/4 | Floating Risk: 10.8%/12.0%
  Symbols   : XAUUSDm, EURUSDm, USDJPYm, USTECm, BTCUSDm
  Thresholds: NY=62 LDN=82 NY_EARLY=85 OOS=65
══════════════════════════════════════════════════════════════════════
2026-05-13 14:09:59 | INFO     | 🕯️ [XAUUSDm] New M5 bar closed: 1778655900
2026-05-13 14:09:59 | INFO     |   [XAUUSDm] WAIT 0/68
2026-05-13 14:10:00 | INFO     | 🕯️ [USTECm] New M5 bar closed: 1778655900
2026-05-13 14:10:00 | INFO     | 🕯️ [BTCUSDm] New M5 bar closed: 1778655900
2026-05-13 14:10:00 | INFO     |   [BTCUSDm] BUY 40/68
2026-05-13 14:10:01 | INFO     | 🕯️ [EURUSDm] New M5 bar closed: 1778655900
2026-05-13 14:10:01 | INFO     |   [EURUSDm] WAIT 0/68
2026-05-13 14:10:01 | INFO     | 🕯️ [USDJPYm] New M5 bar closed: 1778655900
2026-05-13 14:10:01 | INFO     |   [USDJPYm] WAIT 0/68
2026-05-13 14:13:24 | INFO     | 
══════════════════════════════════════════════════════════════════════
  📊  STATUS V22  [14:13:24 BKK]
  Equity    : $     60.86  (+1.43%)
  DD Daily  : 0.00%   DD Total: 0.00%   Mode: NORMAL
  Session   : LONDON           H4:NEUTRAL    H1:BULLISH   
  Global Pos: 2/4 | Floating Risk: 10.8%/12.0%
  Symbols   : XAUUSDm, EURUSDm, USDJPYm, USTECm, BTCUSDm
  Thresholds: NY=62 LDN=82 NY_EARLY=85 OOS=65
══════════════════════════════════════════════════════════════════════
2026-05-13 14:14:59 | INFO     | 🕯️ [EURUSDm] New M5 bar closed: 1778656200
2026-05-13 14:14:59 | INFO     |   [EURUSDm] WAIT 0/68
2026-05-13 14:15:00 | INFO     | 🕯️ [USDJPYm] New M5 bar closed: 1778656200
2026-05-13 14:15:00 | INFO     |   [USDJPYm] WAIT 0/68
2026-05-13 14:15:00 | INFO     | 🕯️ [USTECm] New M5 bar closed: 1778656200
2026-05-13 14:15:00 | INFO     | 🕯️ [BTCUSDm] New M5 bar closed: 1778656200
2026-05-13 14:15:00 | INFO     |   [BTCUSDm] WAIT 0/68
2026-05-13 14:15:00 | INFO     | 🕯️ [XAUUSDm] New M5 bar closed: 1778656200
2026-05-13 14:15:00 | INFO     |   [XAUUSDm] SELL 24/68
2026-05-13 14:18:25 | INFO     | 
══════════════════════════════════════════════════════════════════════
  📊  STATUS V22  [14:18:25 BKK]
  Equity    : $     58.88  (-1.87%)
  DD Daily  : 1.87%   DD Total: 1.87%   Mode: NORMAL
  Session   : LONDON           H4:NEUTRAL    H1:NEUTRAL   
  Global Pos: 2/4 | Floating Risk: 10.8%/12.0%
  Symbols   : XAUUSDm, EURUSDm, USDJPYm, USTECm, BTCUSDm
  Thresholds: NY=62 LDN=82 NY_EARLY=85 OOS=65
══════════════════════════════════════════════════════════════════════
2026-05-13 14:19:59 | INFO     | 🕯️ [XAUUSDm] New M5 bar closed: 1778656500
2026-05-13 14:19:59 | INFO     |   [XAUUSDm] WAIT 0/68
2026-05-13 14:19:59 | INFO     | 🕯️ [EURUSDm] New M5 bar closed: 1778656500
2026-05-13 14:19:59 | INFO     |   [EURUSDm] WAIT 0/68
2026-05-13 14:20:00 | INFO     | 🕯️ [USDJPYm] New M5 bar closed: 1778656500
2026-05-13 14:20:00 | INFO     |   [USDJPYm] WAIT 0/68
2026-05-13 14:20:00 | INFO     | 🕯️ [USTECm] New M5 bar closed: 1778656500
2026-05-13 14:20:06 | INFO     | 🕯️ [BTCUSDm] New M5 bar closed: 1778656500
2026-05-13 14:20:06 | INFO     |   [BTCUSDm] WAIT 0/68
2026-05-13 14:23:26 | INFO     | 
══════════════════════════════════════════════════════════════════════
  📊  STATUS V22  [14:23:26 BKK]
  Equity    : $     59.20  (-1.33%)
  DD Daily  : 1.33%   DD Total: 1.33%   Mode: NORMAL
  Session   : LONDON           H4:NEUTRAL    H1:NEUTRAL   
  Global Pos: 2/4 | Floating Risk: 10.8%/12.0%
  Symbols   : XAUUSDm, EURUSDm, USDJPYm, USTECm, BTCUSDm
  Thresholds: NY=62 LDN=82 NY_EARLY=85 OOS=65
══════════════════════════════════════════════════════════════════════
2026-05-13 14:24:59 | INFO     | 🕯️ [XAUUSDm] New M5 bar closed: 1778656800
2026-05-13 14:24:59 | INFO     |   [XAUUSDm] WAIT 0/68
2026-05-13 14:24:59 | INFO     | 🕯️ [EURUSDm] New M5 bar closed: 1778656800
2026-05-13 14:24:59 | INFO     |   [EURUSDm] WAIT 0/68
2026-05-13 14:25:00 | INFO     | 🕯️ [USDJPYm] New M5 bar closed: 1778656800
2026-05-13 14:25:00 | INFO     |   [USDJPYm] BUY 46/68
2026-05-13 14:25:01 | INFO     | 🕯️ [USTECm] New M5 bar closed: 1778656800
2026-05-13 14:25:02 | INFO     | 🕯️ [BTCUSDm] New M5 bar closed: 1778656800
2026-05-13 14:25:02 | INFO     |   [BTCUSDm] WAIT 0/68
2026-05-13 14:28:27 | INFO     | 
══════════════════════════════════════════════════════════════════════
  📊  STATUS V22  [14:28:27 BKK]
  Equity    : $     58.54  (-2.43%)
  DD Daily  : 2.43%   DD Total: 2.43%   Mode: NORMAL
  Session   : LONDON           H4:NEUTRAL    H1:NEUTRAL   
  Global Pos: 2/4 | Floating Risk: 10.8%/12.0%
  Symbols   : XAUUSDm, EURUSDm, USDJPYm, USTECm, BTCUSDm
  Thresholds: NY=62 LDN=82 NY_EARLY=85 OOS=65
══════════════════════════════════════════════════════════════════════
2026-05-13 14:29:59 | INFO     | 🕯️ [XAUUSDm] New M5 bar closed: 1778657100
2026-05-13 14:29:59 | INFO     |   [XAUUSDm] WAIT 0/68
2026-05-13 14:29:59 | INFO     | 🕯️ [USDJPYm] New M5 bar closed: 1778657100
2026-05-13 14:29:59 | INFO     |   [USDJPYm] WAIT 0/68
2026-05-13 14:30:00 | INFO     | 🕯️ [EURUSDm] New M5 bar closed: 1778657100
2026-05-13 14:30:00 | INFO     |   [EURUSDm] WAIT 0/68
2026-05-13 14:30:01 | INFO     | 🕯️ [USTECm] New M5 bar closed: 1778657100
2026-05-13 14:30:01 | INFO     | 🕯️ [BTCUSDm] New M5 bar closed: 1778657100
2026-05-13 14:30:01 | INFO     |   [BTCUSDm] WAIT 0/68
2026-05-13 14:33:28 | INFO     | 
══════════════════════════════════════════════════════════════════════
  📊  STATUS V22  [14:33:28 BKK]
  Equity    : $     58.82  (-1.97%)
  DD Daily  : 1.97%   DD Total: 1.97%   Mode: NORMAL
  Session   : LONDON           H4:NEUTRAL    H1:NEUTRAL   
  Global Pos: 2/4 | Floating Risk: 10.8%/12.0%
  Symbols   : XAUUSDm, EURUSDm, USDJPYm, USTECm, BTCUSDm
  Thresholds: NY=62 LDN=82 NY_EARLY=85 OOS=65
══════════════════════════════════════════════════════════════════════
2026-05-13 14:34:59 | INFO     | 🕯️ [XAUUSDm] New M5 bar closed: 1778657400
2026-05-13 14:34:59 | INFO     |   [XAUUSDm] WAIT 0/68
2026-05-13 14:34:59 | INFO     | 🕯️ [EURUSDm] New M5 bar closed: 1778657400
2026-05-13 14:34:59 | INFO     |   [EURUSDm] WAIT 0/68
2026-05-13 14:34:59 | INFO     | 🕯️ [USDJPYm] New M5 bar closed: 1778657400
2026-05-13 14:34:59 | INFO     |   [USDJPYm] WAIT 0/68
2026-05-13 14:35:00 | INFO     | 🕯️ [USTECm] New M5 bar closed: 1778657400
2026-05-13 14:35:03 | INFO     | 🕯️ [BTCUSDm] New M5 bar closed: 1778657400
2026-05-13 14:35:03 | INFO     |   [BTCUSDm] WAIT 0/68
2026-05-13 14:38:29 | INFO     | 
══════════════════════════════════════════════════════════════════════
  📊  STATUS V22  [14:38:29 BKK]
  Equity    : $     57.77  (-3.72%)
  DD Daily  : 3.72%   DD Total: 3.72%   Mode: NORMAL
  Session   : LONDON           H4:NEUTRAL    H1:NEUTRAL   
  Global Pos: 2/4 | Floating Risk: 10.8%/12.0%
  Symbols   : XAUUSDm, EURUSDm, USDJPYm, USTECm, BTCUSDm
  Thresholds: NY=62 LDN=82 NY_EARLY=85 OOS=65
══════════════════════════════════════════════════════════════════════
2026-05-13 14:39:59 | INFO     | 🕯️ [USTECm] New M5 bar closed: 1778657700
2026-05-13 14:40:00 | INFO     | 🕯️ [XAUUSDm] New M5 bar closed: 1778657700
2026-05-13 14:40:00 | INFO     |   [XAUUSDm] WAIT 0/68
2026-05-13 14:40:00 | INFO     | 🕯️ [EURUSDm] New M5 bar closed: 1778657700
2026-05-13 14:40:00 | INFO     |   [EURUSDm] WAIT 0/68
2026-05-13 14:40:00 | INFO     | 🕯️ [USDJPYm] New M5 bar closed: 1778657700
2026-05-13 14:40:00 | INFO     |   [USDJPYm] WAIT 0/68
2026-05-13 14:40:01 | INFO     | 🕯️ [BTCUSDm] New M5 bar closed: 1778657700
2026-05-13 14:40:01 | INFO     |   [BTCUSDm] WAIT 0/68
2026-05-13 14:43:30 | INFO     | 
══════════════════════════════════════════════════════════════════════
  📊  STATUS V22  [14:43:30 BKK]
  Equity    : $     55.77  (-7.05%)
  DD Daily  : 7.05%   DD Total: 7.05%   Mode: NORMAL
  Session   : LONDON           H4:NEUTRAL    H1:NEUTRAL   
  Global Pos: 2/4 | Floating Risk: 10.8%/12.0%
  Symbols   : XAUUSDm, EURUSDm, USDJPYm, USTECm, BTCUSDm
  Thresholds: NY=62 LDN=82 NY_EARLY=85 OOS=65
══════════════════════════════════════════════════════════════════════
2026-05-13 14:44:59 | INFO     | 🕯️ [EURUSDm] New M5 bar closed: 1778658000
2026-05-13 14:44:59 | INFO     |   [EURUSDm] SELL 42/68
2026-05-13 14:44:59 | INFO     | 🕯️ [USDJPYm] New M5 bar closed: 1778658000
2026-05-13 14:44:59 | INFO     |   [USDJPYm] WAIT 0/68
2026-05-13 14:45:00 | INFO     | 🕯️ [USTECm] New M5 bar closed: 1778658000
2026-05-13 14:45:00 | INFO     | 🕯️ [XAUUSDm] New M5 bar closed: 1778658000
2026-05-13 14:45:00 | INFO     |   [XAUUSDm] WAIT 0/68
2026-05-13 14:45:02 | INFO     | 🕯️ [BTCUSDm] New M5 bar closed: 1778658000
2026-05-13 14:45:02 | INFO     |   [BTCUSDm] WAIT 0/68
2026-05-13 14:48:30 | INFO     | 
══════════════════════════════════════════════════════════════════════
  📊  STATUS V22  [14:48:30 BKK]
  Equity    : $     54.42  (-9.30%)
  DD Daily  : 9.30%   DD Total: 9.30%   Mode: NORMAL
  Session   : LONDON           H4:NEUTRAL    H1:NEUTRAL   
  Global Pos: 2/4 | Floating Risk: 10.8%/12.0%
  Symbols   : XAUUSDm, EURUSDm, USDJPYm, USTECm, BTCUSDm
  Thresholds: NY=62 LDN=82 NY_EARLY=85 OOS=65
══════════════════════════════════════════════════════════════════════
2026-05-13 14:49:59 | INFO     | 🕯️ [XAUUSDm] New M5 bar closed: 1778658300
2026-05-13 14:49:59 | INFO     |   [XAUUSDm] WAIT 0/68
2026-05-13 14:49:59 | INFO     | 🕯️ [EURUSDm] New M5 bar closed: 1778658300
2026-05-13 14:49:59 | INFO     |   [EURUSDm] WAIT 0/68
2026-05-13 14:49:59 | INFO     | 🕯️ [USDJPYm] New M5 bar closed: 1778658300
2026-05-13 14:49:59 | INFO     |   [USDJPYm] BUY 38/68
2026-05-13 14:50:01 | INFO     | 🕯️ [USTECm] New M5 bar closed: 1778658300
2026-05-13 14:50:06 | INFO     | 🕯️ [BTCUSDm] New M5 bar closed: 1778658300
2026-05-13 14:50:06 | INFO     |   [BTCUSDm] WAIT 0/68
2026-05-13 14:53:31 | INFO     | 
══════════════════════════════════════════════════════════════════════
  📊  STATUS V22  [14:53:31 BKK]
  Equity    : $     54.56  (-9.07%)
  DD Daily  : 9.07%   DD Total: 9.07%   Mode: NORMAL
  Session   : LONDON           H4:NEUTRAL    H1:NEUTRAL   
  Global Pos: 2/4 | Floating Risk: 10.8%/12.0%
  Symbols   : XAUUSDm, EURUSDm, USDJPYm, USTECm, BTCUSDm
  Thresholds: NY=62 LDN=82 NY_EARLY=85 OOS=65
══════════════════════════════════════════════════════════════════════
2026-05-13 14:55:00 | INFO     | 🕯️ [USTECm] New M5 bar closed: 1778658600
2026-05-13 14:55:00 | INFO     | 🕯️ [XAUUSDm] New M5 bar closed: 1778658600
2026-05-13 14:55:00 | INFO     |   [XAUUSDm] WAIT 0/68
2026-05-13 14:55:00 | INFO     | 🕯️ [EURUSDm] New M5 bar closed: 1778658600
2026-05-13 14:55:00 | INFO     |   [EURUSDm] WAIT 0/68
2026-05-13 14:55:00 | INFO     | 🕯️ [USDJPYm] New M5 bar closed: 1778658600
2026-05-13 14:55:01 | INFO     |   [USDJPYm] WAIT 0/68
2026-05-13 14:55:01 | INFO     | 🕯️ [BTCUSDm] New M5 bar closed: 1778658600
2026-05-13 14:55:01 | INFO     |   [BTCUSDm] WAIT 0/68
2026-05-13 14:58:31 | INFO     | 
══════════════════════════════════════════════════════════════════════
  📊  STATUS V22  [14:58:31 BKK]
  Equity    : $     54.24  (-9.60%)
  DD Daily  : 9.60%   DD Total: 9.60%   Mode: NORMAL
  Session   : LONDON           H4:NEUTRAL    H1:NEUTRAL   
  Global Pos: 2/4 | Floating Risk: 10.8%/12.0%
  Symbols   : XAUUSDm, EURUSDm, USDJPYm, USTECm, BTCUSDm
  Thresholds: NY=62 LDN=82 NY_EARLY=85 OOS=65
══════════════════════════════════════════════════════════════════════
2026-05-13 14:59:59 | INFO     | 🕯️ [XAUUSDm] New M5 bar closed: 1778658900
2026-05-13 14:59:59 | INFO     |   [XAUUSDm] WAIT 0/68
2026-05-13 14:59:59 | INFO     | 🕯️ [EURUSDm] New M5 bar closed: 1778658900
2026-05-13 14:59:59 | INFO     |   [EURUSDm] WAIT 0/68
2026-05-13 15:00:00 | INFO     | 🕯️ [USDJPYm] New M5 bar closed: 1778658900
2026-05-13 15:00:00 | INFO     |   [USDJPYm] WAIT 0/68
2026-05-13 15:00:00 | INFO     | 🕯️ [USTECm] New M5 bar closed: 1778658900
2026-05-13 15:00:00 | INFO     |   [USTECm] WAIT 0/68
2026-05-13 15:00:00 | INFO     | 🕯️ [BTCUSDm] New M5 bar closed: 1778658900
2026-05-13 15:00:00 | INFO     |   [BTCUSDm] BUY 40/68
2026-05-13 15:03:31 | INFO     | 
══════════════════════════════════════════════════════════════════════
  📊  STATUS V22  [15:03:31 BKK]
  Equity    : $     53.54  (-10.77%)
  DD Daily  : 10.77%   DD Total: 10.77%   Mode: NORMAL
  Session   : LONDON           H4:NEUTRAL    H1:NEUTRAL   
  Global Pos: 0/4 | Floating Risk: 0.0%/12.0%
  Symbols   : XAUUSDm, EURUSDm, USDJPYm, USTECm, BTCUSDm
  Thresholds: NY=62 LDN=82 NY_EARLY=85 OOS=65
══════════════════════════════════════════════════════════════════════
2026-05-13 15:04:59 | INFO     | 🕯️ [XAUUSDm] New M5 bar closed: 1778659200
2026-05-13 15:04:59 | INFO     |   [XAUUSDm] WAIT 0/68
2026-05-13 15:04:59 | INFO     | 🕯️ [EURUSDm] New M5 bar closed: 1778659200
2026-05-13 15:04:59 | INFO     |   [EURUSDm] WAIT 0/68
2026-05-13 15:05:00 | INFO     | 🕯️ [USDJPYm] New M5 bar closed: 1778659200
2026-05-13 15:05:00 | INFO     |   [USDJPYm] WAIT 0/68
2026-05-13 15:05:00 | INFO     | 🕯️ [USTECm] New M5 bar closed: 1778659200
2026-05-13 15:05:00 | INFO     |   [USTECm] WAIT 0/68
2026-05-13 15:05:01 | INFO     | 🕯️ [BTCUSDm] New M5 bar closed: 1778659200
2026-05-13 15:05:01 | INFO     |   [BTCUSDm] WAIT 0/68
2026-05-13 15:08:32 | INFO     | 
══════════════════════════════════════════════════════════════════════
  📊  STATUS V22  [15:08:32 BKK]
  Equity    : $     53.54  (-10.77%)
  DD Daily  : 10.77%   DD Total: 10.77%   Mode: NORMAL
  Session   : LONDON           H4:NEUTRAL    H1:NEUTRAL   
  Global Pos: 0/4 | Floating Risk: 0.0%/12.0%
  Symbols   : XAUUSDm, EURUSDm, USDJPYm, USTECm, BTCUSDm
  Thresholds: NY=62 LDN=82 NY_EARLY=85 OOS=65
══════════════════════════════════════════════════════════════════════
2026-05-13 15:09:59 | INFO     | 🕯️ [XAUUSDm] New M5 bar closed: 1778659500
2026-05-13 15:09:59 | INFO     |   [XAUUSDm] WAIT 0/68
2026-05-13 15:10:00 | INFO     | 🕯️ [USTECm] New M5 bar closed: 1778659500
2026-05-13 15:10:00 | INFO     |   [USTECm] WAIT 0/68
2026-05-13 15:10:00 | INFO     | 🕯️ [EURUSDm] New M5 bar closed: 1778659500
2026-05-13 15:10:00 | INFO     |   [EURUSDm] WAIT 0/68
2026-05-13 15:10:01 | INFO     | 🕯️ [USDJPYm] New M5 bar closed: 1778659500
2026-05-13 15:10:01 | INFO     |   [USDJPYm] WAIT 0/68
2026-05-13 15:10:06 | INFO     | 🕯️ [BTCUSDm] New M5 bar closed: 1778659500
2026-05-13 15:10:06 | INFO     |   [BTCUSDm] WAIT 0/68
2026-05-13 15:13:33 | INFO     | 
══════════════════════════════════════════════════════════════════════
  📊  STATUS V22  [15:13:33 BKK]
  Equity    : $     53.54  (-10.77%)
  DD Daily  : 10.77%   DD Total: 10.77%   Mode: NORMAL
  Session   : LONDON           H4:NEUTRAL    H1:NEUTRAL   
  Global Pos: 0/4 | Floating Risk: 0.0%/12.0%
  Symbols   : XAUUSDm, EURUSDm, USDJPYm, USTECm, BTCUSDm
  Thresholds: NY=62 LDN=82 NY_EARLY=85 OOS=65
══════════════════════════════════════════════════════════════════════
2026-05-13 15:14:59 | INFO     | 🕯️ [EURUSDm] New M5 bar closed: 1778659800
2026-05-13 15:14:59 | INFO     |   [EURUSDm] WAIT 0/68
2026-05-13 15:14:59 | INFO     | 🕯️ [USDJPYm] New M5 bar closed: 1778659800
2026-05-13 15:14:59 | INFO     |   [USDJPYm] SELL 45/68
2026-05-13 15:14:59 | INFO     | 🕯️ [USTECm] New M5 bar closed: 1778659800
2026-05-13 15:15:00 | INFO     |   [USTECm] WAIT 0/68
2026-05-13 15:15:00 | INFO     | 🕯️ [XAUUSDm] New M5 bar closed: 1778659800
2026-05-13 15:15:00 | INFO     |   [XAUUSDm] WAIT 0/68
2026-05-13 15:15:02 | INFO     | 🕯️ [BTCUSDm] New M5 bar closed: 1778659800
2026-05-13 15:15:02 | INFO     |   [BTCUSDm] WAIT 0/68
2026-05-13 15:18:34 | INFO     | 
══════════════════════════════════════════════════════════════════════
  📊  STATUS V22  [15:18:34 BKK]
  Equity    : $     53.54  (-10.77%)
  DD Daily  : 10.77%   DD Total: 10.77%   Mode: NORMAL
  Session   : LONDON           H4:NEUTRAL    H1:NEUTRAL   
  Global Pos: 0/4 | Floating Risk: 0.0%/12.0%
  Symbols   : XAUUSDm, EURUSDm, USDJPYm, USTECm, BTCUSDm
  Thresholds: NY=62 LDN=82 NY_EARLY=85 OOS=65
══════════════════════════════════════════════════════════════════════
2026-05-13 15:19:59 | INFO     | 🕯️ [XAUUSDm] New M5 bar closed: 1778660100
2026-05-13 15:19:59 | INFO     |   [XAUUSDm] WAIT 0/68
2026-05-13 15:19:59 | INFO     | 🕯️ [EURUSDm] New M5 bar closed: 1778660100
2026-05-13 15:19:59 | INFO     |   [EURUSDm] WAIT 0/68
2026-05-13 15:19:59 | INFO     | 🕯️ [USTECm] New M5 bar closed: 1778660100
2026-05-13 15:20:00 | INFO     |   [USTECm] BUY 26/68
2026-05-13 15:20:00 | INFO     | 🕯️ [USDJPYm] New M5 bar closed: 1778660100
2026-05-13 15:20:00 | INFO     |   [USDJPYm] WAIT 0/68
2026-05-13 15:20:01 | INFO     | 🕯️ [BTCUSDm] New M5 bar closed: 1778660100
2026-05-13 15:20:01 | INFO     |   [BTCUSDm] SELL 49/68
2026-05-13 15:23:34 | INFO     | 
══════════════════════════════════════════════════════════════════════
  📊  STATUS V22  [15:23:34 BKK]
  Equity    : $     53.54  (-10.77%)
  DD Daily  : 10.77%   DD Total: 10.77%   Mode: NORMAL
  Session   : LONDON           H4:NEUTRAL    H1:NEUTRAL   
  Global Pos: 0/4 | Floating Risk: 0.0%/12.0%
  Symbols   : XAUUSDm, EURUSDm, USDJPYm, USTECm, BTCUSDm
  Thresholds: NY=62 LDN=82 NY_EARLY=85 OOS=65
══════════════════════════════════════════════════════════════════════
2026-05-13 15:24:59 | INFO     | 🕯️ [USTECm] New M5 bar closed: 1778660400
2026-05-13 15:24:59 | INFO     |   [USTECm] WAIT 0/68
2026-05-13 15:25:00 | INFO     | 🕯️ [XAUUSDm] New M5 bar closed: 1778660400
2026-05-13 15:25:00 | INFO     | 📰 News: StaticNewsBlock
2026-05-13 15:25:00 | INFO     | 🕯️ [EURUSDm] New M5 bar closed: 1778660400
2026-05-13 15:25:00 | INFO     | 📰 News: StaticNewsBlock
2026-05-13 15:25:00 | INFO     | 🕯️ [USDJPYm] New M5 bar closed: 1778660400
2026-05-13 15:25:00 | INFO     | 📰 News: StaticNewsBlock
2026-05-13 15:25:01 | INFO     | 🕯️ [BTCUSDm] New M5 bar closed: 1778660400
2026-05-13 15:25:01 | INFO     | 📰 News: StaticNewsBlock
2026-05-13 15:28:35 | INFO     | 
══════════════════════════════════════════════════════════════════════
  📊  STATUS V22  [15:28:35 BKK]
  Equity    : $     53.54  (-10.77%)
  DD Daily  : 10.77%   DD Total: 10.77%   Mode: NORMAL
  Session   : LONDON           H4:NEUTRAL    H1:NEUTRAL   
  Global Pos: 0/4 | Floating Risk: 0.0%/12.0%
  Symbols   : XAUUSDm, EURUSDm, USDJPYm, USTECm, BTCUSDm
  Thresholds: NY=62 LDN=82 NY_EARLY=85 OOS=65
══════════════════════════════════════════════════════════════════════
2026-05-13 15:29:59 | INFO     | 🕯️ [XAUUSDm] New M5 bar closed: 1778660700
2026-05-13 15:29:59 | INFO     | 📰 News: StaticNewsBlock
2026-05-13 15:29:59 | INFO     | 🕯️ [EURUSDm] New M5 bar closed: 1778660700
2026-05-13 15:29:59 | INFO     | 📰 News: StaticNewsBlock
2026-05-13 15:29:59 | INFO     | 🕯️ [USTECm] New M5 bar closed: 1778660700
2026-05-13 15:29:59 | INFO     | 📰 News: StaticNewsBlock
2026-05-13 15:30:00 | INFO     | 🕯️ [USDJPYm] New M5 bar closed: 1778660700
2026-05-13 15:30:00 | INFO     | 📰 News: StaticNewsBlock
2026-05-13 15:30:02 | INFO     | 🕯️ [BTCUSDm] New M5 bar closed: 1778660700
2026-05-13 15:30:02 | INFO     | 📰 News: StaticNewsBlock
2026-05-13 15:33:36 | INFO     | 
══════════════════════════════════════════════════════════════════════
  📊  STATUS V22  [15:33:36 BKK]
  Equity    : $     53.54  (-10.77%)
  DD Daily  : 10.77%   DD Total: 10.77%   Mode: NORMAL
  Session   : LONDON           H4:NEUTRAL    H1:NEUTRAL   
  Global Pos: 0/4 | Floating Risk: 0.0%/12.0%
  Symbols   : XAUUSDm, EURUSDm, USDJPYm, USTECm, BTCUSDm
  Thresholds: NY=62 LDN=82 NY_EARLY=85 OOS=65
══════════════════════════════════════════════════════════════════════
2026-05-13 15:34:59 | INFO     | 🕯️ [USTECm] New M5 bar closed: 1778661000
2026-05-13 15:34:59 | INFO     | 📰 News: StaticNewsBlock
2026-05-13 15:35:00 | INFO     | 🕯️ [XAUUSDm] New M5 bar closed: 1778661000
2026-05-13 15:35:00 | INFO     | 📰 News: StaticNewsBlock
2026-05-13 15:35:00 | INFO     | 🕯️ [EURUSDm] New M5 bar closed: 1778661000
2026-05-13 15:35:00 | INFO     | 📰 News: StaticNewsBlock
2026-05-13 15:35:00 | INFO     | 🕯️ [USDJPYm] New M5 bar closed: 1778661000
2026-05-13 15:35:00 | INFO     | 📰 News: StaticNewsBlock
2026-05-13 15:35:01 | INFO     | 🕯️ [BTCUSDm] New M5 bar closed: 1778661000
2026-05-13 15:35:01 | INFO     | 📰 News: StaticNewsBlock
2026-05-13 15:38:37 | INFO     | 
══════════════════════════════════════════════════════════════════════
  📊  STATUS V22  [15:38:37 BKK]
  Equity    : $     53.54  (-10.77%)
  DD Daily  : 10.77%   DD Total: 10.77%   Mode: NORMAL
  Session   : LONDON           H4:NEUTRAL    H1:NEUTRAL   
  Global Pos: 0/4 | Floating Risk: 0.0%/12.0%
  Symbols   : XAUUSDm, EURUSDm, USDJPYm, USTECm, BTCUSDm
  Thresholds: NY=62 LDN=82 NY_EARLY=85 OOS=65
══════════════════════════════════════════════════════════════════════
2026-05-13 15:39:59 | INFO     | 🕯️ [USTECm] New M5 bar closed: 1778661300
2026-05-13 15:39:59 | INFO     |   [USTECm] WAIT 0/68
2026-05-13 15:40:00 | INFO     | 🕯️ [XAUUSDm] New M5 bar closed: 1778661300
2026-05-13 15:40:00 | INFO     |   [XAUUSDm] WAIT 0/68
2026-05-13 15:40:00 | INFO     | 🕯️ [EURUSDm] New M5 bar closed: 1778661300
2026-05-13 15:40:00 | INFO     |   [EURUSDm] WAIT 0/68
2026-05-13 15:40:00 | INFO     | 🕯️ [BTCUSDm] New M5 bar closed: 1778661300
2026-05-13 15:40:00 | INFO     |   [BTCUSDm] WAIT 0/68
2026-05-13 15:40:01 | INFO     | 🕯️ [USDJPYm] New M5 bar closed: 1778661300
2026-05-13 15:40:01 | INFO     |   [USDJPYm] WAIT 0/68
2026-05-13 15:43:38 | INFO     | 
══════════════════════════════════════════════════════════════════════
  📊  STATUS V22  [15:43:38 BKK]
  Equity    : $     53.54  (-10.77%)
  DD Daily  : 10.77%   DD Total: 10.77%   Mode: NORMAL
  Session   : LONDON           H4:NEUTRAL    H1:BULLISH   
  Global Pos: 0/4 | Floating Risk: 0.0%/12.0%
  Symbols   : XAUUSDm, EURUSDm, USDJPYm, USTECm, BTCUSDm
  Thresholds: NY=62 LDN=82 NY_EARLY=85 OOS=65
══════════════════════════════════════════════════════════════════════
2026-05-13 15:44:59 | INFO     | 🕯️ [USDJPYm] New M5 bar closed: 1778661600
2026-05-13 15:44:59 | INFO     |   [USDJPYm] WAIT 0/68
2026-05-13 15:44:59 | INFO     | 🕯️ [USTECm] New M5 bar closed: 1778661600
2026-05-13 15:44:59 | INFO     |   [USTECm] WAIT 0/68
2026-05-13 15:44:59 | INFO     | 🕯️ [BTCUSDm] New M5 bar closed: 1778661600
2026-05-13 15:44:59 | INFO     |   [BTCUSDm] WAIT 0/68
2026-05-13 15:45:00 | INFO     | 🕯️ [XAUUSDm] New M5 bar closed: 1778661600
2026-05-13 15:45:00 | INFO     |   [XAUUSDm] WAIT 0/68
2026-05-13 15:45:00 | INFO     | 🕯️ [EURUSDm] New M5 bar closed: 1778661600
2026-05-13 15:45:00 | INFO     |   [EURUSDm] WAIT 0/68
2026-05-13 15:48:39 | INFO     | 
══════════════════════════════════════════════════════════════════════
  📊  STATUS V22  [15:48:39 BKK]
  Equity    : $     54.70  (-8.83%)
  DD Daily  : 8.83%   DD Total: 8.83%   Mode: NORMAL
  Session   : LONDON           H4:NEUTRAL    H1:NEUTRAL   
  Global Pos: 0/4 | Floating Risk: 0.0%/12.0%
  Symbols   : XAUUSDm, EURUSDm, USDJPYm, USTECm, BTCUSDm
  Thresholds: NY=62 LDN=82 NY_EARLY=85 OOS=65
══════════════════════════════════════════════════════════════════════
2026-05-13 15:49:59 | INFO     | 🕯️ [USTECm] New M5 bar closed: 1778661900
2026-05-13 15:49:59 | INFO     |   [USTECm] WAIT 0/68
2026-05-13 15:50:00 | INFO     | 🕯️ [EURUSDm] New M5 bar closed: 1778661900
2026-05-13 15:50:00 | INFO     |   [EURUSDm] WAIT 0/68
2026-05-13 15:50:00 | INFO     | 🕯️ [USDJPYm] New M5 bar closed: 1778661900
2026-05-13 15:50:00 | INFO     |   [USDJPYm] WAIT 0/68
2026-05-13 15:50:01 | INFO     | 🕯️ [XAUUSDm] New M5 bar closed: 1778661900
2026-05-13 15:50:01 | INFO     |   [XAUUSDm] BUY 40/68
2026-05-13 15:50:06 | INFO     | 🕯️ [BTCUSDm] New M5 bar closed: 1778661900
2026-05-13 15:50:06 | INFO     |   [BTCUSDm] BUY 24/68
2026-05-13 15:53:39 | INFO     | 
══════════════════════════════════════════════════════════════════════
  📊  STATUS V22  [15:53:39 BKK]
  Equity    : $     56.44  (-5.93%)
  DD Daily  : 5.93%   DD Total: 5.93%   Mode: NORMAL
  Session   : LONDON           H4:NEUTRAL    H1:NEUTRAL   
  Global Pos: 0/4 | Floating Risk: 0.0%/12.0%
  Symbols   : XAUUSDm, EURUSDm, USDJPYm, USTECm, BTCUSDm
  Thresholds: NY=62 LDN=82 NY_EARLY=85 OOS=65
══════════════════════════════════════════════════════════════════════
2026-05-13 15:54:59 | INFO     | 🕯️ [EURUSDm] New M5 bar closed: 1778662200
2026-05-13 15:54:59 | INFO     |   [EURUSDm] SELL 45/68
2026-05-13 15:54:59 | INFO     | 🕯️ [USDJPYm] New M5 bar closed: 1778662200
2026-05-13 15:54:59 | INFO     |   [USDJPYm] WAIT 0/68
2026-05-13 15:54:59 | INFO     | 🕯️ [USTECm] New M5 bar closed: 1778662200
2026-05-13 15:54:59 | INFO     |   [USTECm] WAIT 0/68
2026-05-13 15:55:00 | INFO     | 🕯️ [XAUUSDm] New M5 bar closed: 1778662200
2026-05-13 15:55:00 | INFO     |   [XAUUSDm] WAIT 0/68
2026-05-13 15:55:01 | INFO     | 🕯️ [BTCUSDm] New M5 bar closed: 1778662200
2026-05-13 15:55:01 | INFO     |   [BTCUSDm] WAIT 0/68
2026-05-13 15:58:39 | INFO     | 
══════════════════════════════════════════════════════════════════════
  📊  STATUS V22  [15:58:39 BKK]
  Equity    : $     62.40  (+4.00%)
  DD Daily  : 0.00%   DD Total: 0.00%   Mode: NORMAL
  Session   : LONDON           H4:NEUTRAL    H1:NEUTRAL   
  Global Pos: 0/4 | Floating Risk: 0.0%/12.0%
  Symbols   : XAUUSDm, EURUSDm, USDJPYm, USTECm, BTCUSDm
  Thresholds: NY=62 LDN=82 NY_EARLY=85 OOS=65
══════════════════════════════════════════════════════════════════════
2026-05-13 15:59:59 | INFO     | 🕯️ [EURUSDm] New M5 bar closed: 1778662500
2026-05-13 15:59:59 | INFO     |   [EURUSDm] WAIT 0/68
2026-05-13 16:00:00 | INFO     | 🕯️ [XAUUSDm] New M5 bar closed: 1778662500
2026-05-13 16:00:00 | INFO     |   [XAUUSDm] WAIT 0/68
2026-05-13 16:00:00 | INFO     | 🕯️ [USTECm] New M5 bar closed: 1778662500
2026-05-13 16:00:00 | INFO     |   [USTECm] WAIT 0/68
2026-05-13 16:00:00 | INFO     | 🕯️ [BTCUSDm] New M5 bar closed: 1778662500
2026-05-13 16:00:00 | INFO     |   [BTCUSDm] WAIT 0/68
2026-05-13 16:00:01 | INFO     | 🕯️ [USDJPYm] New M5 bar closed: 1778662500
2026-05-13 16:00:01 | INFO     |   [USDJPYm] WAIT 0/68
2026-05-13 16:03:40 | INFO     | 
══════════════════════════════════════════════════════════════════════
  📊  STATUS V22  [16:03:40 BKK]
  Equity    : $     59.84  (-0.27%)
  DD Daily  : 0.27%   DD Total: 0.27%   Mode: NORMAL
  Session   : LONDON           H4:NEUTRAL    H1:BULLISH   
  Global Pos: 0/4 | Floating Risk: 0.0%/12.0%
  Symbols   : XAUUSDm, EURUSDm, USDJPYm, USTECm, BTCUSDm
  Thresholds: NY=62 LDN=82 NY_EARLY=85 OOS=65
══════════════════════════════════════════════════════════════════════
2026-05-13 16:04:59 | INFO     | 🕯️ [USTECm] New M5 bar closed: 1778662800
2026-05-13 16:04:59 | INFO     |   [USTECm] BUY 26/68
2026-05-13 16:05:00 | INFO     | 🕯️ [XAUUSDm] New M5 bar closed: 1778662800
2026-05-13 16:05:00 | INFO     |   [XAUUSDm] WAIT 0/68
2026-05-13 16:05:00 | INFO     | 🕯️ [EURUSDm] New M5 bar closed: 1778662800
2026-05-13 16:05:00 | INFO     |   [EURUSDm] WAIT 0/68
2026-05-13 16:05:00 | INFO     | 🕯️ [USDJPYm] New M5 bar closed: 1778662800
2026-05-13 16:05:00 | INFO     |   [USDJPYm] WAIT 0/68
2026-05-13 16:05:00 | INFO     | 🕯️ [BTCUSDm] New M5 bar closed: 1778662800
2026-05-13 16:05:00 | INFO     |   [BTCUSDm] WAIT 0/68
2026-05-13 16:08:41 | INFO     | 
══════════════════════════════════════════════════════════════════════
  📊  STATUS V22  [16:08:41 BKK]
  Equity    : $     58.32  (-2.80%)
  DD Daily  : 2.80%   DD Total: 2.80%   Mode: NORMAL
  Session   : LONDON           H4:NEUTRAL    H1:NEUTRAL   
  Global Pos: 0/4 | Floating Risk: 0.0%/12.0%
  Symbols   : XAUUSDm, EURUSDm, USDJPYm, USTECm, BTCUSDm
  Thresholds: NY=62 LDN=82 NY_EARLY=85 OOS=65
══════════════════════════════════════════════════════════════════════
2026-05-13 16:09:59 | INFO     | 🕯️ [USTECm] New M5 bar closed: 1778663100
2026-05-13 16:09:59 | INFO     |   [USTECm] WAIT 0/68
2026-05-13 16:10:00 | INFO     | 🕯️ [XAUUSDm] New M5 bar closed: 1778663100
2026-05-13 16:10:00 | INFO     |   [XAUUSDm] WAIT 0/68
2026-05-13 16:10:00 | INFO     | 🕯️ [EURUSDm] New M5 bar closed: 1778663100
2026-05-13 16:10:00 | INFO     |   [EURUSDm] WAIT 0/68
2026-05-13 16:10:01 | INFO     | 🕯️ [USDJPYm] New M5 bar closed: 1778663100
2026-05-13 16:10:01 | INFO     |   [USDJPYm] WAIT 0/68
2026-05-13 16:10:01 | INFO     | 🕯️ [BTCUSDm] New M5 bar closed: 1778663100
2026-05-13 16:10:01 | INFO     |   [BTCUSDm] BUY 24/68
2026-05-13 16:13:41 | INFO     | 
══════════════════════════════════════════════════════════════════════
  📊  STATUS V22  [16:13:41 BKK]
  Equity    : $     52.06  (-13.23%)
  DD Daily  : 13.23%   DD Total: 13.23%   Mode: NORMAL
  Session   : LONDON           H4:NEUTRAL    H1:NEUTRAL   
  Global Pos: 0/4 | Floating Risk: 0.0%/12.0%
  Symbols   : XAUUSDm, EURUSDm, USDJPYm, USTECm, BTCUSDm
  Thresholds: NY=62 LDN=82 NY_EARLY=85 OOS=65
══════════════════════════════════════════════════════════════════════
2026-05-13 16:14:59 | INFO     | 🕯️ [BTCUSDm] New M5 bar closed: 1778663400
2026-05-13 16:14:59 | INFO     |   [BTCUSDm] WAIT 0/68
2026-05-13 16:15:00 | INFO     | 🕯️ [XAUUSDm] New M5 bar closed: 1778663400
2026-05-13 16:15:00 | INFO     |   [XAUUSDm] WAIT 0/68
2026-05-13 16:15:00 | INFO     | 🕯️ [EURUSDm] New M5 bar closed: 1778663400
2026-05-13 16:15:00 | INFO     |   [EURUSDm] WAIT 0/68
2026-05-13 16:15:00 | INFO     | 🕯️ [USDJPYm] New M5 bar closed: 1778663400
2026-05-13 16:15:00 | INFO     |   [USDJPYm] WAIT 0/68
2026-05-13 16:15:00 | INFO     | 🕯️ [USTECm] New M5 bar closed: 1778663400
2026-05-13 16:15:00 | INFO     |   [USTECm] WAIT 0/68
2026-05-13 16:18:42 | INFO     | 
══════════════════════════════════════════════════════════════════════
  📊  STATUS V22  [16:18:42 BKK]
  Equity    : $     40.70  (-32.17%)
  DD Daily  : 32.17%   DD Total: 32.17%   Mode: NORMAL
  Session   : LONDON           H4:NEUTRAL    H1:NEUTRAL   
  Global Pos: 0/4 | Floating Risk: 0.0%/12.0%
  Symbols   : XAUUSDm, EURUSDm, USDJPYm, USTECm, BTCUSDm
  Thresholds: NY=62 LDN=82 NY_EARLY=85 OOS=65
══════════════════════════════════════════════════════════════════════
2026-05-13 16:19:59 | INFO     | 🕯️ [USTECm] New M5 bar closed: 1778663700
2026-05-13 16:19:59 | INFO     |   [USTECm] WAIT 0/68
2026-05-13 16:20:00 | INFO     | 🕯️ [XAUUSDm] New M5 bar closed: 1778663700
2026-05-13 16:20:00 | INFO     |   [XAUUSDm] WAIT 0/68
2026-05-13 16:20:00 | INFO     | 🕯️ [EURUSDm] New M5 bar closed: 1778663700
2026-05-13 16:20:00 | INFO     |   [EURUSDm] WAIT 0/68
2026-05-13 16:20:00 | INFO     | 🕯️ [USDJPYm] New M5 bar closed: 1778663700
2026-05-13 16:20:00 | INFO     |   [USDJPYm] WAIT 0/68
2026-05-13 16:20:02 | INFO     | 🕯️ [BTCUSDm] New M5 bar closed: 1778663700
2026-05-13 16:20:02 | INFO     |   [BTCUSDm] WAIT 0/68
2026-05-13 16:23:43 | INFO     | 
══════════════════════════════════════════════════════════════════════
  📊  STATUS V22  [16:23:43 BKK]
  Equity    : $     34.20  (-43.00%)
  DD Daily  : 43.00%   DD Total: 43.00%   Mode: NORMAL
  Session   : LONDON           H4:NEUTRAL    H1:NEUTRAL   
  Global Pos: 0/4 | Floating Risk: 0.0%/12.0%
  Symbols   : XAUUSDm, EURUSDm, USDJPYm, USTECm, BTCUSDm
  Thresholds: NY=62 LDN=82 NY_EARLY=85 OOS=65
══════════════════════════════════════════════════════════════════════
2026-05-13 16:25:00 | INFO     | 🕯️ [XAUUSDm] New M5 bar closed: 1778664000
2026-05-13 16:25:00 | INFO     |   [XAUUSDm] WAIT 0/68
2026-05-13 16:25:00 | INFO     | 🕯️ [EURUSDm] New M5 bar closed: 1778664000
2026-05-13 16:25:00 | INFO     |   [EURUSDm] WAIT 0/68
2026-05-13 16:25:00 | INFO     | 🕯️ [USDJPYm] New M5 bar closed: 1778664000
2026-05-13 16:25:00 | INFO     |   [USDJPYm] WAIT 0/68
2026-05-13 16:25:00 | INFO     | 🕯️ [USTECm] New M5 bar closed: 1778664000
2026-05-13 16:25:00 | INFO     |   [USTECm] WAIT 0/68
2026-05-13 16:25:01 | INFO     | 🕯️ [BTCUSDm] New M5 bar closed: 1778664000
2026-05-13 16:25:01 | INFO     |   [BTCUSDm] BUY 24/68
2026-05-13 16:28:43 | INFO     | 
══════════════════════════════════════════════════════════════════════
  📊  STATUS V22  [16:28:43 BKK]
  Equity    : $     39.08  (-34.87%)
  DD Daily  : 34.87%   DD Total: 34.87%   Mode: NORMAL
  Session   : LONDON           H4:NEUTRAL    H1:NEUTRAL   
  Global Pos: 0/4 | Floating Risk: 0.0%/12.0%
  Symbols   : XAUUSDm, EURUSDm, USDJPYm, USTECm, BTCUSDm
  Thresholds: NY=62 LDN=82 NY_EARLY=85 OOS=65
══════════════════════════════════════════════════════════════════════
2026-05-13 16:29:59 | INFO     | 🕯️ [USTECm] New M5 bar closed: 1778664300
2026-05-13 16:29:59 | INFO     |   [USTECm] WAIT 0/68
2026-05-13 16:30:00 | INFO     | 🕯️ [XAUUSDm] New M5 bar closed: 1778664300
2026-05-13 16:30:00 | INFO     |   [XAUUSDm] WAIT 0/68
2026-05-13 16:30:00 | INFO     | 🕯️ [EURUSDm] New M5 bar closed: 1778664300
2026-05-13 16:30:00 | INFO     |   [EURUSDm] WAIT 0/68
2026-05-13 16:30:00 | INFO     | 🕯️ [USDJPYm] New M5 bar closed: 1778664300
2026-05-13 16:30:00 | INFO     |   [USDJPYm] WAIT 0/68
2026-05-13 16:30:03 | INFO     | 🕯️ [BTCUSDm] New M5 bar closed: 1778664300
2026-05-13 16:30:03 | INFO     |   [BTCUSDm] BUY 24/65
2026-05-13 16:33:43 | INFO     | 
══════════════════════════════════════════════════════════════════════
  📊  STATUS V22  [16:33:43 BKK]
  Equity    : $     37.16  (-38.07%)
  DD Daily  : 38.07%   DD Total: 38.07%   Mode: NORMAL
  Session   : LONDON           H4:NEUTRAL    H1:NEUTRAL   
  Global Pos: 0/4 | Floating Risk: 0.0%/12.0%
  Symbols   : XAUUSDm, EURUSDm, USDJPYm, USTECm, BTCUSDm
  Thresholds: NY=62 LDN=82 NY_EARLY=85 OOS=65
══════════════════════════════════════════════════════════════════════
2026-05-13 16:34:59 | INFO     | 🕯️ [USDJPYm] New M5 bar closed: 1778664600
2026-05-13 16:34:59 | INFO     |   [USDJPYm] WAIT 0/65
2026-05-13 16:34:59 | INFO     | 🕯️ [USTECm] New M5 bar closed: 1778664600
2026-05-13 16:34:59 | INFO     |   [USTECm] WAIT 0/65
2026-05-13 16:35:00 | INFO     | 🕯️ [XAUUSDm] New M5 bar closed: 1778664600
2026-05-13 16:35:00 | INFO     |   [XAUUSDm] WAIT 0/65
2026-05-13 16:35:00 | INFO     | 🕯️ [EURUSDm] New M5 bar closed: 1778664600
2026-05-13 16:35:00 | INFO     |   [EURUSDm] WAIT 0/65
2026-05-13 16:35:01 | INFO     | 🕯️ [BTCUSDm] New M5 bar closed: 1778664600
2026-05-13 16:35:01 | INFO     |   [BTCUSDm] WAIT 0/65
2026-05-13 16:38:43 | INFO     | 
══════════════════════════════════════════════════════════════════════
  📊  STATUS V22  [16:38:43 BKK]
  Equity    : $     39.44  (-34.27%)
  DD Daily  : 34.27%   DD Total: 34.27%   Mode: NORMAL
  Session   : LONDON           H4:NEUTRAL    H1:NEUTRAL   
  Global Pos: 0/4 | Floating Risk: 0.0%/12.0%
  Symbols   : XAUUSDm, EURUSDm, USDJPYm, USTECm, BTCUSDm
  Thresholds: NY=62 LDN=82 NY_EARLY=85 OOS=65
══════════════════════════════════════════════════════════════════════
2026-05-13 16:39:59 | INFO     | 🕯️ [USTECm] New M5 bar closed: 1778664900
2026-05-13 16:40:00 | INFO     |   [USTECm] WAIT 0/65
2026-05-13 16:40:00 | INFO     | 🕯️ [XAUUSDm] New M5 bar closed: 1778664900
2026-05-13 16:40:00 | INFO     |   [XAUUSDm] WAIT 0/65
2026-05-13 16:40:00 | INFO     | 🕯️ [EURUSDm] New M5 bar closed: 1778664900
2026-05-13 16:40:00 | INFO     |   [EURUSDm] WAIT 0/65
2026-05-13 16:40:00 | INFO     | 🕯️ [USDJPYm] New M5 bar closed: 1778664900
2026-05-13 16:40:00 | INFO     |   [USDJPYm] WAIT 0/65
2026-05-13 16:40:05 | INFO     | 🕯️ [BTCUSDm] New M5 bar closed: 1778664900
2026-05-13 16:40:05 | INFO     |   [BTCUSDm] WAIT 0/65
2026-05-13 16:43:44 | INFO     | 
══════════════════════════════════════════════════════════════════════
  📊  STATUS V22  [16:43:44 BKK]
  Equity    : $     45.06  (-24.90%)
  DD Daily  : 24.90%   DD Total: 24.90%   Mode: NORMAL
  Session   : LONDON           H4:NEUTRAL    H1:NEUTRAL   
  Global Pos: 0/4 | Floating Risk: 0.0%/12.0%
  Symbols   : XAUUSDm, EURUSDm, USDJPYm, USTECm, BTCUSDm
  Thresholds: NY=62 LDN=82 NY_EARLY=85 OOS=65
══════════════════════════════════════════════════════════════════════
2026-05-13 16:44:59 | INFO     | 🕯️ [USTECm] New M5 bar closed: 1778665200
2026-05-13 16:44:59 | INFO     |   [USTECm] WAIT 0/65
2026-05-13 16:45:00 | INFO     | 🕯️ [XAUUSDm] New M5 bar closed: 1778665200
2026-05-13 16:45:00 | INFO     |   [XAUUSDm] WAIT 0/65
2026-05-13 16:45:00 | INFO     | 🕯️ [EURUSDm] New M5 bar closed: 1778665200
2026-05-13 16:45:00 | INFO     |   [EURUSDm] WAIT 0/65
2026-05-13 16:45:00 | INFO     | 🕯️ [USDJPYm] New M5 bar closed: 1778665200
2026-05-13 16:45:00 | INFO     |   [USDJPYm] WAIT 0/65
2026-05-13 16:45:00 | INFO     | 🕯️ [BTCUSDm] New M5 bar closed: 1778665200
2026-05-13 16:45:00 | INFO     |   [BTCUSDm] BUY 24/65
2026-05-13 16:48:45 | INFO     | 
══════════════════════════════════════════════════════════════════════
  📊  STATUS V22  [16:48:45 BKK]
  Equity    : $     46.94  (-21.77%)
  DD Daily  : 21.77%   DD Total: 21.77%   Mode: NORMAL
  Session   : LONDON           H4:NEUTRAL    H1:NEUTRAL   
  Global Pos: 0/4 | Floating Risk: 0.0%/12.0%
  Symbols   : XAUUSDm, EURUSDm, USDJPYm, USTECm, BTCUSDm
  Thresholds: NY=62 LDN=82 NY_EARLY=85 OOS=65
══════════════════════════════════════════════════════════════════════
2026-05-13 16:49:59 | INFO     | 🕯️ [XAUUSDm] New M5 bar closed: 1778665500
2026-05-13 16:49:59 | INFO     |   [XAUUSDm] BUY 58/65
2026-05-13 16:50:00 | INFO     | 🕯️ [EURUSDm] New M5 bar closed: 1778665500
2026-05-13 16:50:00 | INFO     |   [EURUSDm] WAIT 0/65
2026-05-13 16:50:00 | INFO     | 🕯️ [USDJPYm] New M5 bar closed: 1778665500
2026-05-13 16:50:00 | INFO     |   [USDJPYm] WAIT 0/65
2026-05-13 16:50:00 | INFO     | 🕯️ [USTECm] New M5 bar closed: 1778665500
2026-05-13 16:50:00 | INFO     |   [USTECm] BUY 26/65
2026-05-13 16:50:00 | INFO     | 🕯️ [BTCUSDm] New M5 bar closed: 1778665500
2026-05-13 16:50:00 | INFO     |   [BTCUSDm] BUY 24/65
2026-05-13 16:53:45 | INFO     | 
══════════════════════════════════════════════════════════════════════
  📊  STATUS V22  [16:53:45 BKK]
  Equity    : $     53.14  (-11.43%)
  DD Daily  : 11.43%   DD Total: 11.43%   Mode: NORMAL
  Session   : LONDON           H4:NEUTRAL    H1:NEUTRAL   
  Global Pos: 0/4 | Floating Risk: 0.0%/12.0%
  Symbols   : XAUUSDm, EURUSDm, USDJPYm, USTECm, BTCUSDm
  Thresholds: NY=62 LDN=82 NY_EARLY=85 OOS=65
══════════════════════════════════════════════════════════════════════
2026-05-13 16:54:59 | INFO     | 🕯️ [USDJPYm] New M5 bar closed: 1778665800
2026-05-13 16:54:59 | INFO     |   [USDJPYm] WAIT 0/65
2026-05-13 16:55:00 | INFO     | 🕯️ [XAUUSDm] New M5 bar closed: 1778665800
2026-05-13 16:55:00 | INFO     |   [XAUUSDm] WAIT 0/65
2026-05-13 16:55:00 | INFO     | 🕯️ [EURUSDm] New M5 bar closed: 1778665800
2026-05-13 16:55:00 | INFO     |   [EURUSDm] WAIT 0/65
2026-05-13 16:55:00 | INFO     | 🕯️ [USTECm] New M5 bar closed: 1778665800
2026-05-13 16:55:00 | INFO     |   [USTECm] WAIT 0/65
2026-05-13 16:55:06 | INFO     | 🕯️ [BTCUSDm] New M5 bar closed: 1778665800
2026-05-13 16:55:06 | INFO     |   [BTCUSDm] BUY 24/65
2026-05-13 16:58:46 | INFO     | 
══════════════════════════════════════════════════════════════════════
  📊  STATUS V22  [16:58:46 BKK]
  Equity    : $     56.92  (-5.13%)
  DD Daily  : 5.13%   DD Total: 5.13%   Mode: NORMAL
  Session   : LONDON           H4:NEUTRAL    H1:NEUTRAL   
  Global Pos: 0/4 | Floating Risk: 0.0%/12.0%
  Symbols   : XAUUSDm, EURUSDm, USDJPYm, USTECm, BTCUSDm
  Thresholds: NY=62 LDN=82 NY_EARLY=85 OOS=65
══════════════════════════════════════════════════════════════════════
2026-05-13 17:00:00 | INFO     | 🕯️ [XAUUSDm] New M5 bar closed: 1778666100
2026-05-13 17:00:00 | INFO     |   [XAUUSDm] WAIT 0/65
2026-05-13 17:00:00 | INFO     | 🕯️ [EURUSDm] New M5 bar closed: 1778666100
2026-05-13 17:00:00 | INFO     |   [EURUSDm] BUY 52/65
2026-05-13 17:00:00 | INFO     | 🕯️ [USDJPYm] New M5 bar closed: 1778666100
2026-05-13 17:00:00 | INFO     |   [USDJPYm] SELL 40/65
2026-05-13 17:00:00 | INFO     | 🕯️ [USTECm] New M5 bar closed: 1778666100
2026-05-13 17:00:00 | INFO     |   [USTECm] SELL 14/65
2026-05-13 17:00:00 | INFO     | 🕯️ [BTCUSDm] New M5 bar closed: 1778666100
2026-05-13 17:00:00 | INFO     |   [BTCUSDm] WAIT 0/65
2026-05-13 17:03:47 | INFO     | 
══════════════════════════════════════════════════════════════════════
  📊  STATUS V22  [17:03:47 BKK]
  Equity    : $     57.42  (-4.30%)
  DD Daily  : 4.30%   DD Total: 4.30%   Mode: NORMAL
  Session   : LONDON           H4:NEUTRAL    H1:NEUTRAL   
  Global Pos: 0/4 | Floating Risk: 0.0%/12.0%
  Symbols   : XAUUSDm, EURUSDm, USDJPYm, USTECm, BTCUSDm
  Thresholds: NY=62 LDN=82 NY_EARLY=85 OOS=65
══════════════════════════════════════════════════════════════════════
2026-05-13 17:05:00 | INFO     | 🕯️ [USTECm] New M5 bar closed: 1778666400
2026-05-13 17:05:00 | INFO     |   [USTECm] WAIT 0/65
2026-05-13 17:05:00 | INFO     | 🕯️ [BTCUSDm] New M5 bar closed: 1778666400
2026-05-13 17:05:00 | INFO     |   [BTCUSDm] WAIT 0/65
2026-05-13 17:05:01 | INFO     | 🕯️ [XAUUSDm] New M5 bar closed: 1778666400
2026-05-13 17:05:01 | INFO     |   [XAUUSDm] WAIT 0/65
2026-05-13 17:05:01 | INFO     | 🕯️ [EURUSDm] New M5 bar closed: 1778666400
2026-05-13 17:05:01 | INFO     |   [EURUSDm] BUY 14/65
2026-05-13 17:05:01 | INFO     | 🕯️ [USDJPYm] New M5 bar closed: 1778666400
2026-05-13 17:05:01 | INFO     |   [USDJPYm] WAIT 0/65
2026-05-13 17:08:47 | INFO     | 
══════════════════════════════════════════════════════════════════════
  📊  STATUS V22  [17:08:47 BKK]
  Equity    : $     57.42  (-4.30%)
  DD Daily  : 4.30%   DD Total: 4.30%   Mode: NORMAL
  Session   : LONDON           H4:NEUTRAL    H1:BULLISH   
  Global Pos: 0/4 | Floating Risk: 0.0%/12.0%
  Symbols   : XAUUSDm, EURUSDm, USDJPYm, USTECm, BTCUSDm
  Thresholds: NY=62 LDN=82 NY_EARLY=85 OOS=65
══════════════════════════════════════════════════════════════════════
2026-05-13 17:09:59 | INFO     | 🕯️ [USDJPYm] New M5 bar closed: 1778666700
2026-05-13 17:09:59 | INFO     |   [USDJPYm] WAIT 0/65
2026-05-13 17:09:59 | INFO     | 🕯️ [USTECm] New M5 bar closed: 1778666700
2026-05-13 17:09:59 | INFO     |   [USTECm] WAIT 0/65
2026-05-13 17:10:00 | INFO     | 🕯️ [XAUUSDm] New M5 bar closed: 1778666700
2026-05-13 17:10:00 | INFO     |   [XAUUSDm] WAIT 0/65
2026-05-13 17:10:00 | INFO     | 🕯️ [EURUSDm] New M5 bar closed: 1778666700
2026-05-13 17:10:00 | INFO     |   [EURUSDm] SELL 27/65
2026-05-13 17:10:03 | INFO     | 🕯️ [BTCUSDm] New M5 bar closed: 1778666700
2026-05-13 17:10:03 | INFO     |   [BTCUSDm] WAIT 0/65
2026-05-13 17:11:32 | WARNING  | Signal 2 → shutdown
2026-05-13 17:11:32 | WARNING  | 🚨 SHUTDOWN — EXIT
2026-05-13 17:11:33 | WARNING  | 🚨 Final: equity$57.42 balance$57.42
2026-05-13 17:11:33 | WARNING  | 🚨 SHUTDOWN COMPLETE.
2026-05-13 17:11:33 | INFO     | MT5 offline. Bot V.23 terminated.
2026-05-13 17:30:31 | INFO     | Bot V.23 starting
2026-05-13 17:30:31 | INFO     | ✅ DB V22 schema ready
2026-05-13 17:30:31 | WARNING  | 🔌 Reconnect #1 in 5s
2026-05-13 17:30:31 | INFO     | ✅ Reconnected on attempt #1
2026-05-13 17:30:31 | INFO     | Startup orphan SL scan…
2026-05-13 17:30:31 | INFO     | 🌐 Round-Robin scanner ACTIVE | XAUUSDm, EURUSDm, USDJPYm, USTECm, BTCUSDm
2026-05-13 17:30:31 | INFO     | 🕯️ [XAUUSDm] New M5 bar closed: 1778667900
2026-05-13 17:30:31 | INFO     |   [XAUUSDm] WAIT 0/80
2026-05-13 17:30:31 | INFO     | 🕯️ [EURUSDm] New M5 bar closed: 1778667900
2026-05-13 17:30:31 | INFO     |   [EURUSDm] WAIT 0/80
2026-05-13 17:30:31 | INFO     | 🕯️ [USDJPYm] New M5 bar closed: 1778667900
2026-05-13 17:30:31 | INFO     |   [USDJPYm] SELL -14/80
2026-05-13 17:30:31 | INFO     | 🕯️ [USTECm] New M5 bar closed: 1778667900
2026-05-13 17:30:31 | INFO     |   [USTECm] WAIT 0/80
2026-05-13 17:30:32 | INFO     | 🕯️ [BTCUSDm] New M5 bar closed: 1778667900
2026-05-13 17:30:32 | INFO     |   [BTCUSDm] WAIT 0/80
2026-05-13 17:30:52 | WARNING  | Signal 2 → shutdown
2026-05-13 17:30:52 | WARNING  | 🚨 SHUTDOWN — EXIT
2026-05-13 17:30:53 | WARNING  | 🚨 Final: equity$57.42 balance$57.42
2026-05-13 17:30:53 | WARNING  | 🚨 SHUTDOWN COMPLETE.
2026-05-13 17:30:53 | INFO     | MT5 offline. Bot V.23 terminated.
2026-05-13 18:35:22 | INFO     | Bot V.23 starting
2026-05-13 18:35:22 | INFO     | ✅ DB V22 schema ready
2026-05-13 18:35:22 | WARNING  | 🔌 Reconnect #1 in 5s
2026-05-13 18:35:22 | INFO     | ✅ Reconnected on attempt #1
2026-05-13 18:35:22 | INFO     | Startup orphan SL scan…
2026-05-13 18:35:22 | INFO     | 🌐 Round-Robin scanner ACTIVE | XAUUSDm, EURUSDm, USDJPYm, USTECm, BTCUSDm
2026-05-13 18:35:22 | INFO     | 🕯️ [XAUUSDm] New M5 bar closed: 1778671800
2026-05-13 18:35:23 | INFO     |   [XAUUSDm] WAIT 0/65
2026-05-13 18:35:24 | INFO     | 🕯️ [EURUSDm] New M5 bar closed: 1778671800
2026-05-13 18:35:24 | INFO     |   [EURUSDm] WAIT 0/65
2026-05-13 18:35:24 | INFO     | 🕯️ [USDJPYm] New M5 bar closed: 1778671800
2026-05-13 18:35:24 | INFO     |   [USDJPYm] WAIT 0/65
2026-05-13 18:35:24 | INFO     | 🕯️ [USTECm] New M5 bar closed: 1778671800
2026-05-13 18:35:24 | INFO     |   [USTECm] BUY 40/65
2026-05-13 18:35:24 | INFO     | 🕯️ [BTCUSDm] New M5 bar closed: 1778671800
2026-05-13 18:35:24 | INFO     |   [BTCUSDm] SELL 11/65
2026-05-13 18:39:18 | WARNING  | Signal 2 → shutdown
2026-05-13 18:39:19 | WARNING  | 🚨 SHUTDOWN — EXIT
2026-05-13 18:39:19 | WARNING  | 🚨 Final: equity$57.42 balance$57.42
2026-05-13 18:39:19 | WARNING  | 🚨 SHUTDOWN COMPLETE.
2026-05-13 18:39:19 | INFO     | MT5 offline. Bot V.23 terminated.
2026-05-13 18:39:51 | INFO     | Bot V.23 starting
2026-05-13 18:39:51 | INFO     | ✅ DB V22 schema ready
2026-05-13 18:39:51 | WARNING  | 🔌 Reconnect #1 in 5s
2026-05-13 18:39:51 | INFO     | ✅ Reconnected on attempt #1
2026-05-13 18:39:51 | INFO     | Startup orphan SL scan…
2026-05-13 18:39:51 | INFO     | 🌐 Round-Robin scanner ACTIVE | XAUUSDm, EURUSDm, USDJPYm, USTECm, BTCUSDm
2026-05-13 18:39:51 | INFO     | 🕯️ [XAUUSDm] New M5 bar closed: 1778671800
2026-05-13 18:39:51 | INFO     |   [XAUUSDm] WAIT 0/65
2026-05-13 18:39:51 | INFO     | 🕯️ [EURUSDm] New M5 bar closed: 1778671800
2026-05-13 18:39:51 | INFO     |   [EURUSDm] WAIT 0/65
2026-05-13 18:39:52 | INFO     | 🕯️ [USDJPYm] New M5 bar closed: 1778671800
2026-05-13 18:39:52 | INFO     |   [USDJPYm] WAIT 0/65
2026-05-13 18:39:52 | INFO     | 🕯️ [USTECm] New M5 bar closed: 1778671800
2026-05-13 18:39:52 | INFO     |   [USTECm] BUY 40/65
2026-05-13 18:39:52 | INFO     | 🕯️ [BTCUSDm] New M5 bar closed: 1778671800
2026-05-13 18:39:52 | INFO     |   [BTCUSDm] SELL 11/65
2026-05-13 18:39:54 | WARNING  | Signal 2 → shutdown
2026-05-13 18:39:55 | WARNING  | 🚨 SHUTDOWN — EXIT
2026-05-13 18:39:56 | WARNING  | 🚨 Final: equity$57.42 balance$57.42
2026-05-13 18:39:56 | WARNING  | 🚨 SHUTDOWN COMPLETE.
2026-05-13 18:39:56 | INFO     | MT5 offline. Bot V.23 terminated.
2026-05-13 18:45:43 | INFO     | Bot V.23 starting
2026-05-13 18:45:43 | INFO     | ✅ DB V22 schema ready
2026-05-13 18:45:43 | WARNING  | 🔌 Reconnect #1 in 5s
2026-05-13 18:45:43 | INFO     | ✅ Reconnected on attempt #1
2026-05-13 18:45:43 | INFO     | Startup orphan SL scan…
2026-05-13 18:45:43 | INFO     | 🌐 Round-Robin scanner ACTIVE | XAUUSDm, EURUSDm, USDJPYm, USTECm, BTCUSDm
2026-05-13 18:45:43 | INFO     | 🕯️ [XAUUSDm] New M5 bar closed: 1778672400
2026-05-13 18:45:43 | INFO     |   [XAUUSDm] WAIT 0/65
2026-05-13 18:45:43 | INFO     | 🕯️ [EURUSDm] New M5 bar closed: 1778672400
2026-05-13 18:45:43 | INFO     |   [EURUSDm] WAIT 0/65
2026-05-13 18:45:43 | INFO     | 🕯️ [USDJPYm] New M5 bar closed: 1778672400
2026-05-13 18:45:43 | INFO     |   [USDJPYm] WAIT 0/65
2026-05-13 18:45:43 | INFO     | 🕯️ [USTECm] New M5 bar closed: 1778672400
2026-05-13 18:45:43 | INFO     |   [USTECm] WAIT 0/65
2026-05-13 18:45:43 | INFO     | 🕯️ [BTCUSDm] New M5 bar closed: 1778672400
2026-05-13 18:45:43 | INFO     |   [BTCUSDm] SELL 26/65
2026-05-13 18:45:55 | WARNING  | Signal 2 → shutdown
2026-05-13 18:45:55 | WARNING  | 🚨 SHUTDOWN — EXIT
2026-05-13 18:45:56 | WARNING  | 🚨 Final: equity$57.42 balance$57.42
2026-05-13 18:45:56 | WARNING  | 🚨 SHUTDOWN COMPLETE.
2026-05-13 18:45:56 | INFO     | MT5 offline. Bot V.23 terminated.
2026-05-13 19:16:16 | INFO     | Bot V.23 starting
2026-05-13 19:16:16 | INFO     | ✅ DB V22 schema ready
2026-05-13 19:16:16 | WARNING  | 🔌 Reconnect #1 in 5s
2026-05-13 19:16:16 | INFO     | ✅ Reconnected on attempt #1
2026-05-13 19:16:16 | INFO     | Startup orphan SL scan…
2026-05-13 19:16:16 | INFO     | 🌐 Round-Robin scanner ACTIVE | XAUUSDm, EURUSDm, USDJPYm, USTECm, BTCUSDm
2026-05-13 19:16:16 | INFO     | 🕯️ [XAUUSDm] New M5 bar closed: 1778674200
2026-05-13 19:16:16 | INFO     | 📰 News: StaticNewsBlock
2026-05-13 19:16:17 | INFO     | 🕯️ [EURUSDm] New M5 bar closed: 1778674200
2026-05-13 19:16:17 | INFO     | 📰 News: StaticNewsBlock
2026-05-13 19:16:17 | INFO     | 🕯️ [USDJPYm] New M5 bar closed: 1778674200
2026-05-13 19:16:17 | INFO     | 📰 News: StaticNewsBlock
2026-05-13 19:16:17 | INFO     | 🕯️ [USTECm] New M5 bar closed: 1778674200
2026-05-13 19:16:17 | INFO     | 📰 News: StaticNewsBlock
2026-05-13 19:16:17 | INFO     | 🕯️ [BTCUSDm] New M5 bar closed: 1778674200
2026-05-13 19:16:17 | INFO     | 📰 News: StaticNewsBlock
2026-05-13 19:16:27 | WARNING  | Signal 2 → shutdown
2026-05-13 19:16:27 | WARNING  | 🚨 SHUTDOWN — EXIT
2026-05-13 19:16:27 | WARNING  | 🚨 Final: equity$57.42 balance$57.42
2026-05-13 19:16:27 | WARNING  | 🚨 SHUTDOWN COMPLETE.
2026-05-13 19:16:27 | INFO     | MT5 offline. Bot V.23 terminated.
2026-05-14 00:48:44 | INFO     | Bot V.23 starting
2026-05-14 00:48:44 | INFO     | ✅ DB V22 schema ready
2026-05-14 00:48:44 | WARNING  | 🔌 Reconnect #1 in 5s
2026-05-14 00:48:44 | INFO     | ✅ Reconnected on attempt #1
2026-05-14 00:48:44 | INFO     | Startup orphan SL scan…
2026-05-14 00:48:44 | INFO     | 🌐 Round-Robin scanner ACTIVE | XAUUSDm, EURUSDm, USDJPYm, USTECm, BTCUSDm
2026-05-14 00:48:44 | INFO     | 🕯️ [XAUUSDm] New M5 bar closed: 1778694000
2026-05-14 00:48:44 | INFO     | 🕯️ [USDJPYm] New M5 bar closed: 1778684400
2026-05-14 00:48:45 | INFO     | 🕯️ [USTECm] New M5 bar closed: 1778684400
2026-05-14 00:48:45 | INFO     | 🕯️ [BTCUSDm] New M5 bar closed: 1778684400
2026-05-14 00:48:46 | INFO     | 🕯️ [EURUSDm] New M5 bar closed: 1778694000
2026-05-14 00:48:46 | INFO     | 🕯️ [USDJPYm] New M5 bar closed: 1778694000
2026-05-14 00:48:46 | INFO     | 🕯️ [USTECm] New M5 bar closed: 1778694000
2026-05-14 00:48:46 | INFO     | 🕯️ [BTCUSDm] New M5 bar closed: 1778694000
2026-05-14 00:50:00 | INFO     | 🕯️ [XAUUSDm] New M5 bar closed: 1778694300
2026-05-14 00:50:00 | INFO     | 🕯️ [EURUSDm] New M5 bar closed: 1778694300
2026-05-14 00:50:00 | INFO     | 🕯️ [USDJPYm] New M5 bar closed: 1778694300
2026-05-14 00:50:00 | INFO     | 🕯️ [USTECm] New M5 bar closed: 1778694300
2026-05-14 00:50:03 | INFO     | 🕯️ [BTCUSDm] New M5 bar closed: 1778694300
2026-05-14 00:53:44 | INFO     | 
══════════════════════════════════════════════════════════════════════
  📊  STATUS V22  [00:53:44 BKK]
  Equity    : $     57.42  (-4.30%)
  DD Daily  : 4.30%   DD Total: 4.30%   Mode: NORMAL
  Session   : UNKNOWN          H4:NEUTRAL    H1:NEUTRAL   
  Global Pos: 0/4 | Floating Risk: 0.0%/20.0%
  Symbols   : XAUUSDm, EURUSDm, USDJPYm, USTECm, BTCUSDm
  Thresholds: NY=65 LDN=82 NY_EARLY=85 OOS=80
══════════════════════════════════════════════════════════════════════
2026-05-14 00:54:03 | WARNING  | Signal 2 → shutdown
2026-05-14 00:54:04 | WARNING  | 🚨 SHUTDOWN — EXIT
2026-05-14 00:54:04 | WARNING  | 🚨 Final: equity$57.42 balance$57.42
2026-05-14 00:54:04 | WARNING  | 🚨 SHUTDOWN COMPLETE.
2026-05-14 00:54:04 | INFO     | MT5 offline. Bot V.23 terminated.
2026-05-14 02:10:24 | INFO     | Bot V.23 starting
2026-05-14 02:10:24 | INFO     | ✅ DB V22 schema ready
2026-05-14 02:10:24 | WARNING  | 🔌 Reconnect #1 in 5s
2026-05-14 02:10:24 | INFO     | ✅ Reconnected on attempt #1
2026-05-14 02:10:24 | INFO     | Startup orphan SL scan…
2026-05-14 02:10:24 | INFO     | 🌐 Round-Robin scanner ACTIVE | XAUUSDm, EURUSDm, USDJPYm, USTECm, BTCUSDm
2026-05-14 02:10:24 | INFO     | 🕯️ [XAUUSDm] New M5 bar closed: 1778699100
2026-05-14 02:10:24 | INFO     | 🕯️ [EURUSDm] New M5 bar closed: 1778698200
2026-05-14 02:10:24 | INFO     | 🕯️ [USDJPYm] New M5 bar closed: 1778698200
2026-05-14 02:10:25 | INFO     | 🕯️ [USTECm] New M5 bar closed: 1778698200
2026-05-14 02:10:25 | INFO     | 🕯️ [BTCUSDm] New M5 bar closed: 1778699100
2026-05-14 02:10:25 | INFO     | 🕯️ [EURUSDm] New M5 bar closed: 1778699100
2026-05-14 02:10:26 | INFO     | 🕯️ [USDJPYm] New M5 bar closed: 1778699100
2026-05-14 02:10:26 | INFO     | 🕯️ [USTECm] New M5 bar closed: 1778699100
2026-05-14 02:11:25 | WARNING  | Signal 2 → shutdown
2026-05-14 02:11:26 | WARNING  | 🚨 SHUTDOWN — EXIT
2026-05-14 02:11:26 | WARNING  | 🚨 Final: equity$57.42 balance$57.42
2026-05-14 02:11:26 | WARNING  | 🚨 SHUTDOWN COMPLETE.
2026-05-14 02:11:26 | INFO     | MT5 offline. Bot V.23 terminated.
2026-05-14 03:01:29 | INFO     | Bot V.23 starting
2026-05-14 03:01:29 | INFO     | ✅ DB V22 schema ready
2026-05-14 03:01:29 | WARNING  | 🔌 Reconnect #1 in 5s
2026-05-14 03:01:29 | INFO     | ✅ Reconnected on attempt #1
2026-05-14 03:01:29 | INFO     | Startup orphan SL scan…
2026-05-14 03:01:29 | INFO     | 🌐 Round-Robin scanner ACTIVE | XAUUSDm, EURUSDm, USDJPYm, USTECm, BTCUSDm
2026-05-14 03:01:29 | INFO     | 🕯️ [XAUUSDm] New M5 bar closed: 1778702100
2026-05-14 03:01:29 | INFO     | 🕯️ [EURUSDm] New M5 bar closed: 1778700900
2026-05-14 03:01:29 | INFO     | 🕯️ [USDJPYm] New M5 bar closed: 1778700900
2026-05-14 03:01:29 | INFO     | 🕯️ [USTECm] New M5 bar closed: 1778700900
2026-05-14 03:01:29 | INFO     | 🕯️ [BTCUSDm] New M5 bar closed: 1778700900
2026-05-14 03:01:30 | INFO     | 🕯️ [EURUSDm] New M5 bar closed: 1778702100
2026-05-14 03:01:30 | INFO     | 🕯️ [USDJPYm] New M5 bar closed: 1778702100
2026-05-14 03:01:30 | INFO     | 🕯️ [USTECm] New M5 bar closed: 1778702100
2026-05-14 03:01:30 | INFO     | 🕯️ [BTCUSDm] New M5 bar closed: 1778702100
2026-05-14 03:05:00 | INFO     | 🕯️ [XAUUSDm] New M5 bar closed: 1778702400
2026-05-14 03:05:00 | INFO     | 🕯️ [USDJPYm] New M5 bar closed: 1778702400
2026-05-14 03:05:00 | INFO     | 🕯️ [USTECm] New M5 bar closed: 1778702400
2026-05-14 03:05:01 | INFO     | 🕯️ [EURUSDm] New M5 bar closed: 1778702400
2026-05-14 03:05:03 | INFO     | 🕯️ [BTCUSDm] New M5 bar closed: 1778702400
2026-05-14 03:06:30 | INFO     | 
══════════════════════════════════════════════════════════════════════
  📊  STATUS V22  [03:06:30 BKK]
  Equity    : $     57.42  (-4.30%)
  DD Daily  : 4.30%   DD Total: 4.30%   Mode: NORMAL
  Session   : UNKNOWN          H4:NEUTRAL    H1:NEUTRAL   
  Global Pos: 0/4 | Floating Risk: 0.0%/15.0%
  Symbols   : XAUUSDm, EURUSDm, USDJPYm, USTECm, BTCUSDm
  Thresholds: NY=65 LDN=82 NY_EARLY=85 OOS=80
══════════════════════════════════════════════════════════════════════
2026-05-14 03:10:00 | INFO     | 🕯️ [XAUUSDm] New M5 bar closed: 1778702700
2026-05-14 03:10:00 | INFO     | 🕯️ [EURUSDm] New M5 bar closed: 1778702700
2026-05-14 03:10:00 | INFO     | 🕯️ [USDJPYm] New M5 bar closed: 1778702700
2026-05-14 03:10:01 | INFO     | 🕯️ [USTECm] New M5 bar closed: 1778702700
2026-05-14 03:10:02 | INFO     | 🕯️ [BTCUSDm] New M5 bar closed: 1778702700
2026-05-14 03:11:30 | INFO     | 
══════════════════════════════════════════════════════════════════════
  📊  STATUS V22  [03:11:30 BKK]
  Equity    : $     57.42  (-4.30%)
  DD Daily  : 4.30%   DD Total: 4.30%   Mode: NORMAL
  Session   : UNKNOWN          H4:NEUTRAL    H1:NEUTRAL   
  Global Pos: 0/4 | Floating Risk: 0.0%/15.0%
  Symbols   : XAUUSDm, EURUSDm, USDJPYm, USTECm, BTCUSDm
  Thresholds: NY=65 LDN=82 NY_EARLY=85 OOS=80
══════════════════════════════════════════════════════════════════════
2026-05-14 03:15:00 | INFO     | 🕯️ [XAUUSDm] New M5 bar closed: 1778703000
2026-05-14 03:15:00 | INFO     | 🕯️ [USTECm] New M5 bar closed: 1778703000
2026-05-14 03:15:01 | INFO     | 🕯️ [EURUSDm] New M5 bar closed: 1778703000
2026-05-14 03:15:01 | INFO     | 🕯️ [USDJPYm] New M5 bar closed: 1778703000
2026-05-14 03:15:01 | INFO     | 🕯️ [BTCUSDm] New M5 bar closed: 1778703000
2026-05-14 03:16:30 | INFO     | 
══════════════════════════════════════════════════════════════════════
  📊  STATUS V22  [03:16:30 BKK]
  Equity    : $     57.42  (-4.30%)
  DD Daily  : 4.30%   DD Total: 4.30%   Mode: NORMAL
  Session   : UNKNOWN          H4:NEUTRAL    H1:NEUTRAL   
  Global Pos: 0/4 | Floating Risk: 0.0%/15.0%
  Symbols   : XAUUSDm, EURUSDm, USDJPYm, USTECm, BTCUSDm
  Thresholds: NY=65 LDN=82 NY_EARLY=85 OOS=80
══════════════════════════════════════════════════════════════════════
2026-05-14 03:20:00 | INFO     | 🕯️ [EURUSDm] New M5 bar closed: 1778703300
2026-05-14 03:20:00 | INFO     | 🕯️ [USTECm] New M5 bar closed: 1778703300
2026-05-14 03:20:01 | INFO     | 🕯️ [XAUUSDm] New M5 bar closed: 1778703300
2026-05-14 03:20:01 | INFO     | 🕯️ [USDJPYm] New M5 bar closed: 1778703300
2026-05-14 03:20:01 | INFO     | 🕯️ [BTCUSDm] New M5 bar closed: 1778703300
2026-05-14 03:21:30 | INFO     | 
══════════════════════════════════════════════════════════════════════
  📊  STATUS V22  [03:21:30 BKK]
  Equity    : $     57.42  (-4.30%)
  DD Daily  : 4.30%   DD Total: 4.30%   Mode: NORMAL
  Session   : UNKNOWN          H4:NEUTRAL    H1:NEUTRAL   
  Global Pos: 0/4 | Floating Risk: 0.0%/15.0%
  Symbols   : XAUUSDm, EURUSDm, USDJPYm, USTECm, BTCUSDm
  Thresholds: NY=65 LDN=82 NY_EARLY=85 OOS=80
══════════════════════════════════════════════════════════════════════
2026-05-14 03:25:00 | INFO     | 🕯️ [XAUUSDm] New M5 bar closed: 1778703600
2026-05-14 03:25:01 | INFO     | 🕯️ [USTECm] New M5 bar closed: 1778703600
2026-05-14 03:25:01 | INFO     | 🕯️ [BTCUSDm] New M5 bar closed: 1778703600
2026-05-14 03:25:03 | INFO     | 🕯️ [EURUSDm] New M5 bar closed: 1778703600
2026-05-14 03:25:03 | INFO     | 🕯️ [USDJPYm] New M5 bar closed: 1778703600
2026-05-14 03:26:30 | INFO     | 
══════════════════════════════════════════════════════════════════════
  📊  STATUS V22  [03:26:30 BKK]
  Equity    : $     57.42  (-4.30%)
  DD Daily  : 4.30%   DD Total: 4.30%   Mode: NORMAL
  Session   : UNKNOWN          H4:NEUTRAL    H1:NEUTRAL   
  Global Pos: 0/4 | Floating Risk: 0.0%/15.0%
  Symbols   : XAUUSDm, EURUSDm, USDJPYm, USTECm, BTCUSDm
  Thresholds: NY=65 LDN=82 NY_EARLY=85 OOS=80
══════════════════════════════════════════════════════════════════════
2026-05-14 03:30:00 | INFO     | 🕯️ [XAUUSDm] New M5 bar closed: 1778703900
2026-05-14 03:30:00 | INFO     | 🕯️ [EURUSDm] New M5 bar closed: 1778703900
2026-05-14 03:30:00 | INFO     | 🕯️ [USDJPYm] New M5 bar closed: 1778703900
2026-05-14 03:30:00 | INFO     | 🕯️ [USTECm] New M5 bar closed: 1778703900
2026-05-14 03:30:03 | INFO     | 🕯️ [BTCUSDm] New M5 bar closed: 1778703900
2026-05-14 03:31:31 | INFO     | 
══════════════════════════════════════════════════════════════════════
  📊  STATUS V22  [03:31:31 BKK]
  Equity    : $     57.42  (-4.30%)
  DD Daily  : 4.30%   DD Total: 4.30%   Mode: NORMAL
  Session   : UNKNOWN          H4:NEUTRAL    H1:NEUTRAL   
  Global Pos: 0/4 | Floating Risk: 0.0%/15.0%
  Symbols   : XAUUSDm, EURUSDm, USDJPYm, USTECm, BTCUSDm
  Thresholds: NY=65 LDN=82 NY_EARLY=85 OOS=80
══════════════════════════════════════════════════════════════════════
2026-05-14 03:35:00 | INFO     | 🕯️ [XAUUSDm] New M5 bar closed: 1778704200
2026-05-14 03:35:00 | INFO     | 🕯️ [USDJPYm] New M5 bar closed: 1778704200
2026-05-14 03:35:00 | INFO     | 🕯️ [USTECm] New M5 bar closed: 1778704200
2026-05-14 03:35:02 | INFO     | 🕯️ [EURUSDm] New M5 bar closed: 1778704200
2026-05-14 03:35:03 | INFO     | 🕯️ [BTCUSDm] New M5 bar closed: 1778704200
2026-05-14 03:36:31 | INFO     | 
══════════════════════════════════════════════════════════════════════
  📊  STATUS V22  [03:36:31 BKK]
  Equity    : $     57.42  (-4.30%)
  DD Daily  : 4.30%   DD Total: 4.30%   Mode: NORMAL
  Session   : UNKNOWN          H4:NEUTRAL    H1:NEUTRAL   
  Global Pos: 0/4 | Floating Risk: 0.0%/15.0%
  Symbols   : XAUUSDm, EURUSDm, USDJPYm, USTECm, BTCUSDm
  Thresholds: NY=65 LDN=82 NY_EARLY=85 OOS=80
══════════════════════════════════════════════════════════════════════
2026-05-14 03:40:00 | INFO     | 🕯️ [USDJPYm] New M5 bar closed: 1778704500
2026-05-14 03:40:01 | INFO     | 🕯️ [XAUUSDm] New M5 bar closed: 1778704500
2026-05-14 03:40:01 | INFO     | 🕯️ [EURUSDm] New M5 bar closed: 1778704500
2026-05-14 03:40:01 | INFO     | 🕯️ [USTECm] New M5 bar closed: 1778704500
2026-05-14 03:40:09 | INFO     | 🕯️ [BTCUSDm] New M5 bar closed: 1778704500
2026-05-14 03:41:31 | INFO     | 
══════════════════════════════════════════════════════════════════════
  📊  STATUS V22  [03:41:31 BKK]
  Equity    : $     57.42  (-4.30%)
  DD Daily  : 4.30%   DD Total: 4.30%   Mode: NORMAL
  Session   : UNKNOWN          H4:NEUTRAL    H1:NEUTRAL   
  Global Pos: 0/4 | Floating Risk: 0.0%/15.0%
  Symbols   : XAUUSDm, EURUSDm, USDJPYm, USTECm, BTCUSDm
  Thresholds: NY=65 LDN=82 NY_EARLY=85 OOS=80
══════════════════════════════════════════════════════════════════════
2026-05-14 03:45:00 | INFO     | 🕯️ [XAUUSDm] New M5 bar closed: 1778704800
2026-05-14 03:45:00 | INFO     | 🕯️ [USDJPYm] New M5 bar closed: 1778704800
2026-05-14 03:45:00 | INFO     | 🕯️ [USTECm] New M5 bar closed: 1778704800
2026-05-14 03:45:03 | INFO     | 🕯️ [EURUSDm] New M5 bar closed: 1778704800
2026-05-14 03:45:04 | INFO     | 🕯️ [BTCUSDm] New M5 bar closed: 1778704800
2026-05-14 03:46:31 | INFO     | 
══════════════════════════════════════════════════════════════════════
  📊  STATUS V22  [03:46:31 BKK]
  Equity    : $     57.42  (-4.30%)
  DD Daily  : 4.30%   DD Total: 4.30%   Mode: NORMAL
  Session   : UNKNOWN          H4:NEUTRAL    H1:NEUTRAL   
  Global Pos: 0/4 | Floating Risk: 0.0%/15.0%
  Symbols   : XAUUSDm, EURUSDm, USDJPYm, USTECm, BTCUSDm
  Thresholds: NY=65 LDN=82 NY_EARLY=85 OOS=80
══════════════════════════════════════════════════════════════════════
2026-05-14 03:50:00 | INFO     | 🕯️ [XAUUSDm] New M5 bar closed: 1778705100
2026-05-14 03:50:00 | INFO     | 🕯️ [EURUSDm] New M5 bar closed: 1778705100
2026-05-14 03:50:00 | INFO     | 🕯️ [USDJPYm] New M5 bar closed: 1778705100
2026-05-14 03:50:00 | INFO     | 🕯️ [USTECm] New M5 bar closed: 1778705100
2026-05-14 03:50:09 | INFO     | 🕯️ [BTCUSDm] New M5 bar closed: 1778705100
2026-05-14 03:51:31 | INFO     | 
══════════════════════════════════════════════════════════════════════
  📊  STATUS V22  [03:51:31 BKK]
  Equity    : $     57.42  (-4.30%)
  DD Daily  : 4.30%   DD Total: 4.30%   Mode: NORMAL
  Session   : UNKNOWN          H4:NEUTRAL    H1:NEUTRAL   
  Global Pos: 0/4 | Floating Risk: 0.0%/15.0%
  Symbols   : XAUUSDm, EURUSDm, USDJPYm, USTECm, BTCUSDm
  Thresholds: NY=65 LDN=82 NY_EARLY=85 OOS=80
══════════════════════════════════════════════════════════════════════
2026-05-14 03:55:00 | INFO     | 🕯️ [XAUUSDm] New M5 bar closed: 1778705400
2026-05-14 03:55:00 | INFO     | 🕯️ [EURUSDm] New M5 bar closed: 1778705400
2026-05-14 03:55:00 | INFO     | 🕯️ [USDJPYm] New M5 bar closed: 1778705400
2026-05-14 03:55:00 | INFO     | 🕯️ [USTECm] New M5 bar closed: 1778705400
2026-05-14 03:55:06 | INFO     | 🕯️ [BTCUSDm] New M5 bar closed: 1778705400
2026-05-14 03:56:31 | INFO     | 
══════════════════════════════════════════════════════════════════════
  📊  STATUS V22  [03:56:31 BKK]
  Equity    : $     57.42  (-4.30%)
  DD Daily  : 4.30%   DD Total: 4.30%   Mode: NORMAL
  Session   : UNKNOWN          H4:NEUTRAL    H1:NEUTRAL   
  Global Pos: 0/4 | Floating Risk: 0.0%/15.0%
  Symbols   : XAUUSDm, EURUSDm, USDJPYm, USTECm, BTCUSDm
  Thresholds: NY=65 LDN=82 NY_EARLY=85 OOS=80
══════════════════════════════════════════════════════════════════════
2026-05-14 04:00:00 | INFO     | 🕯️ [BTCUSDm] New M5 bar closed: 1778705700
2026-05-14 04:01:00 | INFO     | 🕯️ [EURUSDm] New M5 bar closed: 1778705700
2026-05-14 04:01:32 | INFO     | 
══════════════════════════════════════════════════════════════════════
  📊  STATUS V22  [04:01:32 BKK]
  Equity    : $     57.42  (-4.30%)
  DD Daily  : 4.30%   DD Total: 4.30%   Mode: NORMAL
  Session   : UNKNOWN          H4:NEUTRAL    H1:NEUTRAL   
  Global Pos: 0/4 | Floating Risk: 0.0%/15.0%
  Symbols   : XAUUSDm, EURUSDm, USDJPYm, USTECm, BTCUSDm
  Thresholds: NY=65 LDN=82 NY_EARLY=85 OOS=80
══════════════════════════════════════════════════════════════════════
2026-05-14 04:05:00 | INFO     | 🕯️ [USDJPYm] New M5 bar closed: 1778705700
2026-05-14 04:05:01 | INFO     | 🕯️ [EURUSDm] New M5 bar closed: 1778706000
2026-05-14 04:05:02 | INFO     | 🕯️ [BTCUSDm] New M5 bar closed: 1778706000
2026-05-14 04:06:32 | INFO     | 
══════════════════════════════════════════════════════════════════════
  📊  STATUS V22  [04:06:32 BKK]
  Equity    : $     57.42  (-4.30%)
  DD Daily  : 4.30%   DD Total: 4.30%   Mode: NORMAL
  Session   : UNKNOWN          H4:NEUTRAL    H1:NEUTRAL   
  Global Pos: 0/4 | Floating Risk: 0.0%/15.0%
  Symbols   : XAUUSDm, EURUSDm, USDJPYm, USTECm, BTCUSDm
  Thresholds: NY=65 LDN=82 NY_EARLY=85 OOS=80
══════════════════════════════════════════════════════════════════════
2026-05-14 04:10:01 | INFO     | 🕯️ [EURUSDm] New M5 bar closed: 1778706300
2026-05-14 04:10:01 | INFO     | 🕯️ [USDJPYm] New M5 bar closed: 1778706300
2026-05-14 04:10:01 | INFO     | 🕯️ [BTCUSDm] New M5 bar closed: 1778706300
2026-05-14 04:11:32 | INFO     | 
══════════════════════════════════════════════════════════════════════
  📊  STATUS V22  [04:11:32 BKK]
  Equity    : $     57.42  (-4.30%)
  DD Daily  : 4.30%   DD Total: 4.30%   Mode: NORMAL
  Session   : UNKNOWN          H4:NEUTRAL    H1:NEUTRAL   
  Global Pos: 0/4 | Floating Risk: 0.0%/15.0%
  Symbols   : XAUUSDm, EURUSDm, USDJPYm, USTECm, BTCUSDm
  Thresholds: NY=65 LDN=82 NY_EARLY=85 OOS=80
══════════════════════════════════════════════════════════════════════
2026-05-14 04:15:00 | INFO     | 🕯️ [USDJPYm] New M5 bar closed: 1778706600
2026-05-14 04:15:01 | INFO     | 🕯️ [BTCUSDm] New M5 bar closed: 1778706600
2026-05-14 04:15:08 | INFO     | 🕯️ [EURUSDm] New M5 bar closed: 1778706600
2026-05-14 04:16:32 | INFO     | 
══════════════════════════════════════════════════════════════════════
  📊  STATUS V22  [04:16:32 BKK]
  Equity    : $     57.42  (-4.30%)
  DD Daily  : 4.30%   DD Total: 4.30%   Mode: NORMAL
  Session   : UNKNOWN          H4:NEUTRAL    H1:NEUTRAL   
  Global Pos: 0/4 | Floating Risk: 0.0%/15.0%
  Symbols   : XAUUSDm, EURUSDm, USDJPYm, USTECm, BTCUSDm
  Thresholds: NY=65 LDN=82 NY_EARLY=85 OOS=80
══════════════════════════════════════════════════════════════════════
2026-05-14 04:20:01 | INFO     | 🕯️ [BTCUSDm] New M5 bar closed: 1778706900
2026-05-14 04:20:02 | INFO     | 🕯️ [EURUSDm] New M5 bar closed: 1778706900
2026-05-14 04:20:03 | INFO     | 🕯️ [USDJPYm] New M5 bar closed: 1778706900
2026-05-14 04:21:32 | INFO     | 
══════════════════════════════════════════════════════════════════════
  📊  STATUS V22  [04:21:32 BKK]
  Equity    : $     57.42  (-4.30%)
  DD Daily  : 4.30%   DD Total: 4.30%   Mode: NORMAL
  Session   : UNKNOWN          H4:NEUTRAL    H1:NEUTRAL   
  Global Pos: 0/4 | Floating Risk: 0.0%/15.0%
  Symbols   : XAUUSDm, EURUSDm, USDJPYm, USTECm, BTCUSDm
  Thresholds: NY=65 LDN=82 NY_EARLY=85 OOS=80
══════════════════════════════════════════════════════════════════════
2026-05-14 04:25:00 | INFO     | 🕯️ [BTCUSDm] New M5 bar closed: 1778707200
2026-05-14 04:25:06 | INFO     | 🕯️ [USDJPYm] New M5 bar closed: 1778707200
2026-05-14 04:25:07 | INFO     | 🕯️ [EURUSDm] New M5 bar closed: 1778707200
2026-05-14 04:26:32 | INFO     | 
══════════════════════════════════════════════════════════════════════
  📊  STATUS V22  [04:26:32 BKK]
  Equity    : $     57.42  (-4.30%)
  DD Daily  : 4.30%   DD Total: 4.30%   Mode: NORMAL
  Session   : UNKNOWN          H4:NEUTRAL    H1:NEUTRAL   
  Global Pos: 0/4 | Floating Risk: 0.0%/15.0%
  Symbols   : XAUUSDm, EURUSDm, USDJPYm, USTECm, BTCUSDm
  Thresholds: NY=65 LDN=82 NY_EARLY=85 OOS=80
══════════════════════════════════════════════════════════════════════
2026-05-14 04:30:00 | INFO     | 🕯️ [EURUSDm] New M5 bar closed: 1778707500
2026-05-14 04:30:01 | INFO     | 🕯️ [USDJPYm] New M5 bar closed: 1778707500
2026-05-14 04:30:01 | INFO     | 🕯️ [BTCUSDm] New M5 bar closed: 1778707500
2026-05-14 04:31:33 | INFO     | 
══════════════════════════════════════════════════════════════════════
  📊  STATUS V22  [04:31:33 BKK]
  Equity    : $     57.42  (-4.30%)
  DD Daily  : 4.30%   DD Total: 4.30%   Mode: NORMAL
  Session   : UNKNOWN          H4:NEUTRAL    H1:NEUTRAL   
  Global Pos: 0/4 | Floating Risk: 0.0%/15.0%
  Symbols   : XAUUSDm, EURUSDm, USDJPYm, USTECm, BTCUSDm
  Thresholds: NY=65 LDN=82 NY_EARLY=85 OOS=80
══════════════════════════════════════════════════════════════════════
2026-05-14 04:35:00 | INFO     | 🕯️ [EURUSDm] New M5 bar closed: 1778707800
2026-05-14 04:35:00 | INFO     | 🕯️ [BTCUSDm] New M5 bar closed: 1778707800
2026-05-14 04:35:01 | INFO     | 🕯️ [USDJPYm] New M5 bar closed: 1778707800
2026-05-14 04:36:34 | INFO     | 
══════════════════════════════════════════════════════════════════════
  📊  STATUS V22  [04:36:34 BKK]
  Equity    : $     57.42  (-4.30%)
  DD Daily  : 4.30%   DD Total: 4.30%   Mode: NORMAL
  Session   : UNKNOWN          H4:NEUTRAL    H1:NEUTRAL   
  Global Pos: 0/4 | Floating Risk: 0.0%/15.0%
  Symbols   : XAUUSDm, EURUSDm, USDJPYm, USTECm, BTCUSDm
  Thresholds: NY=65 LDN=82 NY_EARLY=85 OOS=80
══════════════════════════════════════════════════════════════════════
2026-05-14 04:40:00 | INFO     | 🕯️ [BTCUSDm] New M5 bar closed: 1778708100
2026-05-14 04:40:01 | INFO     | 🕯️ [USDJPYm] New M5 bar closed: 1778708100
2026-05-14 04:40:02 | INFO     | 🕯️ [EURUSDm] New M5 bar closed: 1778708100
2026-05-14 04:41:34 | INFO     | 
══════════════════════════════════════════════════════════════════════
  📊  STATUS V22  [04:41:34 BKK]
  Equity    : $     57.42  (-4.30%)
  DD Daily  : 4.30%   DD Total: 4.30%   Mode: NORMAL
  Session   : UNKNOWN          H4:NEUTRAL    H1:NEUTRAL   
  Global Pos: 0/4 | Floating Risk: 0.0%/15.0%
  Symbols   : XAUUSDm, EURUSDm, USDJPYm, USTECm, BTCUSDm
  Thresholds: NY=65 LDN=82 NY_EARLY=85 OOS=80
══════════════════════════════════════════════════════════════════════
2026-05-14 04:45:00 | INFO     | 🕯️ [EURUSDm] New M5 bar closed: 1778708400
2026-05-14 04:45:00 | INFO     | 🕯️ [BTCUSDm] New M5 bar closed: 1778708400
2026-05-14 04:45:01 | INFO     | 🕯️ [USDJPYm] New M5 bar closed: 1778708400
2026-05-14 04:46:34 | INFO     | 
══════════════════════════════════════════════════════════════════════
  📊  STATUS V22  [04:46:34 BKK]
  Equity    : $     57.42  (-4.30%)
  DD Daily  : 4.30%   DD Total: 4.30%   Mode: NORMAL
  Session   : UNKNOWN          H4:NEUTRAL    H1:NEUTRAL   
  Global Pos: 0/4 | Floating Risk: 0.0%/15.0%
  Symbols   : XAUUSDm, EURUSDm, USDJPYm, USTECm, BTCUSDm
  Thresholds: NY=65 LDN=82 NY_EARLY=85 OOS=80
══════════════════════════════════════════════════════════════════════
2026-05-14 04:50:02 | INFO     | 🕯️ [USDJPYm] New M5 bar closed: 1778708700
2026-05-14 04:50:03 | INFO     | 🕯️ [BTCUSDm] New M5 bar closed: 1778708700
2026-05-14 04:50:04 | INFO     | 🕯️ [EURUSDm] New M5 bar closed: 1778708700
2026-05-14 04:51:34 | INFO     | 
══════════════════════════════════════════════════════════════════════
  📊  STATUS V22  [04:51:34 BKK]
  Equity    : $     57.42  (-4.30%)
  DD Daily  : 4.30%   DD Total: 4.30%   Mode: NORMAL
  Session   : UNKNOWN          H4:NEUTRAL    H1:NEUTRAL   
  Global Pos: 0/4 | Floating Risk: 0.0%/15.0%
  Symbols   : XAUUSDm, EURUSDm, USDJPYm, USTECm, BTCUSDm
  Thresholds: NY=65 LDN=82 NY_EARLY=85 OOS=80
══════════════════════════════════════════════════════════════════════
2026-05-14 04:55:00 | INFO     | 🕯️ [BTCUSDm] New M5 bar closed: 1778709000
2026-05-14 04:55:01 | INFO     | 🕯️ [USDJPYm] New M5 bar closed: 1778709000
2026-05-14 04:55:02 | INFO     | 🕯️ [EURUSDm] New M5 bar closed: 1778709000
2026-05-14 04:56:34 | INFO     | 
══════════════════════════════════════════════════════════════════════
  📊  STATUS V22  [04:56:34 BKK]
  Equity    : $     57.42  (-4.30%)
  DD Daily  : 4.30%   DD Total: 4.30%   Mode: NORMAL
  Session   : UNKNOWN          H4:NEUTRAL    H1:NEUTRAL   
  Global Pos: 0/4 | Floating Risk: 0.0%/15.0%
  Symbols   : XAUUSDm, EURUSDm, USDJPYm, USTECm, BTCUSDm
  Thresholds: NY=65 LDN=82 NY_EARLY=85 OOS=80
══════════════════════════════════════════════════════════════════════
2026-05-14 05:00:00 | INFO     | 🕯️ [USDJPYm] New M5 bar closed: 1778709300
2026-05-14 05:00:00 | INFO     | 🕯️ [USTECm] New M5 bar closed: 1778705700
2026-05-14 05:00:01 | INFO     | 🕯️ [EURUSDm] New M5 bar closed: 1778709300
2026-05-14 05:00:01 | INFO     | 🕯️ [BTCUSDm] New M5 bar closed: 1778709300
2026-05-14 05:00:30 | INFO     | 🕯️ [XAUUSDm] New M5 bar closed: 1778705700
2026-05-14 05:01:34 | INFO     | 
══════════════════════════════════════════════════════════════════════
  📊  STATUS V22  [05:01:34 BKK]
  Equity    : $     57.42  (-4.30%)
  DD Daily  : 4.30%   DD Total: 4.30%   Mode: NORMAL
  Session   : UNKNOWN          H4:NEUTRAL    H1:NEUTRAL   
  Global Pos: 0/4 | Floating Risk: 0.0%/15.0%
  Symbols   : XAUUSDm, EURUSDm, USDJPYm, USTECm, BTCUSDm
  Thresholds: NY=65 LDN=82 NY_EARLY=85 OOS=80
══════════════════════════════════════════════════════════════════════
2026-05-14 05:05:00 | INFO     | 🕯️ [XAUUSDm] New M5 bar closed: 1778709600
2026-05-14 05:05:00 | INFO     | 🕯️ [USTECm] New M5 bar closed: 1778709600
2026-05-14 05:05:01 | INFO     | 🕯️ [BTCUSDm] New M5 bar closed: 1778709600
2026-05-14 05:05:02 | INFO     | 🕯️ [EURUSDm] New M5 bar closed: 1778709600
2026-05-14 05:05:02 | INFO     | 🕯️ [USDJPYm] New M5 bar closed: 1778709600
2026-05-14 05:06:34 | INFO     | 
══════════════════════════════════════════════════════════════════════
  📊  STATUS V22  [05:06:34 BKK]
  Equity    : $     57.42  (-4.30%)
  DD Daily  : 4.30%   DD Total: 4.30%   Mode: NORMAL
  Session   : UNKNOWN          H4:NEUTRAL    H1:NEUTRAL   
  Global Pos: 0/4 | Floating Risk: 0.0%/15.0%
  Symbols   : XAUUSDm, EURUSDm, USDJPYm, USTECm, BTCUSDm
  Thresholds: NY=65 LDN=82 NY_EARLY=85 OOS=80
══════════════════════════════════════════════════════════════════════
2026-05-14 05:10:00 | INFO     | 🕯️ [XAUUSDm] New M5 bar closed: 1778709900
2026-05-14 05:10:00 | INFO     | 🕯️ [EURUSDm] New M5 bar closed: 1778709900
2026-05-14 05:10:00 | INFO     | 🕯️ [USDJPYm] New M5 bar closed: 1778709900
2026-05-14 05:10:00 | INFO     | 🕯️ [USTECm] New M5 bar closed: 1778709900
2026-05-14 05:10:01 | INFO     | 🕯️ [BTCUSDm] New M5 bar closed: 1778709900
2026-05-14 05:11:34 | INFO     | 
══════════════════════════════════════════════════════════════════════
  📊  STATUS V22  [05:11:34 BKK]
  Equity    : $     57.42  (-4.30%)
  DD Daily  : 4.30%   DD Total: 4.30%   Mode: NORMAL
  Session   : UNKNOWN          H4:NEUTRAL    H1:NEUTRAL   
  Global Pos: 0/4 | Floating Risk: 0.0%/15.0%
  Symbols   : XAUUSDm, EURUSDm, USDJPYm, USTECm, BTCUSDm
  Thresholds: NY=65 LDN=82 NY_EARLY=85 OOS=80
══════════════════════════════════════════════════════════════════════
2026-05-14 05:15:00 | INFO     | 🕯️ [XAUUSDm] New M5 bar closed: 1778710200
2026-05-14 05:15:00 | INFO     | 🕯️ [EURUSDm] New M5 bar closed: 1778710200
2026-05-14 05:15:00 | INFO     | 🕯️ [USDJPYm] New M5 bar closed: 1778710200
2026-05-14 05:15:00 | INFO     | 🕯️ [USTECm] New M5 bar closed: 1778710200
2026-05-14 05:15:02 | INFO     | 🕯️ [BTCUSDm] New M5 bar closed: 1778710200
2026-05-14 05:16:34 | INFO     | 
══════════════════════════════════════════════════════════════════════
  📊  STATUS V22  [05:16:34 BKK]
  Equity    : $     57.42  (-4.30%)
  DD Daily  : 4.30%   DD Total: 4.30%   Mode: NORMAL
  Session   : UNKNOWN          H4:NEUTRAL    H1:NEUTRAL   
  Global Pos: 0/4 | Floating Risk: 0.0%/15.0%
  Symbols   : XAUUSDm, EURUSDm, USDJPYm, USTECm, BTCUSDm
  Thresholds: NY=65 LDN=82 NY_EARLY=85 OOS=80
══════════════════════════════════════════════════════════════════════
2026-05-14 05:20:00 | INFO     | 🕯️ [XAUUSDm] New M5 bar closed: 1778710500
2026-05-14 05:20:00 | INFO     | 🕯️ [EURUSDm] New M5 bar closed: 1778710500
2026-05-14 05:20:00 | INFO     | 🕯️ [USDJPYm] New M5 bar closed: 1778710500
2026-05-14 05:20:01 | INFO     | 🕯️ [USTECm] New M5 bar closed: 1778710500
2026-05-14 05:20:01 | INFO     | 🕯️ [BTCUSDm] New M5 bar closed: 1778710500
2026-05-14 05:21:34 | INFO     | 
══════════════════════════════════════════════════════════════════════
  📊  STATUS V22  [05:21:34 BKK]
  Equity    : $     57.42  (-4.30%)
  DD Daily  : 4.30%   DD Total: 4.30%   Mode: NORMAL
  Session   : UNKNOWN          H4:NEUTRAL    H1:NEUTRAL   
  Global Pos: 0/4 | Floating Risk: 0.0%/15.0%
  Symbols   : XAUUSDm, EURUSDm, USDJPYm, USTECm, BTCUSDm
  Thresholds: NY=65 LDN=82 NY_EARLY=85 OOS=80
══════════════════════════════════════════════════════════════════════
2026-05-14 05:25:00 | INFO     | 🕯️ [XAUUSDm] New M5 bar closed: 1778710800
2026-05-14 05:25:01 | INFO     | 🕯️ [EURUSDm] New M5 bar closed: 1778710800
2026-05-14 05:25:02 | INFO     | 🕯️ [USTECm] New M5 bar closed: 1778710800
2026-05-14 05:25:02 | INFO     | 🕯️ [USDJPYm] New M5 bar closed: 1778710800
2026-05-14 05:25:08 | INFO     | 🕯️ [BTCUSDm] New M5 bar closed: 1778710800
2026-05-14 05:26:34 | INFO     | 
══════════════════════════════════════════════════════════════════════
  📊  STATUS V22  [05:26:34 BKK]
  Equity    : $     57.42  (-4.30%)
  DD Daily  : 4.30%   DD Total: 4.30%   Mode: NORMAL
  Session   : UNKNOWN          H4:NEUTRAL    H1:NEUTRAL   
  Global Pos: 0/4 | Floating Risk: 0.0%/15.0%
  Symbols   : XAUUSDm, EURUSDm, USDJPYm, USTECm, BTCUSDm
  Thresholds: NY=65 LDN=82 NY_EARLY=85 OOS=80
══════════════════════════════════════════════════════════════════════
2026-05-14 05:30:00 | INFO     | 🕯️ [XAUUSDm] New M5 bar closed: 1778711100
2026-05-14 05:30:00 | INFO     | 🕯️ [EURUSDm] New M5 bar closed: 1778711100
2026-05-14 05:30:00 | INFO     | 🕯️ [USDJPYm] New M5 bar closed: 1778711100
2026-05-14 05:30:01 | INFO     | 🕯️ [USTECm] New M5 bar closed: 1778711100
2026-05-14 05:30:01 | INFO     | 🕯️ [BTCUSDm] New M5 bar closed: 1778711100
2026-05-14 05:31:34 | INFO     | 
══════════════════════════════════════════════════════════════════════
  📊  STATUS V22  [05:31:34 BKK]
  Equity    : $     57.42  (-4.30%)
  DD Daily  : 4.30%   DD Total: 4.30%   Mode: NORMAL
  Session   : UNKNOWN          H4:NEUTRAL    H1:NEUTRAL   
  Global Pos: 0/4 | Floating Risk: 0.0%/15.0%
  Symbols   : XAUUSDm, EURUSDm, USDJPYm, USTECm, BTCUSDm
  Thresholds: NY=65 LDN=82 NY_EARLY=85 OOS=80
══════════════════════════════════════════════════════════════════════
2026-05-14 05:35:00 | INFO     | 🕯️ [EURUSDm] New M5 bar closed: 1778711400
2026-05-14 05:35:00 | INFO     | 🕯️ [USDJPYm] New M5 bar closed: 1778711400
2026-05-14 05:35:01 | INFO     | 🕯️ [USTECm] New M5 bar closed: 1778711400
2026-05-14 05:35:01 | INFO     | 🕯️ [XAUUSDm] New M5 bar closed: 1778711400
2026-05-14 05:35:02 | INFO     | 🕯️ [BTCUSDm] New M5 bar closed: 1778711400
2026-05-14 05:36:35 | INFO     | 
══════════════════════════════════════════════════════════════════════
  📊  STATUS V22  [05:36:35 BKK]
  Equity    : $     57.42  (-4.30%)
  DD Daily  : 4.30%   DD Total: 4.30%   Mode: NORMAL
  Session   : UNKNOWN          H4:NEUTRAL    H1:NEUTRAL   
  Global Pos: 0/4 | Floating Risk: 0.0%/15.0%
  Symbols   : XAUUSDm, EURUSDm, USDJPYm, USTECm, BTCUSDm
  Thresholds: NY=65 LDN=82 NY_EARLY=85 OOS=80
══════════════════════════════════════════════════════════════════════
2026-05-14 05:40:00 | INFO     | 🕯️ [XAUUSDm] New M5 bar closed: 1778711700
2026-05-14 05:40:00 | INFO     | 🕯️ [EURUSDm] New M5 bar closed: 1778711700
2026-05-14 05:40:00 | INFO     | 🕯️ [USDJPYm] New M5 bar closed: 1778711700
2026-05-14 05:40:01 | INFO     | 🕯️ [USTECm] New M5 bar closed: 1778711700
2026-05-14 05:40:03 | INFO     | 🕯️ [BTCUSDm] New M5 bar closed: 1778711700
2026-05-14 05:41:35 | INFO     | 
══════════════════════════════════════════════════════════════════════
  📊  STATUS V22  [05:41:35 BKK]
  Equity    : $     57.42  (-4.30%)
  DD Daily  : 4.30%   DD Total: 4.30%   Mode: NORMAL
  Session   : UNKNOWN          H4:NEUTRAL    H1:NEUTRAL   
  Global Pos: 0/4 | Floating Risk: 0.0%/15.0%
  Symbols   : XAUUSDm, EURUSDm, USDJPYm, USTECm, BTCUSDm
  Thresholds: NY=65 LDN=82 NY_EARLY=85 OOS=80
══════════════════════════════════════════════════════════════════════
2026-05-14 05:45:00 | INFO     | 🕯️ [XAUUSDm] New M5 bar closed: 1778712000
2026-05-14 05:45:00 | INFO     | 🕯️ [EURUSDm] New M5 bar closed: 1778712000
2026-05-14 05:45:01 | INFO     | 🕯️ [USTECm] New M5 bar closed: 1778712000
2026-05-14 05:45:01 | INFO     | 🕯️ [USDJPYm] New M5 bar closed: 1778712000
2026-05-14 05:45:07 | INFO     | 🕯️ [BTCUSDm] New M5 bar closed: 1778712000
2026-05-14 05:46:35 | INFO     | 
══════════════════════════════════════════════════════════════════════
  📊  STATUS V22  [05:46:35 BKK]
  Equity    : $     57.42  (-4.30%)
  DD Daily  : 4.30%   DD Total: 4.30%   Mode: NORMAL
  Session   : UNKNOWN          H4:NEUTRAL    H1:NEUTRAL   
  Global Pos: 0/4 | Floating Risk: 0.0%/15.0%
  Symbols   : XAUUSDm, EURUSDm, USDJPYm, USTECm, BTCUSDm
  Thresholds: NY=65 LDN=82 NY_EARLY=85 OOS=80
══════════════════════════════════════════════════════════════════════
2026-05-14 05:50:00 | INFO     | 🕯️ [XAUUSDm] New M5 bar closed: 1778712300
2026-05-14 05:50:00 | INFO     | 🕯️ [USDJPYm] New M5 bar closed: 1778712300
2026-05-14 05:50:01 | INFO     | 🕯️ [USTECm] New M5 bar closed: 1778712300
2026-05-14 05:50:01 | INFO     | 🕯️ [BTCUSDm] New M5 bar closed: 1778712300
2026-05-14 05:50:01 | INFO     | 🕯️ [EURUSDm] New M5 bar closed: 1778712300
2026-05-14 05:51:36 | INFO     | 
══════════════════════════════════════════════════════════════════════
  📊  STATUS V22  [05:51:36 BKK]
  Equity    : $     57.42  (-4.30%)
  DD Daily  : 4.30%   DD Total: 4.30%   Mode: NORMAL
  Session   : UNKNOWN          H4:NEUTRAL    H1:NEUTRAL   
  Global Pos: 0/4 | Floating Risk: 0.0%/15.0%
  Symbols   : XAUUSDm, EURUSDm, USDJPYm, USTECm, BTCUSDm
  Thresholds: NY=65 LDN=82 NY_EARLY=85 OOS=80
══════════════════════════════════════════════════════════════════════
2026-05-14 05:55:00 | INFO     | 🕯️ [XAUUSDm] New M5 bar closed: 1778712600
2026-05-14 05:55:00 | INFO     | 🕯️ [EURUSDm] New M5 bar closed: 1778712600
2026-05-14 05:55:01 | INFO     | 🕯️ [USTECm] New M5 bar closed: 1778712600
2026-05-14 05:55:02 | INFO     | 🕯️ [USDJPYm] New M5 bar closed: 1778712600
2026-05-14 05:55:04 | INFO     | 🕯️ [BTCUSDm] New M5 bar closed: 1778712600
2026-05-14 05:56:37 | INFO     | 
══════════════════════════════════════════════════════════════════════
  📊  STATUS V22  [05:56:37 BKK]
  Equity    : $     57.42  (-4.30%)
  DD Daily  : 4.30%   DD Total: 4.30%   Mode: NORMAL
  Session   : UNKNOWN          H4:NEUTRAL    H1:NEUTRAL   
  Global Pos: 0/4 | Floating Risk: 0.0%/15.0%
  Symbols   : XAUUSDm, EURUSDm, USDJPYm, USTECm, BTCUSDm
  Thresholds: NY=65 LDN=82 NY_EARLY=85 OOS=80
══════════════════════════════════════════════════════════════════════
2026-05-14 06:00:00 | INFO     | 🕯️ [XAUUSDm] New M5 bar closed: 1778712900
2026-05-14 06:00:00 | INFO     | 🕯️ [EURUSDm] New M5 bar closed: 1778712900
2026-05-14 06:00:00 | INFO     | 🕯️ [USDJPYm] New M5 bar closed: 1778712900
2026-05-14 06:00:01 | INFO     | 🕯️ [USTECm] New M5 bar closed: 1778712900
2026-05-14 06:00:03 | INFO     | 🕯️ [BTCUSDm] New M5 bar closed: 1778712900
2026-05-14 06:01:37 | INFO     | 
══════════════════════════════════════════════════════════════════════
  📊  STATUS V22  [06:01:37 BKK]
  Equity    : $     57.42  (-4.30%)
  DD Daily  : 4.30%   DD Total: 4.30%   Mode: NORMAL
  Session   : UNKNOWN          H4:NEUTRAL    H1:NEUTRAL   
  Global Pos: 0/4 | Floating Risk: 0.0%/15.0%
  Symbols   : XAUUSDm, EURUSDm, USDJPYm, USTECm, BTCUSDm
  Thresholds: NY=65 LDN=82 NY_EARLY=85 OOS=80
══════════════════════════════════════════════════════════════════════
2026-05-14 06:05:00 | INFO     | 🕯️ [XAUUSDm] New M5 bar closed: 1778713200
2026-05-14 06:05:01 | INFO     | 🕯️ [USDJPYm] New M5 bar closed: 1778713200
2026-05-14 06:05:01 | INFO     | 🕯️ [USTECm] New M5 bar closed: 1778713200
2026-05-14 06:05:01 | INFO     | 🕯️ [BTCUSDm] New M5 bar closed: 1778713200
2026-05-14 06:05:01 | INFO     | 🕯️ [EURUSDm] New M5 bar closed: 1778713200
2026-05-14 06:06:37 | INFO     | 
══════════════════════════════════════════════════════════════════════
  📊  STATUS V22  [06:06:37 BKK]
  Equity    : $     57.42  (-4.30%)
  DD Daily  : 4.30%   DD Total: 4.30%   Mode: NORMAL
  Session   : UNKNOWN          H4:NEUTRAL    H1:NEUTRAL   
  Global Pos: 0/4 | Floating Risk: 0.0%/15.0%
  Symbols   : XAUUSDm, EURUSDm, USDJPYm, USTECm, BTCUSDm
  Thresholds: NY=65 LDN=82 NY_EARLY=85 OOS=80
══════════════════════════════════════════════════════════════════════
2026-05-14 06:10:00 | INFO     | 🕯️ [USTECm] New M5 bar closed: 1778713500
2026-05-14 06:10:00 | INFO     | 🕯️ [BTCUSDm] New M5 bar closed: 1778713500
2026-05-14 06:10:00 | INFO     | 🕯️ [XAUUSDm] New M5 bar closed: 1778713500
2026-05-14 06:10:01 | INFO     | 🕯️ [USDJPYm] New M5 bar closed: 1778713500
2026-05-14 06:10:02 | INFO     | 🕯️ [EURUSDm] New M5 bar closed: 1778713500
2026-05-14 06:11:37 | INFO     | 
══════════════════════════════════════════════════════════════════════
  📊  STATUS V22  [06:11:37 BKK]
  Equity    : $     57.42  (-4.30%)
  DD Daily  : 4.30%   DD Total: 4.30%   Mode: NORMAL
  Session   : UNKNOWN          H4:NEUTRAL    H1:NEUTRAL   
  Global Pos: 0/4 | Floating Risk: 0.0%/15.0%
  Symbols   : XAUUSDm, EURUSDm, USDJPYm, USTECm, BTCUSDm
  Thresholds: NY=65 LDN=82 NY_EARLY=85 OOS=80
══════════════════════════════════════════════════════════════════════
2026-05-14 06:15:00 | INFO     | 🕯️ [XAUUSDm] New M5 bar closed: 1778713800
2026-05-14 06:15:00 | INFO     | 🕯️ [EURUSDm] New M5 bar closed: 1778713800
2026-05-14 06:15:01 | INFO     | 🕯️ [USDJPYm] New M5 bar closed: 1778713800
2026-05-14 06:15:01 | INFO     | 🕯️ [USTECm] New M5 bar closed: 1778713800
2026-05-14 06:15:03 | INFO     | 🕯️ [BTCUSDm] New M5 bar closed: 1778713800
2026-05-14 06:16:37 | INFO     | 
══════════════════════════════════════════════════════════════════════
  📊  STATUS V22  [06:16:37 BKK]
  Equity    : $     57.42  (-4.30%)
  DD Daily  : 4.30%   DD Total: 4.30%   Mode: NORMAL
  Session   : UNKNOWN          H4:NEUTRAL    H1:NEUTRAL   
  Global Pos: 0/4 | Floating Risk: 0.0%/15.0%
  Symbols   : XAUUSDm, EURUSDm, USDJPYm, USTECm, BTCUSDm
  Thresholds: NY=65 LDN=82 NY_EARLY=85 OOS=80
══════════════════════════════════════════════════════════════════════
2026-05-14 06:20:00 | INFO     | 🕯️ [USDJPYm] New M5 bar closed: 1778714100
2026-05-14 06:20:00 | INFO     | 🕯️ [XAUUSDm] New M5 bar closed: 1778714100
2026-05-14 06:20:01 | INFO     | 🕯️ [USTECm] New M5 bar closed: 1778714100
2026-05-14 06:20:01 | INFO     | 🕯️ [BTCUSDm] New M5 bar closed: 1778714100
2026-05-14 06:20:03 | INFO     | 🕯️ [EURUSDm] New M5 bar closed: 1778714100
2026-05-14 06:21:37 | INFO     | 
══════════════════════════════════════════════════════════════════════
  📊  STATUS V22  [06:21:37 BKK]
  Equity    : $     57.42  (-4.30%)
  DD Daily  : 4.30%   DD Total: 4.30%   Mode: NORMAL
  Session   : UNKNOWN          H4:NEUTRAL    H1:NEUTRAL   
  Global Pos: 0/4 | Floating Risk: 0.0%/15.0%
  Symbols   : XAUUSDm, EURUSDm, USDJPYm, USTECm, BTCUSDm
  Thresholds: NY=65 LDN=82 NY_EARLY=85 OOS=80
══════════════════════════════════════════════════════════════════════
2026-05-14 06:25:00 | INFO     | 🕯️ [XAUUSDm] New M5 bar closed: 1778714400
2026-05-14 06:25:00 | INFO     | 🕯️ [EURUSDm] New M5 bar closed: 1778714400
2026-05-14 06:25:01 | INFO     | 🕯️ [USTECm] New M5 bar closed: 1778714400
2026-05-14 06:25:01 | INFO     | 🕯️ [BTCUSDm] New M5 bar closed: 1778714400
2026-05-14 06:25:02 | INFO     | 🕯️ [USDJPYm] New M5 bar closed: 1778714400
2026-05-14 06:26:37 | INFO     | 
══════════════════════════════════════════════════════════════════════
  📊  STATUS V22  [06:26:37 BKK]
  Equity    : $     57.42  (-4.30%)
  DD Daily  : 4.30%   DD Total: 4.30%   Mode: NORMAL
  Session   : UNKNOWN          H4:NEUTRAL    H1:NEUTRAL   
  Global Pos: 0/4 | Floating Risk: 0.0%/15.0%
  Symbols   : XAUUSDm, EURUSDm, USDJPYm, USTECm, BTCUSDm
  Thresholds: NY=65 LDN=82 NY_EARLY=85 OOS=80
══════════════════════════════════════════════════════════════════════
2026-05-14 06:30:00 | INFO     | 🕯️ [USDJPYm] New M5 bar closed: 1778714700
2026-05-14 06:30:00 | INFO     | 🕯️ [USTECm] New M5 bar closed: 1778714700
2026-05-14 06:30:00 | INFO     | 🕯️ [XAUUSDm] New M5 bar closed: 1778714700
2026-05-14 06:30:01 | INFO     | 🕯️ [EURUSDm] New M5 bar closed: 1778714700
2026-05-14 06:30:02 | INFO     | 🕯️ [BTCUSDm] New M5 bar closed: 1778714700
2026-05-14 06:31:38 | INFO     | 
══════════════════════════════════════════════════════════════════════
  📊  STATUS V22  [06:31:38 BKK]
  Equity    : $     57.42  (-4.30%)
  DD Daily  : 4.30%   DD Total: 4.30%   Mode: NORMAL
  Session   : UNKNOWN          H4:NEUTRAL    H1:NEUTRAL   
  Global Pos: 0/4 | Floating Risk: 0.0%/15.0%
  Symbols   : XAUUSDm, EURUSDm, USDJPYm, USTECm, BTCUSDm
  Thresholds: NY=65 LDN=82 NY_EARLY=85 OOS=80
══════════════════════════════════════════════════════════════════════
2026-05-14 06:35:00 | INFO     | 🕯️ [BTCUSDm] New M5 bar closed: 1778715000
2026-05-14 06:35:00 | INFO     | 🕯️ [XAUUSDm] New M5 bar closed: 1778715000
2026-05-14 06:35:01 | INFO     | 🕯️ [USTECm] New M5 bar closed: 1778715000
2026-05-14 06:35:02 | INFO     | 🕯️ [EURUSDm] New M5 bar closed: 1778715000
2026-05-14 06:35:02 | INFO     | 🕯️ [USDJPYm] New M5 bar closed: 1778715000
2026-05-14 06:36:38 | INFO     | 
══════════════════════════════════════════════════════════════════════
  📊  STATUS V22  [06:36:38 BKK]
  Equity    : $     57.42  (-4.30%)
  DD Daily  : 4.30%   DD Total: 4.30%   Mode: NORMAL
  Session   : UNKNOWN          H4:NEUTRAL    H1:NEUTRAL   
  Global Pos: 0/4 | Floating Risk: 0.0%/15.0%
  Symbols   : XAUUSDm, EURUSDm, USDJPYm, USTECm, BTCUSDm
  Thresholds: NY=65 LDN=82 NY_EARLY=85 OOS=80
══════════════════════════════════════════════════════════════════════
2026-05-14 06:40:01 | INFO     | 🕯️ [USDJPYm] New M5 bar closed: 1778715300
2026-05-14 06:40:01 | INFO     | 🕯️ [XAUUSDm] New M5 bar closed: 1778715300
2026-05-14 06:40:02 | INFO     | 🕯️ [EURUSDm] New M5 bar closed: 1778715300
2026-05-14 06:40:02 | INFO     | 🕯️ [USTECm] New M5 bar closed: 1778715300
2026-05-14 06:40:05 | INFO     | 🕯️ [BTCUSDm] New M5 bar closed: 1778715300
2026-05-14 06:41:39 | INFO     | 
══════════════════════════════════════════════════════════════════════
  📊  STATUS V22  [06:41:39 BKK]
  Equity    : $     57.42  (-4.30%)
  DD Daily  : 4.30%   DD Total: 4.30%   Mode: NORMAL
  Session   : UNKNOWN          H4:NEUTRAL    H1:NEUTRAL   
  Global Pos: 0/4 | Floating Risk: 0.0%/15.0%
  Symbols   : XAUUSDm, EURUSDm, USDJPYm, USTECm, BTCUSDm
  Thresholds: NY=65 LDN=82 NY_EARLY=85 OOS=80
══════════════════════════════════════════════════════════════════════
2026-05-14 06:45:00 | INFO     | 🕯️ [XAUUSDm] New M5 bar closed: 1778715600
2026-05-14 06:45:01 | INFO     | 🕯️ [EURUSDm] New M5 bar closed: 1778715600
2026-05-14 06:45:01 | INFO     | 🕯️ [USDJPYm] New M5 bar closed: 1778715600
2026-05-14 06:45:01 | INFO     | 🕯️ [USTECm] New M5 bar closed: 1778715600
2026-05-14 06:45:01 | INFO     | 🕯️ [BTCUSDm] New M5 bar closed: 1778715600
2026-05-14 06:46:39 | INFO     | 
══════════════════════════════════════════════════════════════════════
  📊  STATUS V22  [06:46:39 BKK]
  Equity    : $     57.42  (-4.30%)
  DD Daily  : 4.30%   DD Total: 4.30%   Mode: NORMAL
  Session   : UNKNOWN          H4:NEUTRAL    H1:NEUTRAL   
  Global Pos: 0/4 | Floating Risk: 0.0%/15.0%
  Symbols   : XAUUSDm, EURUSDm, USDJPYm, USTECm, BTCUSDm
  Thresholds: NY=65 LDN=82 NY_EARLY=85 OOS=80
══════════════════════════════════════════════════════════════════════
2026-05-14 06:50:00 | INFO     | 🕯️ [XAUUSDm] New M5 bar closed: 1778715900
2026-05-14 06:50:01 | INFO     | 🕯️ [EURUSDm] New M5 bar closed: 1778715900
2026-05-14 06:50:01 | INFO     | 🕯️ [USTECm] New M5 bar closed: 1778715900
2026-05-14 06:50:02 | INFO     | 🕯️ [USDJPYm] New M5 bar closed: 1778715900
2026-05-14 06:50:03 | INFO     | 🕯️ [BTCUSDm] New M5 bar closed: 1778715900
2026-05-14 06:51:39 | INFO     | 
══════════════════════════════════════════════════════════════════════
  📊  STATUS V22  [06:51:39 BKK]
  Equity    : $     57.42  (-4.30%)
  DD Daily  : 4.30%   DD Total: 4.30%   Mode: NORMAL
  Session   : UNKNOWN          H4:NEUTRAL    H1:NEUTRAL   
  Global Pos: 0/4 | Floating Risk: 0.0%/15.0%
  Symbols   : XAUUSDm, EURUSDm, USDJPYm, USTECm, BTCUSDm
  Thresholds: NY=65 LDN=82 NY_EARLY=85 OOS=80
══════════════════════════════════════════════════════════════════════
2026-05-14 06:55:00 | INFO     | 🕯️ [USTECm] New M5 bar closed: 1778716200
2026-05-14 06:55:00 | INFO     | 🕯️ [XAUUSDm] New M5 bar closed: 1778716200
2026-05-14 06:55:01 | INFO     | 🕯️ [EURUSDm] New M5 bar closed: 1778716200
2026-05-14 06:55:01 | INFO     | 🕯️ [USDJPYm] New M5 bar closed: 1778716200
2026-05-14 06:55:01 | INFO     | 🕯️ [BTCUSDm] New M5 bar closed: 1778716200
2026-05-14 06:56:40 | INFO     | 
══════════════════════════════════════════════════════════════════════
  📊  STATUS V22  [06:56:40 BKK]
  Equity    : $     57.42  (-4.30%)
  DD Daily  : 4.30%   DD Total: 4.30%   Mode: NORMAL
  Session   : UNKNOWN          H4:NEUTRAL    H1:NEUTRAL   
  Global Pos: 0/4 | Floating Risk: 0.0%/15.0%
  Symbols   : XAUUSDm, EURUSDm, USDJPYm, USTECm, BTCUSDm
  Thresholds: NY=65 LDN=82 NY_EARLY=85 OOS=80
══════════════════════════════════════════════════════════════════════
2026-05-14 07:00:00 | INFO     | 🕯️ [USDJPYm] New M5 bar closed: 1778716500
2026-05-14 07:00:00 | INFO     | 🕯️ [USTECm] New M5 bar closed: 1778716500
2026-05-14 07:00:00 | INFO     | 🕯️ [XAUUSDm] New M5 bar closed: 1778716500
2026-05-14 07:00:01 | INFO     | 🕯️ [EURUSDm] New M5 bar closed: 1778716500
2026-05-14 07:00:01 | INFO     | 🕯️ [BTCUSDm] New M5 bar closed: 1778716500
2026-05-14 07:01:40 | INFO     | 
══════════════════════════════════════════════════════════════════════
  📊  STATUS V22  [07:01:40 BKK]
  Equity    : $     57.42  (-4.30%)
  DD Daily  : 0.00%   DD Total: 4.30%   Mode: NORMAL
  Session   : UNKNOWN          H4:NEUTRAL    H1:NEUTRAL   
  Global Pos: 0/4 | Floating Risk: 0.0%/15.0%
  Symbols   : XAUUSDm, EURUSDm, USDJPYm, USTECm, BTCUSDm
  Thresholds: NY=65 LDN=82 NY_EARLY=85 OOS=80
══════════════════════════════════════════════════════════════════════
2026-05-14 07:05:00 | INFO     | 🕯️ [EURUSDm] New M5 bar closed: 1778716800
2026-05-14 07:05:00 | INFO     | 🕯️ [USDJPYm] New M5 bar closed: 1778716800
2026-05-14 07:05:00 | INFO     | 🕯️ [USTECm] New M5 bar closed: 1778716800
2026-05-14 07:05:00 | INFO     | 🕯️ [BTCUSDm] New M5 bar closed: 1778716800
2026-05-14 07:05:01 | INFO     | 🕯️ [XAUUSDm] New M5 bar closed: 1778716800
2026-05-14 07:06:41 | INFO     | 
══════════════════════════════════════════════════════════════════════
  📊  STATUS V22  [07:06:41 BKK]
  Equity    : $     57.42  (-4.30%)
  DD Daily  : 0.00%   DD Total: 4.30%   Mode: NORMAL
  Session   : UNKNOWN          H4:NEUTRAL    H1:NEUTRAL   
  Global Pos: 0/4 | Floating Risk: 0.0%/15.0%
  Symbols   : XAUUSDm, EURUSDm, USDJPYm, USTECm, BTCUSDm
  Thresholds: NY=65 LDN=82 NY_EARLY=85 OOS=80
══════════════════════════════════════════════════════════════════════
2026-05-14 07:10:00 | INFO     | 🕯️ [XAUUSDm] New M5 bar closed: 1778717100
2026-05-14 07:10:00 | INFO     | 🕯️ [EURUSDm] New M5 bar closed: 1778717100
2026-05-14 07:10:00 | INFO     | 🕯️ [USDJPYm] New M5 bar closed: 1778717100
2026-05-14 07:10:00 | INFO     | 🕯️ [USTECm] New M5 bar closed: 1778717100
2026-05-14 07:10:02 | INFO     | 🕯️ [BTCUSDm] New M5 bar closed: 1778717100
2026-05-14 07:11:41 | INFO     | 
══════════════════════════════════════════════════════════════════════
  📊  STATUS V22  [07:11:41 BKK]
  Equity    : $     57.42  (-4.30%)
  DD Daily  : 0.00%   DD Total: 4.30%   Mode: NORMAL
  Session   : UNKNOWN          H4:NEUTRAL    H1:NEUTRAL   
  Global Pos: 0/4 | Floating Risk: 0.0%/15.0%
  Symbols   : XAUUSDm, EURUSDm, USDJPYm, USTECm, BTCUSDm
  Thresholds: NY=65 LDN=82 NY_EARLY=85 OOS=80
══════════════════════════════════════════════════════════════════════
2026-05-14 07:15:00 | INFO     | 🕯️ [EURUSDm] New M5 bar closed: 1778717400
2026-05-14 07:15:00 | INFO     | 🕯️ [USDJPYm] New M5 bar closed: 1778717400
2026-05-14 07:15:00 | INFO     | 🕯️ [USTECm] New M5 bar closed: 1778717400
2026-05-14 07:15:00 | INFO     | 🕯️ [BTCUSDm] New M5 bar closed: 1778717400
2026-05-14 07:15:01 | INFO     | 🕯️ [XAUUSDm] New M5 bar closed: 1778717400
2026-05-14 07:16:41 | INFO     | 
══════════════════════════════════════════════════════════════════════
  📊  STATUS V22  [07:16:41 BKK]
  Equity    : $     57.42  (-4.30%)
  DD Daily  : 0.00%   DD Total: 4.30%   Mode: NORMAL
  Session   : UNKNOWN          H4:NEUTRAL    H1:NEUTRAL   
  Global Pos: 0/4 | Floating Risk: 0.0%/15.0%
  Symbols   : XAUUSDm, EURUSDm, USDJPYm, USTECm, BTCUSDm
  Thresholds: NY=65 LDN=82 NY_EARLY=85 OOS=80
══════════════════════════════════════════════════════════════════════
2026-05-14 07:20:01 | INFO     | 🕯️ [XAUUSDm] New M5 bar closed: 1778717700
2026-05-14 07:20:01 | INFO     | 🕯️ [EURUSDm] New M5 bar closed: 1778717700
2026-05-14 07:20:01 | INFO     | 🕯️ [USDJPYm] New M5 bar closed: 1778717700
2026-05-14 07:20:01 | INFO     | 🕯️ [USTECm] New M5 bar closed: 1778717700
2026-05-14 07:20:02 | INFO     | 🕯️ [BTCUSDm] New M5 bar closed: 1778717700
2026-05-14 07:21:41 | INFO     | 
══════════════════════════════════════════════════════════════════════
  📊  STATUS V22  [07:21:41 BKK]
  Equity    : $     57.42  (-4.30%)
  DD Daily  : 0.00%   DD Total: 4.30%   Mode: NORMAL
  Session   : UNKNOWN          H4:NEUTRAL    H1:NEUTRAL   
  Global Pos: 0/4 | Floating Risk: 0.0%/15.0%
  Symbols   : XAUUSDm, EURUSDm, USDJPYm, USTECm, BTCUSDm
  Thresholds: NY=65 LDN=82 NY_EARLY=85 OOS=80
══════════════════════════════════════════════════════════════════════
2026-05-14 07:25:00 | INFO     | 🕯️ [USDJPYm] New M5 bar closed: 1778718000
2026-05-14 07:25:00 | INFO     | 🕯️ [USTECm] New M5 bar closed: 1778718000
2026-05-14 07:25:00 | INFO     | 🕯️ [BTCUSDm] New M5 bar closed: 1778718000
2026-05-14 07:25:01 | INFO     | 🕯️ [XAUUSDm] New M5 bar closed: 1778718000
2026-05-14 07:25:01 | INFO     | 🕯️ [EURUSDm] New M5 bar closed: 1778718000
2026-05-14 07:26:42 | INFO     | 
══════════════════════════════════════════════════════════════════════
  📊  STATUS V22  [07:26:42 BKK]
  Equity    : $     57.42  (-4.30%)
  DD Daily  : 0.00%   DD Total: 4.30%   Mode: NORMAL
  Session   : UNKNOWN          H4:NEUTRAL    H1:NEUTRAL   
  Global Pos: 0/4 | Floating Risk: 0.0%/15.0%
  Symbols   : XAUUSDm, EURUSDm, USDJPYm, USTECm, BTCUSDm
  Thresholds: NY=65 LDN=82 NY_EARLY=85 OOS=80
══════════════════════════════════════════════════════════════════════
2026-05-14 07:30:00 | INFO     | 🕯️ [XAUUSDm] New M5 bar closed: 1778718300
2026-05-14 07:30:00 | INFO     | 🕯️ [USTECm] New M5 bar closed: 1778718300
2026-05-14 07:30:01 | INFO     | 🕯️ [EURUSDm] New M5 bar closed: 1778718300
2026-05-14 07:30:01 | INFO     | 🕯️ [USDJPYm] New M5 bar closed: 1778718300
2026-05-14 07:30:01 | INFO     | 🕯️ [BTCUSDm] New M5 bar closed: 1778718300
2026-05-14 07:31:42 | INFO     | 
══════════════════════════════════════════════════════════════════════
  📊  STATUS V22  [07:31:42 BKK]
  Equity    : $     57.42  (-4.30%)
  DD Daily  : 0.00%   DD Total: 4.30%   Mode: NORMAL
  Session   : UNKNOWN          H4:NEUTRAL    H1:NEUTRAL   
  Global Pos: 0/4 | Floating Risk: 0.0%/15.0%
  Symbols   : XAUUSDm, EURUSDm, USDJPYm, USTECm, BTCUSDm
  Thresholds: NY=65 LDN=82 NY_EARLY=85 OOS=80
══════════════════════════════════════════════════════════════════════
2026-05-14 07:35:00 | INFO     | 🕯️ [EURUSDm] New M5 bar closed: 1778718600
2026-05-14 07:35:00 | INFO     | 🕯️ [USDJPYm] New M5 bar closed: 1778718600
2026-05-14 07:35:00 | INFO     | 🕯️ [BTCUSDm] New M5 bar closed: 1778718600
2026-05-14 07:35:01 | INFO     | 🕯️ [XAUUSDm] New M5 bar closed: 1778718600
2026-05-14 07:35:01 | INFO     | 🕯️ [USTECm] New M5 bar closed: 1778718600
2026-05-14 07:36:42 | INFO     | 
══════════════════════════════════════════════════════════════════════
  📊  STATUS V22  [07:36:42 BKK]
  Equity    : $     57.42  (-4.30%)
  DD Daily  : 0.00%   DD Total: 4.30%   Mode: NORMAL
  Session   : UNKNOWN          H4:NEUTRAL    H1:NEUTRAL   
  Global Pos: 0/4 | Floating Risk: 0.0%/15.0%
  Symbols   : XAUUSDm, EURUSDm, USDJPYm, USTECm, BTCUSDm
  Thresholds: NY=65 LDN=82 NY_EARLY=85 OOS=80
══════════════════════════════════════════════════════════════════════
2026-05-14 07:40:00 | INFO     | 🕯️ [XAUUSDm] New M5 bar closed: 1778718900
2026-05-14 07:40:00 | INFO     | 🕯️ [EURUSDm] New M5 bar closed: 1778718900
2026-05-14 07:40:00 | INFO     | 🕯️ [USDJPYm] New M5 bar closed: 1778718900
2026-05-14 07:40:00 | INFO     | 🕯️ [USTECm] New M5 bar closed: 1778718900
2026-05-14 07:40:00 | INFO     | 🕯️ [BTCUSDm] New M5 bar closed: 1778718900
2026-05-14 07:41:42 | INFO     | 
══════════════════════════════════════════════════════════════════════
  📊  STATUS V22  [07:41:42 BKK]
  Equity    : $     57.42  (-4.30%)
  DD Daily  : 0.00%   DD Total: 4.30%   Mode: NORMAL
  Session   : UNKNOWN          H4:NEUTRAL    H1:NEUTRAL   
  Global Pos: 0/4 | Floating Risk: 0.0%/15.0%
  Symbols   : XAUUSDm, EURUSDm, USDJPYm, USTECm, BTCUSDm
  Thresholds: NY=65 LDN=82 NY_EARLY=85 OOS=80
══════════════════════════════════════════════════════════════════════
2026-05-14 07:45:00 | INFO     | 🕯️ [EURUSDm] New M5 bar closed: 1778719200
2026-05-14 07:45:00 | INFO     | 🕯️ [USDJPYm] New M5 bar closed: 1778719200
2026-05-14 07:45:00 | INFO     | 🕯️ [USTECm] New M5 bar closed: 1778719200
2026-05-14 07:45:00 | INFO     | 🕯️ [BTCUSDm] New M5 bar closed: 1778719200
2026-05-14 07:45:01 | INFO     | 🕯️ [XAUUSDm] New M5 bar closed: 1778719200
2026-05-14 07:46:42 | INFO     | 
══════════════════════════════════════════════════════════════════════
  📊  STATUS V22  [07:46:42 BKK]
  Equity    : $     57.42  (-4.30%)
  DD Daily  : 0.00%   DD Total: 4.30%   Mode: NORMAL
  Session   : UNKNOWN          H4:NEUTRAL    H1:NEUTRAL   
  Global Pos: 0/4 | Floating Risk: 0.0%/15.0%
  Symbols   : XAUUSDm, EURUSDm, USDJPYm, USTECm, BTCUSDm
  Thresholds: NY=65 LDN=82 NY_EARLY=85 OOS=80
══════════════════════════════════════════════════════════════════════
2026-05-14 07:50:00 | INFO     | 🕯️ [XAUUSDm] New M5 bar closed: 1778719500
2026-05-14 07:50:00 | INFO     | 🕯️ [EURUSDm] New M5 bar closed: 1778719500
2026-05-14 07:50:00 | INFO     | 🕯️ [USTECm] New M5 bar closed: 1778719500
2026-05-14 07:50:01 | INFO     | 🕯️ [USDJPYm] New M5 bar closed: 1778719500
2026-05-14 07:50:03 | INFO     | 🕯️ [BTCUSDm] New M5 bar closed: 1778719500
2026-05-14 07:51:42 | INFO     | 
══════════════════════════════════════════════════════════════════════
  📊  STATUS V22  [07:51:42 BKK]
  Equity    : $     57.42  (-4.30%)
  DD Daily  : 0.00%   DD Total: 4.30%   Mode: NORMAL
  Session   : UNKNOWN          H4:NEUTRAL    H1:NEUTRAL   
  Global Pos: 0/4 | Floating Risk: 0.0%/15.0%
  Symbols   : XAUUSDm, EURUSDm, USDJPYm, USTECm, BTCUSDm
  Thresholds: NY=65 LDN=82 NY_EARLY=85 OOS=80
══════════════════════════════════════════════════════════════════════
2026-05-14 07:55:00 | INFO     | 🕯️ [XAUUSDm] New M5 bar closed: 1778719800
2026-05-14 07:55:00 | INFO     | 🕯️ [EURUSDm] New M5 bar closed: 1778719800
2026-05-14 07:55:00 | INFO     | 🕯️ [USDJPYm] New M5 bar closed: 1778719800
2026-05-14 07:55:00 | INFO     | 🕯️ [USTECm] New M5 bar closed: 1778719800
2026-05-14 07:55:00 | INFO     | 🕯️ [BTCUSDm] New M5 bar closed: 1778719800
2026-05-14 07:56:42 | INFO     | 
══════════════════════════════════════════════════════════════════════
  📊  STATUS V22  [07:56:42 BKK]
  Equity    : $     57.42  (-4.30%)
  DD Daily  : 0.00%   DD Total: 4.30%   Mode: NORMAL
  Session   : UNKNOWN          H4:NEUTRAL    H1:NEUTRAL   
  Global Pos: 0/4 | Floating Risk: 0.0%/15.0%
  Symbols   : XAUUSDm, EURUSDm, USDJPYm, USTECm, BTCUSDm
  Thresholds: NY=65 LDN=82 NY_EARLY=85 OOS=80
══════════════════════════════════════════════════════════════════════
2026-05-14 08:00:00 | INFO     | 🕯️ [XAUUSDm] New M5 bar closed: 1778720100
2026-05-14 08:00:00 | INFO     | 🕯️ [USDJPYm] New M5 bar closed: 1778720100
2026-05-14 08:00:00 | INFO     | 🕯️ [USTECm] New M5 bar closed: 1778720100
2026-05-14 08:00:00 | INFO     | 🕯️ [BTCUSDm] New M5 bar closed: 1778720100
2026-05-14 08:00:01 | INFO     | 🕯️ [EURUSDm] New M5 bar closed: 1778720100
2026-05-14 08:01:42 | INFO     | 
══════════════════════════════════════════════════════════════════════
  📊  STATUS V22  [08:01:42 BKK]
  Equity    : $     57.42  (-4.30%)
  DD Daily  : 0.00%   DD Total: 4.30%   Mode: NORMAL
  Session   : UNKNOWN          H4:NEUTRAL    H1:NEUTRAL   
  Global Pos: 0/4 | Floating Risk: 0.0%/15.0%
  Symbols   : XAUUSDm, EURUSDm, USDJPYm, USTECm, BTCUSDm
  Thresholds: NY=65 LDN=82 NY_EARLY=85 OOS=80
══════════════════════════════════════════════════════════════════════
2026-05-14 08:05:00 | INFO     | 🕯️ [XAUUSDm] New M5 bar closed: 1778720400
2026-05-14 08:05:00 | INFO     | 🕯️ [EURUSDm] New M5 bar closed: 1778720400
2026-05-14 08:05:00 | INFO     | 🕯️ [USDJPYm] New M5 bar closed: 1778720400
2026-05-14 08:05:00 | INFO     | 🕯️ [USTECm] New M5 bar closed: 1778720400
2026-05-14 08:05:01 | INFO     | 🕯️ [BTCUSDm] New M5 bar closed: 1778720400
2026-05-14 08:06:42 | INFO     | 
══════════════════════════════════════════════════════════════════════
  📊  STATUS V22  [08:06:42 BKK]
  Equity    : $     57.42  (-4.30%)
  DD Daily  : 0.00%   DD Total: 4.30%   Mode: NORMAL
  Session   : UNKNOWN          H4:NEUTRAL    H1:NEUTRAL   
  Global Pos: 0/4 | Floating Risk: 0.0%/15.0%
  Symbols   : XAUUSDm, EURUSDm, USDJPYm, USTECm, BTCUSDm
  Thresholds: NY=65 LDN=82 NY_EARLY=85 OOS=80
══════════════════════════════════════════════════════════════════════
2026-05-14 08:10:00 | INFO     | 🕯️ [XAUUSDm] New M5 bar closed: 1778720700
2026-05-14 08:10:00 | INFO     | 🕯️ [EURUSDm] New M5 bar closed: 1778720700
2026-05-14 08:10:00 | INFO     | 🕯️ [USDJPYm] New M5 bar closed: 1778720700
2026-05-14 08:10:00 | INFO     | 🕯️ [USTECm] New M5 bar closed: 1778720700
2026-05-14 08:10:01 | INFO     | 🕯️ [BTCUSDm] New M5 bar closed: 1778720700
2026-05-14 08:11:42 | INFO     | 
══════════════════════════════════════════════════════════════════════
  📊  STATUS V22  [08:11:42 BKK]
  Equity    : $     57.42  (-4.30%)
  DD Daily  : 0.00%   DD Total: 4.30%   Mode: NORMAL
  Session   : UNKNOWN          H4:NEUTRAL    H1:NEUTRAL   
  Global Pos: 0/4 | Floating Risk: 0.0%/15.0%
  Symbols   : XAUUSDm, EURUSDm, USDJPYm, USTECm, BTCUSDm
  Thresholds: NY=65 LDN=82 NY_EARLY=85 OOS=80
══════════════════════════════════════════════════════════════════════
2026-05-14 08:15:00 | INFO     | 🕯️ [XAUUSDm] New M5 bar closed: 1778721000
2026-05-14 08:15:00 | INFO     | 🕯️ [EURUSDm] New M5 bar closed: 1778721000
2026-05-14 08:15:00 | INFO     | 🕯️ [USDJPYm] New M5 bar closed: 1778721000
2026-05-14 08:15:00 | INFO     | 🕯️ [USTECm] New M5 bar closed: 1778721000
2026-05-14 08:15:01 | INFO     | 🕯️ [BTCUSDm] New M5 bar closed: 1778721000
2026-05-14 08:16:42 | INFO     | 
══════════════════════════════════════════════════════════════════════
  📊  STATUS V22  [08:16:42 BKK]
  Equity    : $     57.42  (-4.30%)
  DD Daily  : 0.00%   DD Total: 4.30%   Mode: NORMAL
  Session   : UNKNOWN          H4:NEUTRAL    H1:NEUTRAL   
  Global Pos: 0/4 | Floating Risk: 0.0%/15.0%
  Symbols   : XAUUSDm, EURUSDm, USDJPYm, USTECm, BTCUSDm
  Thresholds: NY=65 LDN=82 NY_EARLY=85 OOS=80
══════════════════════════════════════════════════════════════════════
2026-05-14 08:20:00 | INFO     | 🕯️ [XAUUSDm] New M5 bar closed: 1778721300
2026-05-14 08:20:00 | INFO     | 🕯️ [EURUSDm] New M5 bar closed: 1778721300
2026-05-14 08:20:00 | INFO     | 🕯️ [USDJPYm] New M5 bar closed: 1778721300
2026-05-14 08:20:00 | INFO     | 🕯️ [USTECm] New M5 bar closed: 1778721300
2026-05-14 08:20:01 | INFO     | 🕯️ [BTCUSDm] New M5 bar closed: 1778721300
2026-05-14 08:21:43 | INFO     | 
══════════════════════════════════════════════════════════════════════
  📊  STATUS V22  [08:21:43 BKK]
  Equity    : $     57.42  (-4.30%)
  DD Daily  : 0.00%   DD Total: 4.30%   Mode: NORMAL
  Session   : UNKNOWN          H4:NEUTRAL    H1:NEUTRAL   
  Global Pos: 0/4 | Floating Risk: 0.0%/15.0%
  Symbols   : XAUUSDm, EURUSDm, USDJPYm, USTECm, BTCUSDm
  Thresholds: NY=65 LDN=82 NY_EARLY=85 OOS=80
══════════════════════════════════════════════════════════════════════
2026-05-14 08:25:00 | INFO     | 🕯️ [XAUUSDm] New M5 bar closed: 1778721600
2026-05-14 08:25:00 | INFO     | 🕯️ [EURUSDm] New M5 bar closed: 1778721600
2026-05-14 08:25:00 | INFO     | 🕯️ [USTECm] New M5 bar closed: 1778721600
2026-05-14 08:25:01 | INFO     | 🕯️ [BTCUSDm] New M5 bar closed: 1778721600
2026-05-14 08:25:01 | INFO     | 🕯️ [USDJPYm] New M5 bar closed: 1778721600
2026-05-14 08:26:43 | INFO     | 
══════════════════════════════════════════════════════════════════════
  📊  STATUS V22  [08:26:43 BKK]
  Equity    : $     57.42  (-4.30%)
  DD Daily  : 0.00%   DD Total: 4.30%   Mode: NORMAL
  Session   : UNKNOWN          H4:NEUTRAL    H1:NEUTRAL   
  Global Pos: 0/4 | Floating Risk: 0.0%/15.0%
  Symbols   : XAUUSDm, EURUSDm, USDJPYm, USTECm, BTCUSDm
  Thresholds: NY=65 LDN=82 NY_EARLY=85 OOS=80
══════════════════════════════════════════════════════════════════════
2026-05-14 08:30:00 | INFO     | 🕯️ [XAUUSDm] New M5 bar closed: 1778721900
2026-05-14 08:30:00 | INFO     | 🕯️ [USTECm] New M5 bar closed: 1778721900
2026-05-14 08:30:01 | INFO     | 🕯️ [BTCUSDm] New M5 bar closed: 1778721900
2026-05-14 08:30:01 | INFO     | 🕯️ [EURUSDm] New M5 bar closed: 1778721900
2026-05-14 08:30:01 | INFO     | 🕯️ [USDJPYm] New M5 bar closed: 1778721900
2026-05-14 08:31:43 | INFO     | 
══════════════════════════════════════════════════════════════════════
  📊  STATUS V22  [08:31:43 BKK]
  Equity    : $     57.42  (-4.30%)
  DD Daily  : 0.00%   DD Total: 4.30%   Mode: NORMAL
  Session   : UNKNOWN          H4:NEUTRAL    H1:NEUTRAL   
  Global Pos: 0/4 | Floating Risk: 0.0%/15.0%
  Symbols   : XAUUSDm, EURUSDm, USDJPYm, USTECm, BTCUSDm
  Thresholds: NY=65 LDN=82 NY_EARLY=85 OOS=80
══════════════════════════════════════════════════════════════════════
2026-05-14 08:35:00 | INFO     | 🕯️ [XAUUSDm] New M5 bar closed: 1778722200
2026-05-14 08:35:01 | INFO     | 🕯️ [USTECm] New M5 bar closed: 1778722200
2026-05-14 08:35:01 | INFO     | 🕯️ [BTCUSDm] New M5 bar closed: 1778722200
2026-05-14 08:35:01 | INFO     | 🕯️ [EURUSDm] New M5 bar closed: 1778722200
2026-05-14 08:35:01 | INFO     | 🕯️ [USDJPYm] New M5 bar closed: 1778722200
2026-05-14 08:36:43 | INFO     | 
══════════════════════════════════════════════════════════════════════
  📊  STATUS V22  [08:36:43 BKK]
  Equity    : $     57.42  (-4.30%)
  DD Daily  : 0.00%   DD Total: 4.30%   Mode: NORMAL
  Session   : UNKNOWN          H4:NEUTRAL    H1:NEUTRAL   
  Global Pos: 0/4 | Floating Risk: 0.0%/15.0%
  Symbols   : XAUUSDm, EURUSDm, USDJPYm, USTECm, BTCUSDm
  Thresholds: NY=65 LDN=82 NY_EARLY=85 OOS=80
══════════════════════════════════════════════════════════════════════
2026-05-14 08:40:00 | INFO     | 🕯️ [XAUUSDm] New M5 bar closed: 1778722500
2026-05-14 08:40:00 | INFO     | 🕯️ [EURUSDm] New M5 bar closed: 1778722500
2026-05-14 08:40:00 | INFO     | 🕯️ [USDJPYm] New M5 bar closed: 1778722500
2026-05-14 08:40:01 | INFO     | 🕯️ [USTECm] New M5 bar closed: 1778722500
2026-05-14 08:40:01 | INFO     | 🕯️ [BTCUSDm] New M5 bar closed: 1778722500
2026-05-14 08:41:44 | INFO     | 
══════════════════════════════════════════════════════════════════════
  📊  STATUS V22  [08:41:44 BKK]
  Equity    : $     57.42  (-4.30%)
  DD Daily  : 0.00%   DD Total: 4.30%   Mode: NORMAL
  Session   : UNKNOWN          H4:NEUTRAL    H1:NEUTRAL   
  Global Pos: 0/4 | Floating Risk: 0.0%/15.0%
  Symbols   : XAUUSDm, EURUSDm, USDJPYm, USTECm, BTCUSDm
  Thresholds: NY=65 LDN=82 NY_EARLY=85 OOS=80
══════════════════════════════════════════════════════════════════════
2026-05-14 08:45:00 | INFO     | 🕯️ [XAUUSDm] New M5 bar closed: 1778722800
2026-05-14 08:45:00 | INFO     | 🕯️ [EURUSDm] New M5 bar closed: 1778722800
2026-05-14 08:45:00 | INFO     | 🕯️ [USDJPYm] New M5 bar closed: 1778722800
2026-05-14 08:45:01 | INFO     | 🕯️ [USTECm] New M5 bar closed: 1778722800
2026-05-14 08:45:01 | INFO     | 🕯️ [BTCUSDm] New M5 bar closed: 1778722800
2026-05-14 08:46:44 | INFO     | 
══════════════════════════════════════════════════════════════════════
  📊  STATUS V22  [08:46:44 BKK]
  Equity    : $     57.42  (-4.30%)
  DD Daily  : 0.00%   DD Total: 4.30%   Mode: NORMAL
  Session   : UNKNOWN          H4:NEUTRAL    H1:NEUTRAL   
  Global Pos: 0/4 | Floating Risk: 0.0%/15.0%
  Symbols   : XAUUSDm, EURUSDm, USDJPYm, USTECm, BTCUSDm
  Thresholds: NY=65 LDN=82 NY_EARLY=85 OOS=80
══════════════════════════════════════════════════════════════════════
2026-05-14 08:50:00 | INFO     | 🕯️ [XAUUSDm] New M5 bar closed: 1778723100
2026-05-14 08:50:00 | INFO     | 🕯️ [EURUSDm] New M5 bar closed: 1778723100
2026-05-14 08:50:00 | INFO     | 🕯️ [USDJPYm] New M5 bar closed: 1778723100
2026-05-14 08:50:01 | INFO     | 🕯️ [USTECm] New M5 bar closed: 1778723100
2026-05-14 08:50:01 | INFO     | 🕯️ [BTCUSDm] New M5 bar closed: 1778723100
2026-05-14 08:51:44 | INFO     | 
══════════════════════════════════════════════════════════════════════
  📊  STATUS V22  [08:51:44 BKK]
  Equity    : $     57.42  (-4.30%)
  DD Daily  : 0.00%   DD Total: 4.30%   Mode: NORMAL
  Session   : UNKNOWN          H4:NEUTRAL    H1:NEUTRAL   
  Global Pos: 0/4 | Floating Risk: 0.0%/15.0%
  Symbols   : XAUUSDm, EURUSDm, USDJPYm, USTECm, BTCUSDm
  Thresholds: NY=65 LDN=82 NY_EARLY=85 OOS=80
══════════════════════════════════════════════════════════════════════
2026-05-14 08:55:00 | INFO     | 🕯️ [XAUUSDm] New M5 bar closed: 1778723400
2026-05-14 08:55:00 | INFO     | 🕯️ [EURUSDm] New M5 bar closed: 1778723400
2026-05-14 08:55:00 | INFO     | 🕯️ [USDJPYm] New M5 bar closed: 1778723400
2026-05-14 08:55:01 | INFO     | 🕯️ [USTECm] New M5 bar closed: 1778723400
2026-05-14 08:55:01 | INFO     | 🕯️ [BTCUSDm] New M5 bar closed: 1778723400
2026-05-14 08:56:44 | INFO     | 
══════════════════════════════════════════════════════════════════════
  📊  STATUS V22  [08:56:44 BKK]
  Equity    : $     57.42  (-4.30%)
  DD Daily  : 0.00%   DD Total: 4.30%   Mode: NORMAL
  Session   : UNKNOWN          H4:NEUTRAL    H1:NEUTRAL   
  Global Pos: 0/4 | Floating Risk: 0.0%/15.0%
  Symbols   : XAUUSDm, EURUSDm, USDJPYm, USTECm, BTCUSDm
  Thresholds: NY=65 LDN=82 NY_EARLY=85 OOS=80
══════════════════════════════════════════════════════════════════════
2026-05-14 09:00:00 | INFO     | 🕯️ [XAUUSDm] New M5 bar closed: 1778723700
2026-05-14 09:00:00 | INFO     | 🕯️ [EURUSDm] New M5 bar closed: 1778723700
2026-05-14 09:00:00 | INFO     | 🕯️ [USDJPYm] New M5 bar closed: 1778723700
2026-05-14 09:00:01 | INFO     | 🕯️ [USTECm] New M5 bar closed: 1778723700
2026-05-14 09:00:01 | INFO     | 🕯️ [BTCUSDm] New M5 bar closed: 1778723700
2026-05-14 09:01:45 | INFO     | 
══════════════════════════════════════════════════════════════════════
  📊  STATUS V22  [09:01:45 BKK]
  Equity    : $     57.42  (-4.30%)
  DD Daily  : 0.00%   DD Total: 4.30%   Mode: NORMAL
  Session   : UNKNOWN          H4:NEUTRAL    H1:NEUTRAL   
  Global Pos: 0/4 | Floating Risk: 0.0%/15.0%
  Symbols   : XAUUSDm, EURUSDm, USDJPYm, USTECm, BTCUSDm
  Thresholds: NY=65 LDN=82 NY_EARLY=85 OOS=80
══════════════════════════════════════════════════════════════════════
2026-05-14 09:05:00 | INFO     | 🕯️ [USTECm] New M5 bar closed: 1778724000
2026-05-14 09:05:00 | INFO     | 🕯️ [XAUUSDm] New M5 bar closed: 1778724000
2026-05-14 09:05:00 | INFO     | 🕯️ [EURUSDm] New M5 bar closed: 1778724000
2026-05-14 09:05:00 | INFO     | 🕯️ [USDJPYm] New M5 bar closed: 1778724000
2026-05-14 09:05:01 | INFO     | 🕯️ [BTCUSDm] New M5 bar closed: 1778724000
2026-05-14 09:06:45 | INFO     | 
══════════════════════════════════════════════════════════════════════
  📊  STATUS V22  [09:06:45 BKK]
  Equity    : $     57.42  (-4.30%)
  DD Daily  : 0.00%   DD Total: 4.30%   Mode: NORMAL
  Session   : UNKNOWN          H4:NEUTRAL    H1:NEUTRAL   
  Global Pos: 0/4 | Floating Risk: 0.0%/15.0%
  Symbols   : XAUUSDm, EURUSDm, USDJPYm, USTECm, BTCUSDm
  Thresholds: NY=65 LDN=82 NY_EARLY=85 OOS=80
══════════════════════════════════════════════════════════════════════
2026-05-14 09:10:00 | INFO     | 🕯️ [USTECm] New M5 bar closed: 1778724300
2026-05-14 09:10:00 | INFO     | 🕯️ [XAUUSDm] New M5 bar closed: 1778724300
2026-05-14 09:10:01 | INFO     | 🕯️ [USDJPYm] New M5 bar closed: 1778724300
2026-05-14 09:10:01 | INFO     | 🕯️ [BTCUSDm] New M5 bar closed: 1778724300
2026-05-14 09:10:01 | INFO     | 🕯️ [EURUSDm] New M5 bar closed: 1778724300
2026-05-14 09:11:45 | INFO     | 
══════════════════════════════════════════════════════════════════════
  📊  STATUS V22  [09:11:45 BKK]
  Equity    : $     57.42  (-4.30%)
  DD Daily  : 0.00%   DD Total: 4.30%   Mode: NORMAL
  Session   : UNKNOWN          H4:NEUTRAL    H1:NEUTRAL   
  Global Pos: 0/4 | Floating Risk: 0.0%/15.0%
  Symbols   : XAUUSDm, EURUSDm, USDJPYm, USTECm, BTCUSDm
  Thresholds: NY=65 LDN=82 NY_EARLY=85 OOS=80
══════════════════════════════════════════════════════════════════════
2026-05-14 09:15:00 | INFO     | 🕯️ [XAUUSDm] New M5 bar closed: 1778724600
2026-05-14 09:15:00 | INFO     | 🕯️ [EURUSDm] New M5 bar closed: 1778724600
2026-05-14 09:15:01 | INFO     | 🕯️ [USDJPYm] New M5 bar closed: 1778724600
2026-05-14 09:15:01 | INFO     | 🕯️ [USTECm] New M5 bar closed: 1778724600
2026-05-14 09:15:09 | INFO     | 🕯️ [BTCUSDm] New M5 bar closed: 1778724600
2026-05-14 09:16:45 | INFO     | 
══════════════════════════════════════════════════════════════════════
  📊  STATUS V22  [09:16:45 BKK]
  Equity    : $     57.42  (-4.30%)
  DD Daily  : 0.00%   DD Total: 4.30%   Mode: NORMAL
  Session   : UNKNOWN          H4:NEUTRAL    H1:NEUTRAL   
  Global Pos: 0/4 | Floating Risk: 0.0%/15.0%
  Symbols   : XAUUSDm, EURUSDm, USDJPYm, USTECm, BTCUSDm
  Thresholds: NY=65 LDN=82 NY_EARLY=85 OOS=80
══════════════════════════════════════════════════════════════════════
2026-05-14 09:20:00 | INFO     | 🕯️ [BTCUSDm] New M5 bar closed: 1778724900
2026-05-14 09:20:00 | INFO     | 🕯️ [XAUUSDm] New M5 bar closed: 1778724900
2026-05-14 09:20:00 | INFO     | 🕯️ [EURUSDm] New M5 bar closed: 1778724900
2026-05-14 09:20:01 | INFO     | 🕯️ [USDJPYm] New M5 bar closed: 1778724900
2026-05-14 09:20:01 | INFO     | 🕯️ [USTECm] New M5 bar closed: 1778724900
2026-05-14 09:21:45 | INFO     | 
══════════════════════════════════════════════════════════════════════
  📊  STATUS V22  [09:21:45 BKK]
  Equity    : $     57.42  (-4.30%)
  DD Daily  : 0.00%   DD Total: 4.30%   Mode: NORMAL
  Session   : UNKNOWN          H4:NEUTRAL    H1:NEUTRAL   
  Global Pos: 0/4 | Floating Risk: 0.0%/15.0%
  Symbols   : XAUUSDm, EURUSDm, USDJPYm, USTECm, BTCUSDm
  Thresholds: NY=65 LDN=82 NY_EARLY=85 OOS=80
══════════════════════════════════════════════════════════════════════
2026-05-14 09:25:00 | INFO     | 🕯️ [USTECm] New M5 bar closed: 1778725200
2026-05-14 09:25:00 | INFO     | 🕯️ [BTCUSDm] New M5 bar closed: 1778725200
2026-05-14 09:25:00 | INFO     | 🕯️ [XAUUSDm] New M5 bar closed: 1778725200
2026-05-14 09:25:00 | INFO     | 🕯️ [EURUSDm] New M5 bar closed: 1778725200
2026-05-14 09:25:01 | INFO     | 🕯️ [USDJPYm] New M5 bar closed: 1778725200
2026-05-14 09:26:45 | INFO     | 
══════════════════════════════════════════════════════════════════════
  📊  STATUS V22  [09:26:45 BKK]
  Equity    : $     57.42  (-4.30%)
  DD Daily  : 0.00%   DD Total: 4.30%   Mode: NORMAL
  Session   : UNKNOWN          H4:NEUTRAL    H1:NEUTRAL   
  Global Pos: 0/4 | Floating Risk: 0.0%/15.0%
  Symbols   : XAUUSDm, EURUSDm, USDJPYm, USTECm, BTCUSDm
  Thresholds: NY=65 LDN=82 NY_EARLY=85 OOS=80
══════════════════════════════════════════════════════════════════════
2026-05-14 09:30:00 | INFO     | 🕯️ [EURUSDm] New M5 bar closed: 1778725500
2026-05-14 09:30:00 | INFO     | 🕯️ [USTECm] New M5 bar closed: 1778725500
2026-05-14 09:30:00 | INFO     | 🕯️ [XAUUSDm] New M5 bar closed: 1778725500
2026-05-14 09:30:01 | INFO     | 🕯️ [USDJPYm] New M5 bar closed: 1778725500
2026-05-14 09:30:01 | INFO     | 🕯️ [BTCUSDm] New M5 bar closed: 1778725500
2026-05-14 09:31:45 | INFO     | 
══════════════════════════════════════════════════════════════════════
  📊  STATUS V22  [09:31:45 BKK]
  Equity    : $     57.42  (-4.30%)
  DD Daily  : 0.00%   DD Total: 4.30%   Mode: NORMAL
  Session   : UNKNOWN          H4:NEUTRAL    H1:NEUTRAL   
  Global Pos: 0/4 | Floating Risk: 0.0%/15.0%
  Symbols   : XAUUSDm, EURUSDm, USDJPYm, USTECm, BTCUSDm
  Thresholds: NY=65 LDN=82 NY_EARLY=85 OOS=80
══════════════════════════════════════════════════════════════════════
2026-05-14 09:35:00 | INFO     | 🕯️ [EURUSDm] New M5 bar closed: 1778725800
2026-05-14 09:35:00 | INFO     | 🕯️ [USTECm] New M5 bar closed: 1778725800
2026-05-14 09:35:00 | INFO     | 🕯️ [XAUUSDm] New M5 bar closed: 1778725800
2026-05-14 09:35:01 | INFO     | 🕯️ [USDJPYm] New M5 bar closed: 1778725800
2026-05-14 09:35:01 | INFO     | 🕯️ [BTCUSDm] New M5 bar closed: 1778725800
2026-05-14 09:36:45 | INFO     | 
══════════════════════════════════════════════════════════════════════
  📊  STATUS V22  [09:36:45 BKK]
  Equity    : $     57.42  (-4.30%)
  DD Daily  : 0.00%   DD Total: 4.30%   Mode: NORMAL
  Session   : UNKNOWN          H4:NEUTRAL    H1:NEUTRAL   
  Global Pos: 0/4 | Floating Risk: 0.0%/15.0%
  Symbols   : XAUUSDm, EURUSDm, USDJPYm, USTECm, BTCUSDm
  Thresholds: NY=65 LDN=82 NY_EARLY=85 OOS=80
══════════════════════════════════════════════════════════════════════
2026-05-14 09:40:00 | INFO     | 🕯️ [XAUUSDm] New M5 bar closed: 1778726100
2026-05-14 09:40:01 | INFO     | 🕯️ [EURUSDm] New M5 bar closed: 1778726100
2026-05-14 09:40:01 | INFO     | 🕯️ [USDJPYm] New M5 bar closed: 1778726100
2026-05-14 09:40:01 | INFO     | 🕯️ [USTECm] New M5 bar closed: 1778726100
2026-05-14 09:40:02 | INFO     | 🕯️ [BTCUSDm] New M5 bar closed: 1778726100
2026-05-14 09:41:45 | INFO     | 
══════════════════════════════════════════════════════════════════════
  📊  STATUS V22  [09:41:45 BKK]
  Equity    : $     57.42  (-4.30%)
  DD Daily  : 0.00%   DD Total: 4.30%   Mode: NORMAL
  Session   : UNKNOWN          H4:NEUTRAL    H1:NEUTRAL   
  Global Pos: 0/4 | Floating Risk: 0.0%/15.0%
  Symbols   : XAUUSDm, EURUSDm, USDJPYm, USTECm, BTCUSDm
  Thresholds: NY=65 LDN=82 NY_EARLY=85 OOS=80
══════════════════════════════════════════════════════════════════════
2026-05-14 09:45:00 | INFO     | 🕯️ [XAUUSDm] New M5 bar closed: 1778726400
2026-05-14 09:45:01 | INFO     | 🕯️ [EURUSDm] New M5 bar closed: 1778726400
2026-05-14 09:45:01 | INFO     | 🕯️ [USDJPYm] New M5 bar closed: 1778726400
2026-05-14 09:45:01 | INFO     | 🕯️ [USTECm] New M5 bar closed: 1778726400
2026-05-14 09:45:01 | INFO     | 🕯️ [BTCUSDm] New M5 bar closed: 1778726400
2026-05-14 09:46:45 | INFO     | 
══════════════════════════════════════════════════════════════════════
  📊  STATUS V22  [09:46:45 BKK]
  Equity    : $     57.42  (-4.30%)
  DD Daily  : 0.00%   DD Total: 4.30%   Mode: NORMAL
  Session   : UNKNOWN          H4:NEUTRAL    H1:NEUTRAL   
  Global Pos: 0/4 | Floating Risk: 0.0%/15.0%
  Symbols   : XAUUSDm, EURUSDm, USDJPYm, USTECm, BTCUSDm
  Thresholds: NY=65 LDN=82 NY_EARLY=85 OOS=80
══════════════════════════════════════════════════════════════════════
2026-05-14 09:50:00 | INFO     | 🕯️ [XAUUSDm] New M5 bar closed: 1778726700
2026-05-14 09:50:00 | INFO     | 🕯️ [USTECm] New M5 bar closed: 1778726700
2026-05-14 09:50:00 | INFO     | 🕯️ [BTCUSDm] New M5 bar closed: 1778726700
2026-05-14 09:50:01 | INFO     | 🕯️ [USDJPYm] New M5 bar closed: 1778726700
2026-05-14 09:50:02 | INFO     | 🕯️ [EURUSDm] New M5 bar closed: 1778726700
2026-05-14 09:51:46 | INFO     | 
══════════════════════════════════════════════════════════════════════
  📊  STATUS V22  [09:51:46 BKK]
  Equity    : $     57.42  (-4.30%)
  DD Daily  : 0.00%   DD Total: 4.30%   Mode: NORMAL
  Session   : UNKNOWN          H4:NEUTRAL    H1:NEUTRAL   
  Global Pos: 0/4 | Floating Risk: 0.0%/15.0%
  Symbols   : XAUUSDm, EURUSDm, USDJPYm, USTECm, BTCUSDm
  Thresholds: NY=65 LDN=82 NY_EARLY=85 OOS=80
══════════════════════════════════════════════════════════════════════
2026-05-14 09:55:00 | INFO     | 🕯️ [EURUSDm] New M5 bar closed: 1778727000
2026-05-14 09:55:00 | INFO     | 🕯️ [USTECm] New M5 bar closed: 1778727000
2026-05-14 09:55:01 | INFO     | 🕯️ [XAUUSDm] New M5 bar closed: 1778727000
2026-05-14 09:55:01 | INFO     | 🕯️ [USDJPYm] New M5 bar closed: 1778727000
2026-05-14 09:55:01 | INFO     | 🕯️ [BTCUSDm] New M5 bar closed: 1778727000
2026-05-14 09:56:46 | INFO     | 
══════════════════════════════════════════════════════════════════════
  📊  STATUS V22  [09:56:46 BKK]
  Equity    : $     57.42  (-4.30%)
  DD Daily  : 0.00%   DD Total: 4.30%   Mode: NORMAL
  Session   : UNKNOWN          H4:NEUTRAL    H1:NEUTRAL   
  Global Pos: 0/4 | Floating Risk: 0.0%/15.0%
  Symbols   : XAUUSDm, EURUSDm, USDJPYm, USTECm, BTCUSDm
  Thresholds: NY=65 LDN=82 NY_EARLY=85 OOS=80
══════════════════════════════════════════════════════════════════════
2026-05-14 10:00:00 | INFO     | 🕯️ [USTECm] New M5 bar closed: 1778727300
2026-05-14 10:00:01 | INFO     | 🕯️ [XAUUSDm] New M5 bar closed: 1778727300
2026-05-14 10:00:01 | INFO     | 🕯️ [EURUSDm] New M5 bar closed: 1778727300
2026-05-14 10:00:01 | INFO     | 🕯️ [USDJPYm] New M5 bar closed: 1778727300
2026-05-14 10:00:02 | INFO     | 🕯️ [BTCUSDm] New M5 bar closed: 1778727300
2026-05-14 10:01:46 | INFO     | 
══════════════════════════════════════════════════════════════════════
  📊  STATUS V22  [10:01:46 BKK]
  Equity    : $     57.42  (-4.30%)
  DD Daily  : 0.00%   DD Total: 4.30%   Mode: NORMAL
  Session   : UNKNOWN          H4:NEUTRAL    H1:NEUTRAL   
  Global Pos: 0/4 | Floating Risk: 0.0%/15.0%
  Symbols   : XAUUSDm, EURUSDm, USDJPYm, USTECm, BTCUSDm
  Thresholds: NY=65 LDN=82 NY_EARLY=85 OOS=80
══════════════════════════════════════════════════════════════════════
2026-05-14 10:05:00 | INFO     | 🕯️ [XAUUSDm] New M5 bar closed: 1778727600
2026-05-14 10:05:01 | INFO     | 🕯️ [EURUSDm] New M5 bar closed: 1778727600
2026-05-14 10:05:01 | INFO     | 🕯️ [USDJPYm] New M5 bar closed: 1778727600
2026-05-14 10:05:01 | INFO     | 🕯️ [USTECm] New M5 bar closed: 1778727600
2026-05-14 10:05:01 | INFO     | 🕯️ [BTCUSDm] New M5 bar closed: 1778727600
2026-05-14 10:06:46 | INFO     | 
══════════════════════════════════════════════════════════════════════
  📊  STATUS V22  [10:06:46 BKK]
  Equity    : $     57.42  (-4.30%)
  DD Daily  : 0.00%   DD Total: 4.30%   Mode: NORMAL
  Session   : UNKNOWN          H4:NEUTRAL    H1:NEUTRAL   
  Global Pos: 0/4 | Floating Risk: 0.0%/15.0%
  Symbols   : XAUUSDm, EURUSDm, USDJPYm, USTECm, BTCUSDm
  Thresholds: NY=65 LDN=82 NY_EARLY=85 OOS=80
══════════════════════════════════════════════════════════════════════
2026-05-14 10:10:00 | INFO     | 🕯️ [XAUUSDm] New M5 bar closed: 1778727900
2026-05-14 10:10:00 | INFO     | 🕯️ [EURUSDm] New M5 bar closed: 1778727900
2026-05-14 10:10:00 | INFO     | 🕯️ [USTECm] New M5 bar closed: 1778727900
2026-05-14 10:10:00 | INFO     | 🕯️ [BTCUSDm] New M5 bar closed: 1778727900
2026-05-14 10:10:01 | INFO     | 🕯️ [USDJPYm] New M5 bar closed: 1778727900
2026-05-14 10:11:46 | INFO     | 
══════════════════════════════════════════════════════════════════════
  📊  STATUS V22  [10:11:46 BKK]
  Equity    : $     57.42  (-4.30%)
  DD Daily  : 0.00%   DD Total: 4.30%   Mode: NORMAL
  Session   : UNKNOWN          H4:NEUTRAL    H1:NEUTRAL   
  Global Pos: 0/4 | Floating Risk: 0.0%/15.0%
  Symbols   : XAUUSDm, EURUSDm, USDJPYm, USTECm, BTCUSDm
  Thresholds: NY=65 LDN=82 NY_EARLY=85 OOS=80
══════════════════════════════════════════════════════════════════════
2026-05-14 10:15:00 | INFO     | 🕯️ [EURUSDm] New M5 bar closed: 1778728200
2026-05-14 10:15:00 | INFO     | 🕯️ [USTECm] New M5 bar closed: 1778728200
2026-05-14 10:15:01 | INFO     | 🕯️ [XAUUSDm] New M5 bar closed: 1778728200
2026-05-14 10:15:01 | INFO     | 🕯️ [USDJPYm] New M5 bar closed: 1778728200
2026-05-14 10:15:01 | INFO     | 🕯️ [BTCUSDm] New M5 bar closed: 1778728200
2026-05-14 10:16:47 | INFO     | 
══════════════════════════════════════════════════════════════════════
  📊  STATUS V22  [10:16:47 BKK]
  Equity    : $     57.42  (-4.30%)
  DD Daily  : 0.00%   DD Total: 4.30%   Mode: NORMAL
  Session   : UNKNOWN          H4:NEUTRAL    H1:NEUTRAL   
  Global Pos: 0/4 | Floating Risk: 0.0%/15.0%
  Symbols   : XAUUSDm, EURUSDm, USDJPYm, USTECm, BTCUSDm
  Thresholds: NY=65 LDN=82 NY_EARLY=85 OOS=80
══════════════════════════════════════════════════════════════════════
2026-05-14 10:20:00 | INFO     | 🕯️ [XAUUSDm] New M5 bar closed: 1778728500
2026-05-14 10:20:00 | INFO     | 🕯️ [USDJPYm] New M5 bar closed: 1778728500
2026-05-14 10:20:00 | INFO     | 🕯️ [BTCUSDm] New M5 bar closed: 1778728500
2026-05-14 10:20:01 | INFO     | 🕯️ [EURUSDm] New M5 bar closed: 1778728500
2026-05-14 10:20:01 | INFO     | 🕯️ [USTECm] New M5 bar closed: 1778728500
2026-05-14 10:21:47 | INFO     | 
══════════════════════════════════════════════════════════════════════
  📊  STATUS V22  [10:21:47 BKK]
  Equity    : $     57.42  (-4.30%)
  DD Daily  : 0.00%   DD Total: 4.30%   Mode: NORMAL
  Session   : UNKNOWN          H4:NEUTRAL    H1:NEUTRAL   
  Global Pos: 0/4 | Floating Risk: 0.0%/15.0%
  Symbols   : XAUUSDm, EURUSDm, USDJPYm, USTECm, BTCUSDm
  Thresholds: NY=65 LDN=82 NY_EARLY=85 OOS=80
══════════════════════════════════════════════════════════════════════
2026-05-14 10:25:00 | INFO     | 🕯️ [XAUUSDm] New M5 bar closed: 1778728800
2026-05-14 10:25:00 | INFO     | 🕯️ [EURUSDm] New M5 bar closed: 1778728800
2026-05-14 10:25:00 | INFO     | 🕯️ [USDJPYm] New M5 bar closed: 1778728800
2026-05-14 10:25:00 | INFO     | 🕯️ [USTECm] New M5 bar closed: 1778728800
2026-05-14 10:25:00 | INFO     | 🕯️ [BTCUSDm] New M5 bar closed: 1778728800
2026-05-14 10:26:47 | INFO     | 
══════════════════════════════════════════════════════════════════════
  📊  STATUS V22  [10:26:47 BKK]
  Equity    : $     57.42  (-4.30%)
  DD Daily  : 0.00%   DD Total: 4.30%   Mode: NORMAL
  Session   : UNKNOWN          H4:NEUTRAL    H1:NEUTRAL   
  Global Pos: 0/4 | Floating Risk: 0.0%/15.0%
  Symbols   : XAUUSDm, EURUSDm, USDJPYm, USTECm, BTCUSDm
  Thresholds: NY=65 LDN=82 NY_EARLY=85 OOS=80
══════════════════════════════════════════════════════════════════════
2026-05-14 10:30:00 | INFO     | 🕯️ [EURUSDm] New M5 bar closed: 1778729100
2026-05-14 10:30:00 | INFO     | 🕯️ [USDJPYm] New M5 bar closed: 1778729100
2026-05-14 10:30:00 | INFO     | 🕯️ [USTECm] New M5 bar closed: 1778729100
2026-05-14 10:30:01 | INFO     | 🕯️ [XAUUSDm] New M5 bar closed: 1778729100
2026-05-14 10:30:01 | INFO     | 🕯️ [BTCUSDm] New M5 bar closed: 1778729100
2026-05-14 10:31:47 | INFO     | 
══════════════════════════════════════════════════════════════════════
  📊  STATUS V22  [10:31:47 BKK]
  Equity    : $     57.42  (-4.30%)
  DD Daily  : 0.00%   DD Total: 4.30%   Mode: NORMAL
  Session   : UNKNOWN          H4:NEUTRAL    H1:NEUTRAL   
  Global Pos: 0/4 | Floating Risk: 0.0%/15.0%
  Symbols   : XAUUSDm, EURUSDm, USDJPYm, USTECm, BTCUSDm
  Thresholds: NY=65 LDN=82 NY_EARLY=85 OOS=80
══════════════════════════════════════════════════════════════════════
2026-05-14 10:35:00 | INFO     | 🕯️ [EURUSDm] New M5 bar closed: 1778729400
2026-05-14 10:35:00 | INFO     | 🕯️ [USDJPYm] New M5 bar closed: 1778729400
2026-05-14 10:35:01 | INFO     | 🕯️ [XAUUSDm] New M5 bar closed: 1778729400
2026-05-14 10:35:01 | INFO     | 🕯️ [USTECm] New M5 bar closed: 1778729400
2026-05-14 10:35:02 | INFO     | 🕯️ [BTCUSDm] New M5 bar closed: 1778729400
2026-05-14 10:36:47 | INFO     | 
══════════════════════════════════════════════════════════════════════
  📊  STATUS V22  [10:36:47 BKK]
  Equity    : $     57.42  (-4.30%)
  DD Daily  : 0.00%   DD Total: 4.30%   Mode: NORMAL
  Session   : UNKNOWN          H4:NEUTRAL    H1:NEUTRAL   
  Global Pos: 0/4 | Floating Risk: 0.0%/15.0%
  Symbols   : XAUUSDm, EURUSDm, USDJPYm, USTECm, BTCUSDm
  Thresholds: NY=65 LDN=82 NY_EARLY=85 OOS=80
══════════════════════════════════════════════════════════════════════
2026-05-14 10:40:00 | INFO     | 🕯️ [XAUUSDm] New M5 bar closed: 1778729700
2026-05-14 10:40:00 | INFO     | 🕯️ [USDJPYm] New M5 bar closed: 1778729700
2026-05-14 10:40:00 | INFO     | 🕯️ [USTECm] New M5 bar closed: 1778729700
2026-05-14 10:40:00 | INFO     | 🕯️ [BTCUSDm] New M5 bar closed: 1778729700
2026-05-14 10:40:01 | INFO     | 🕯️ [EURUSDm] New M5 bar closed: 1778729700
2026-05-14 10:41:47 | INFO     | 
══════════════════════════════════════════════════════════════════════
  📊  STATUS V22  [10:41:47 BKK]
  Equity    : $     57.42  (-4.30%)
  DD Daily  : 0.00%   DD Total: 4.30%   Mode: NORMAL
  Session   : UNKNOWN          H4:NEUTRAL    H1:NEUTRAL   
  Global Pos: 0/4 | Floating Risk: 0.0%/15.0%
  Symbols   : XAUUSDm, EURUSDm, USDJPYm, USTECm, BTCUSDm
  Thresholds: NY=65 LDN=82 NY_EARLY=85 OOS=80
══════════════════════════════════════════════════════════════════════
2026-05-14 10:45:00 | INFO     | 🕯️ [XAUUSDm] New M5 bar closed: 1778730000
2026-05-14 10:45:00 | INFO     | 🕯️ [USTECm] New M5 bar closed: 1778730000
2026-05-14 10:45:01 | INFO     | 🕯️ [EURUSDm] New M5 bar closed: 1778730000
2026-05-14 10:45:01 | INFO     | 🕯️ [USDJPYm] New M5 bar closed: 1778730000
2026-05-14 10:45:01 | INFO     | 🕯️ [BTCUSDm] New M5 bar closed: 1778730000
2026-05-14 10:46:47 | INFO     | 
══════════════════════════════════════════════════════════════════════
  📊  STATUS V22  [10:46:47 BKK]
  Equity    : $     57.42  (-4.30%)
  DD Daily  : 0.00%   DD Total: 4.30%   Mode: NORMAL
  Session   : UNKNOWN          H4:NEUTRAL    H1:NEUTRAL   
  Global Pos: 0/4 | Floating Risk: 0.0%/15.0%
  Symbols   : XAUUSDm, EURUSDm, USDJPYm, USTECm, BTCUSDm
  Thresholds: NY=65 LDN=82 NY_EARLY=85 OOS=80
══════════════════════════════════════════════════════════════════════
2026-05-14 10:50:00 | INFO     | 🕯️ [XAUUSDm] New M5 bar closed: 1778730300
2026-05-14 10:50:00 | INFO     | 🕯️ [EURUSDm] New M5 bar closed: 1778730300
2026-05-14 10:50:00 | INFO     | 🕯️ [USDJPYm] New M5 bar closed: 1778730300
2026-05-14 10:50:00 | INFO     | 🕯️ [USTECm] New M5 bar closed: 1778730300
2026-05-14 10:50:01 | INFO     | 🕯️ [BTCUSDm] New M5 bar closed: 1778730300
2026-05-14 10:51:47 | INFO     | 
══════════════════════════════════════════════════════════════════════
  📊  STATUS V22  [10:51:47 BKK]
  Equity    : $     57.42  (-4.30%)
  DD Daily  : 0.00%   DD Total: 4.30%   Mode: NORMAL
  Session   : UNKNOWN          H4:NEUTRAL    H1:NEUTRAL   
  Global Pos: 0/4 | Floating Risk: 0.0%/15.0%
  Symbols   : XAUUSDm, EURUSDm, USDJPYm, USTECm, BTCUSDm
  Thresholds: NY=65 LDN=82 NY_EARLY=85 OOS=80
══════════════════════════════════════════════════════════════════════
2026-05-14 10:55:00 | INFO     | 🕯️ [XAUUSDm] New M5 bar closed: 1778730600
2026-05-14 10:55:00 | INFO     | 🕯️ [USTECm] New M5 bar closed: 1778730600
2026-05-14 10:55:00 | INFO     | 🕯️ [BTCUSDm] New M5 bar closed: 1778730600
2026-05-14 10:55:01 | INFO     | 🕯️ [EURUSDm] New M5 bar closed: 1778730600
2026-05-14 10:55:01 | INFO     | 🕯️ [USDJPYm] New M5 bar closed: 1778730600
2026-05-14 10:56:47 | INFO     | 
══════════════════════════════════════════════════════════════════════
  📊  STATUS V22  [10:56:47 BKK]
  Equity    : $     57.42  (-4.30%)
  DD Daily  : 0.00%   DD Total: 4.30%   Mode: NORMAL
  Session   : UNKNOWN          H4:NEUTRAL    H1:NEUTRAL   
  Global Pos: 0/4 | Floating Risk: 0.0%/15.0%
  Symbols   : XAUUSDm, EURUSDm, USDJPYm, USTECm, BTCUSDm
  Thresholds: NY=65 LDN=82 NY_EARLY=85 OOS=80
══════════════════════════════════════════════════════════════════════
2026-05-14 11:00:00 | INFO     | 🕯️ [XAUUSDm] New M5 bar closed: 1778730900
2026-05-14 11:00:00 | INFO     | 🕯️ [USDJPYm] New M5 bar closed: 1778730900
2026-05-14 11:00:00 | INFO     | 🕯️ [USTECm] New M5 bar closed: 1778730900
2026-05-14 11:00:00 | INFO     | 🕯️ [BTCUSDm] New M5 bar closed: 1778730900
2026-05-14 11:00:01 | INFO     | 🕯️ [EURUSDm] New M5 bar closed: 1778730900
2026-05-14 11:01:47 | INFO     | 
══════════════════════════════════════════════════════════════════════
  📊  STATUS V22  [11:01:47 BKK]
  Equity    : $     57.42  (-4.30%)
  DD Daily  : 0.00%   DD Total: 4.30%   Mode: NORMAL
  Session   : UNKNOWN          H4:NEUTRAL    H1:NEUTRAL   
  Global Pos: 0/4 | Floating Risk: 0.0%/15.0%
  Symbols   : XAUUSDm, EURUSDm, USDJPYm, USTECm, BTCUSDm
  Thresholds: NY=65 LDN=82 NY_EARLY=85 OOS=80
══════════════════════════════════════════════════════════════════════
2026-05-14 11:05:00 | INFO     | 🕯️ [XAUUSDm] New M5 bar closed: 1778731200
2026-05-14 11:05:00 | INFO     | 🕯️ [USDJPYm] New M5 bar closed: 1778731200
2026-05-14 11:05:00 | INFO     | 🕯️ [USTECm] New M5 bar closed: 1778731200
2026-05-14 11:05:00 | INFO     | 🕯️ [BTCUSDm] New M5 bar closed: 1778731200
2026-05-14 11:05:02 | INFO     | 🕯️ [EURUSDm] New M5 bar closed: 1778731200
2026-05-14 11:06:47 | INFO     | 
══════════════════════════════════════════════════════════════════════
  📊  STATUS V22  [11:06:47 BKK]
  Equity    : $     57.42  (-4.30%)
  DD Daily  : 0.00%   DD Total: 4.30%   Mode: NORMAL
  Session   : UNKNOWN          H4:NEUTRAL    H1:NEUTRAL   
  Global Pos: 0/4 | Floating Risk: 0.0%/15.0%
  Symbols   : XAUUSDm, EURUSDm, USDJPYm, USTECm, BTCUSDm
  Thresholds: NY=65 LDN=82 NY_EARLY=85 OOS=80
══════════════════════════════════════════════════════════════════════
2026-05-14 11:10:00 | INFO     | 🕯️ [XAUUSDm] New M5 bar closed: 1778731500
2026-05-14 11:10:00 | INFO     | 🕯️ [EURUSDm] New M5 bar closed: 1778731500
2026-05-14 11:10:00 | INFO     | 🕯️ [USTECm] New M5 bar closed: 1778731500
2026-05-14 11:10:00 | INFO     | 🕯️ [BTCUSDm] New M5 bar closed: 1778731500
2026-05-14 11:10:02 | INFO     | 🕯️ [USDJPYm] New M5 bar closed: 1778731500
2026-05-14 11:11:47 | INFO     | 
══════════════════════════════════════════════════════════════════════
  📊  STATUS V22  [11:11:47 BKK]
  Equity    : $     57.42  (-4.30%)
  DD Daily  : 0.00%   DD Total: 4.30%   Mode: NORMAL
  Session   : UNKNOWN          H4:NEUTRAL    H1:NEUTRAL   
  Global Pos: 0/4 | Floating Risk: 0.0%/15.0%
  Symbols   : XAUUSDm, EURUSDm, USDJPYm, USTECm, BTCUSDm
  Thresholds: NY=65 LDN=82 NY_EARLY=85 OOS=80
══════════════════════════════════════════════════════════════════════
2026-05-14 11:15:00 | INFO     | 🕯️ [XAUUSDm] New M5 bar closed: 1778731800
2026-05-14 11:15:00 | INFO     | 🕯️ [USDJPYm] New M5 bar closed: 1778731800
2026-05-14 11:15:00 | INFO     | 🕯️ [USTECm] New M5 bar closed: 1778731800
2026-05-14 11:15:00 | INFO     | 🕯️ [BTCUSDm] New M5 bar closed: 1778731800
2026-05-14 11:15:01 | INFO     | 🕯️ [EURUSDm] New M5 bar closed: 1778731800
2026-05-14 11:16:47 | INFO     | 
══════════════════════════════════════════════════════════════════════
  📊  STATUS V22  [11:16:47 BKK]
  Equity    : $     57.42  (-4.30%)
  DD Daily  : 0.00%   DD Total: 4.30%   Mode: NORMAL
  Session   : UNKNOWN          H4:NEUTRAL    H1:NEUTRAL   
  Global Pos: 0/4 | Floating Risk: 0.0%/15.0%
  Symbols   : XAUUSDm, EURUSDm, USDJPYm, USTECm, BTCUSDm
  Thresholds: NY=65 LDN=82 NY_EARLY=85 OOS=80
══════════════════════════════════════════════════════════════════════
2026-05-14 11:20:00 | INFO     | 🕯️ [XAUUSDm] New M5 bar closed: 1778732100
2026-05-14 11:20:00 | INFO     | 🕯️ [USDJPYm] New M5 bar closed: 1778732100
2026-05-14 11:20:00 | INFO     | 🕯️ [USTECm] New M5 bar closed: 1778732100
2026-05-14 11:20:00 | INFO     | 🕯️ [BTCUSDm] New M5 bar closed: 1778732100
2026-05-14 11:20:01 | INFO     | 🕯️ [EURUSDm] New M5 bar closed: 1778732100
2026-05-14 11:21:47 | INFO     | 
══════════════════════════════════════════════════════════════════════
  📊  STATUS V22  [11:21:47 BKK]
  Equity    : $     57.42  (-4.30%)
  DD Daily  : 0.00%   DD Total: 4.30%   Mode: NORMAL
  Session   : UNKNOWN          H4:NEUTRAL    H1:NEUTRAL   
  Global Pos: 0/4 | Floating Risk: 0.0%/15.0%
  Symbols   : XAUUSDm, EURUSDm, USDJPYm, USTECm, BTCUSDm
  Thresholds: NY=65 LDN=82 NY_EARLY=85 OOS=80
══════════════════════════════════════════════════════════════════════
2026-05-14 11:25:00 | INFO     | 🕯️ [EURUSDm] New M5 bar closed: 1778732400
2026-05-14 11:25:00 | INFO     | 🕯️ [USTECm] New M5 bar closed: 1778732400
2026-05-14 11:25:01 | INFO     | 🕯️ [XAUUSDm] New M5 bar closed: 1778732400
2026-05-14 11:25:01 | INFO     | 🕯️ [BTCUSDm] New M5 bar closed: 1778732400
2026-05-14 11:25:02 | INFO     | 🕯️ [USDJPYm] New M5 bar closed: 1778732400
2026-05-14 11:26:47 | INFO     | 
══════════════════════════════════════════════════════════════════════
  📊  STATUS V22  [11:26:47 BKK]
  Equity    : $     57.42  (-4.30%)
  DD Daily  : 0.00%   DD Total: 4.30%   Mode: NORMAL
  Session   : UNKNOWN          H4:NEUTRAL    H1:NEUTRAL   
  Global Pos: 0/4 | Floating Risk: 0.0%/15.0%
  Symbols   : XAUUSDm, EURUSDm, USDJPYm, USTECm, BTCUSDm
  Thresholds: NY=65 LDN=82 NY_EARLY=85 OOS=80
══════════════════════════════════════════════════════════════════════
2026-05-14 11:30:00 | INFO     | 🕯️ [XAUUSDm] New M5 bar closed: 1778732700
2026-05-14 11:30:00 | INFO     | 🕯️ [EURUSDm] New M5 bar closed: 1778732700
2026-05-14 11:30:00 | INFO     | 🕯️ [USDJPYm] New M5 bar closed: 1778732700
2026-05-14 11:30:00 | INFO     | 🕯️ [USTECm] New M5 bar closed: 1778732700
2026-05-14 11:30:04 | INFO     | 🕯️ [BTCUSDm] New M5 bar closed: 1778732700
2026-05-14 11:31:47 | INFO     | 
══════════════════════════════════════════════════════════════════════
  📊  STATUS V22  [11:31:47 BKK]
  Equity    : $     57.42  (-4.30%)
  DD Daily  : 0.00%   DD Total: 4.30%   Mode: NORMAL
  Session   : UNKNOWN          H4:NEUTRAL    H1:NEUTRAL   
  Global Pos: 0/4 | Floating Risk: 0.0%/15.0%
  Symbols   : XAUUSDm, EURUSDm, USDJPYm, USTECm, BTCUSDm
  Thresholds: NY=65 LDN=82 NY_EARLY=85 OOS=80
══════════════════════════════════════════════════════════════════════
2026-05-14 11:35:00 | INFO     | 🕯️ [XAUUSDm] New M5 bar closed: 1778733000
2026-05-14 11:35:00 | INFO     | 🕯️ [EURUSDm] New M5 bar closed: 1778733000
2026-05-14 11:35:00 | INFO     | 🕯️ [USDJPYm] New M5 bar closed: 1778733000
2026-05-14 11:35:00 | INFO     | 🕯️ [USTECm] New M5 bar closed: 1778733000
2026-05-14 11:35:01 | INFO     | 🕯️ [BTCUSDm] New M5 bar closed: 1778733000
2026-05-14 11:36:47 | INFO     | 
══════════════════════════════════════════════════════════════════════
  📊  STATUS V22  [11:36:47 BKK]
  Equity    : $     57.42  (-4.30%)
  DD Daily  : 0.00%   DD Total: 4.30%   Mode: NORMAL
  Session   : UNKNOWN          H4:NEUTRAL    H1:NEUTRAL   
  Global Pos: 0/4 | Floating Risk: 0.0%/15.0%
  Symbols   : XAUUSDm, EURUSDm, USDJPYm, USTECm, BTCUSDm
  Thresholds: NY=65 LDN=82 NY_EARLY=85 OOS=80
══════════════════════════════════════════════════════════════════════
2026-05-14 11:40:00 | INFO     | 🕯️ [USDJPYm] New M5 bar closed: 1778733300
2026-05-14 11:40:00 | INFO     | 🕯️ [USTECm] New M5 bar closed: 1778733300
2026-05-14 11:40:01 | INFO     | 🕯️ [XAUUSDm] New M5 bar closed: 1778733300
2026-05-14 11:40:01 | INFO     | 🕯️ [EURUSDm] New M5 bar closed: 1778733300
2026-05-14 11:40:01 | INFO     | 🕯️ [BTCUSDm] New M5 bar closed: 1778733300
2026-05-14 11:41:47 | INFO     | 
══════════════════════════════════════════════════════════════════════
  📊  STATUS V22  [11:41:47 BKK]
  Equity    : $     57.42  (-4.30%)
  DD Daily  : 0.00%   DD Total: 4.30%   Mode: NORMAL
  Session   : UNKNOWN          H4:NEUTRAL    H1:NEUTRAL   
  Global Pos: 0/4 | Floating Risk: 0.0%/15.0%
  Symbols   : XAUUSDm, EURUSDm, USDJPYm, USTECm, BTCUSDm
  Thresholds: NY=65 LDN=82 NY_EARLY=85 OOS=80
══════════════════════════════════════════════════════════════════════
2026-05-14 11:45:00 | INFO     | 🕯️ [XAUUSDm] New M5 bar closed: 1778733600
2026-05-14 11:45:00 | INFO     | 🕯️ [EURUSDm] New M5 bar closed: 1778733600
2026-05-14 11:45:00 | INFO     | 🕯️ [USDJPYm] New M5 bar closed: 1778733600
2026-05-14 11:45:00 | INFO     | 🕯️ [USTECm] New M5 bar closed: 1778733600
2026-05-14 11:45:00 | INFO     | 🕯️ [BTCUSDm] New M5 bar closed: 1778733600
2026-05-14 11:46:47 | INFO     | 
══════════════════════════════════════════════════════════════════════
  📊  STATUS V22  [11:46:47 BKK]
  Equity    : $     57.42  (-4.30%)
  DD Daily  : 0.00%   DD Total: 4.30%   Mode: NORMAL
  Session   : UNKNOWN          H4:NEUTRAL    H1:NEUTRAL   
  Global Pos: 0/4 | Floating Risk: 0.0%/15.0%
  Symbols   : XAUUSDm, EURUSDm, USDJPYm, USTECm, BTCUSDm
  Thresholds: NY=65 LDN=82 NY_EARLY=85 OOS=80
══════════════════════════════════════════════════════════════════════
2026-05-14 11:50:00 | INFO     | 🕯️ [XAUUSDm] New M5 bar closed: 1778733900
2026-05-14 11:50:00 | INFO     | 🕯️ [EURUSDm] New M5 bar closed: 1778733900
2026-05-14 11:50:00 | INFO     | 🕯️ [USDJPYm] New M5 bar closed: 1778733900
2026-05-14 11:50:00 | INFO     | 🕯️ [USTECm] New M5 bar closed: 1778733900
2026-05-14 11:50:00 | INFO     | 🕯️ [BTCUSDm] New M5 bar closed: 1778733900
2026-05-14 11:51:47 | INFO     | 
══════════════════════════════════════════════════════════════════════
  📊  STATUS V22  [11:51:47 BKK]
  Equity    : $     57.42  (-4.30%)
  DD Daily  : 0.00%   DD Total: 4.30%   Mode: NORMAL
  Session   : UNKNOWN          H4:NEUTRAL    H1:NEUTRAL   
  Global Pos: 0/4 | Floating Risk: 0.0%/15.0%
  Symbols   : XAUUSDm, EURUSDm, USDJPYm, USTECm, BTCUSDm
  Thresholds: NY=65 LDN=82 NY_EARLY=85 OOS=80
══════════════════════════════════════════════════════════════════════
2026-05-14 11:55:00 | INFO     | 🕯️ [XAUUSDm] New M5 bar closed: 1778734200
2026-05-14 11:55:00 | INFO     | 🕯️ [EURUSDm] New M5 bar closed: 1778734200
2026-05-14 11:55:00 | INFO     | 🕯️ [USDJPYm] New M5 bar closed: 1778734200
2026-05-14 11:55:00 | INFO     | 🕯️ [USTECm] New M5 bar closed: 1778734200
2026-05-14 11:55:01 | INFO     | 🕯️ [BTCUSDm] New M5 bar closed: 1778734200
2026-05-14 11:56:47 | INFO     | 
══════════════════════════════════════════════════════════════════════
  📊  STATUS V22  [11:56:47 BKK]
  Equity    : $     57.42  (-4.30%)
  DD Daily  : 0.00%   DD Total: 4.30%   Mode: NORMAL
  Session   : UNKNOWN          H4:NEUTRAL    H1:NEUTRAL   
  Global Pos: 0/4 | Floating Risk: 0.0%/15.0%
  Symbols   : XAUUSDm, EURUSDm, USDJPYm, USTECm, BTCUSDm
  Thresholds: NY=65 LDN=82 NY_EARLY=85 OOS=80
══════════════════════════════════════════════════════════════════════
2026-05-14 12:00:00 | INFO     | 🕯️ [XAUUSDm] New M5 bar closed: 1778734500
2026-05-14 12:00:00 | INFO     |   [XAUUSDm] BUY -3/80
2026-05-14 12:00:00 | INFO     | 🕯️ [EURUSDm] New M5 bar closed: 1778734500
2026-05-14 12:00:00 | INFO     |   [EURUSDm] BUY -9/80
2026-05-14 12:00:00 | INFO     | 🕯️ [USDJPYm] New M5 bar closed: 1778734500
2026-05-14 12:00:00 | INFO     |   [USDJPYm] WAIT 0/80
2026-05-14 12:00:01 | INFO     | 🕯️ [USTECm] New M5 bar closed: 1778734500
2026-05-14 12:00:01 | INFO     |   [USTECm] WAIT 0/80
2026-05-14 12:00:01 | INFO     | 🕯️ [BTCUSDm] New M5 bar closed: 1778734500
2026-05-14 12:00:01 | INFO     |   [BTCUSDm] WAIT 0/80
2026-05-14 12:01:47 | INFO     | 
══════════════════════════════════════════════════════════════════════
  📊  STATUS V22  [12:01:47 BKK]
  Equity    : $     57.42  (-4.30%)
  DD Daily  : 0.00%   DD Total: 4.30%   Mode: NORMAL
  Session   : PRE_LONDON       H4:NEUTRAL    H1:NEUTRAL   
  Global Pos: 0/4 | Floating Risk: 0.0%/15.0%
  Symbols   : XAUUSDm, EURUSDm, USDJPYm, USTECm, BTCUSDm
  Thresholds: NY=65 LDN=82 NY_EARLY=85 OOS=80
══════════════════════════════════════════════════════════════════════
2026-05-14 12:05:00 | INFO     | 🕯️ [USTECm] New M5 bar closed: 1778734800
2026-05-14 12:05:00 | INFO     |   [USTECm] WAIT 0/80
2026-05-14 12:05:00 | INFO     | 🕯️ [BTCUSDm] New M5 bar closed: 1778734800
2026-05-14 12:05:00 | INFO     |   [BTCUSDm] WAIT 0/80
2026-05-14 12:05:00 | INFO     | 🕯️ [XAUUSDm] New M5 bar closed: 1778734800
2026-05-14 12:05:00 | INFO     |   [XAUUSDm] BUY -3/80
2026-05-14 12:05:00 | INFO     | 🕯️ [EURUSDm] New M5 bar closed: 1778734800
2026-05-14 12:05:00 | INFO     |   [EURUSDm] WAIT 0/80
2026-05-14 12:05:01 | INFO     | 🕯️ [USDJPYm] New M5 bar closed: 1778734800
2026-05-14 12:05:01 | INFO     |   [USDJPYm] WAIT 0/80
2026-05-14 12:06:47 | INFO     | 
══════════════════════════════════════════════════════════════════════
  📊  STATUS V22  [12:06:47 BKK]
  Equity    : $     57.42  (-4.30%)
  DD Daily  : 0.00%   DD Total: 4.30%   Mode: NORMAL
  Session   : PRE_LONDON       H4:NEUTRAL    H1:NEUTRAL   
  Global Pos: 0/4 | Floating Risk: 0.0%/15.0%
  Symbols   : XAUUSDm, EURUSDm, USDJPYm, USTECm, BTCUSDm
  Thresholds: NY=65 LDN=82 NY_EARLY=85 OOS=80
══════════════════════════════════════════════════════════════════════
2026-05-14 12:10:00 | INFO     | 🕯️ [BTCUSDm] New M5 bar closed: 1778735100
2026-05-14 12:10:00 | INFO     |   [BTCUSDm] WAIT 0/80
2026-05-14 12:10:00 | INFO     | 🕯️ [XAUUSDm] New M5 bar closed: 1778735100
2026-05-14 12:10:00 | INFO     |   [XAUUSDm] BUY -4/80
2026-05-14 12:10:01 | INFO     | 🕯️ [USTECm] New M5 bar closed: 1778735100
2026-05-14 12:10:01 | INFO     |   [USTECm] WAIT 0/80
2026-05-14 12:10:01 | INFO     | 🕯️ [EURUSDm] New M5 bar closed: 1778735100
2026-05-14 12:10:01 | INFO     |   [EURUSDm] WAIT 0/80
2026-05-14 12:10:02 | INFO     | 🕯️ [USDJPYm] New M5 bar closed: 1778735100
2026-05-14 12:10:02 | INFO     |   [USDJPYm] WAIT 0/80
2026-05-14 12:11:47 | INFO     | 
══════════════════════════════════════════════════════════════════════
  📊  STATUS V22  [12:11:47 BKK]
  Equity    : $     57.42  (-4.30%)
  DD Daily  : 0.00%   DD Total: 4.30%   Mode: NORMAL
  Session   : PRE_LONDON       H4:NEUTRAL    H1:NEUTRAL   
  Global Pos: 0/4 | Floating Risk: 0.0%/15.0%
  Symbols   : XAUUSDm, EURUSDm, USDJPYm, USTECm, BTCUSDm
  Thresholds: NY=65 LDN=82 NY_EARLY=85 OOS=80
══════════════════════════════════════════════════════════════════════
2026-05-14 12:15:00 | INFO     | 🕯️ [USTECm] New M5 bar closed: 1778735400
2026-05-14 12:15:00 | INFO     |   [USTECm] WAIT 0/80
2026-05-14 12:15:00 | INFO     | 🕯️ [XAUUSDm] New M5 bar closed: 1778735400
2026-05-14 12:15:00 | INFO     |   [XAUUSDm] BUY -14/80
2026-05-14 12:15:01 | INFO     | 🕯️ [EURUSDm] New M5 bar closed: 1778735400
2026-05-14 12:15:01 | INFO     |   [EURUSDm] WAIT 0/80
2026-05-14 12:15:01 | INFO     | 🕯️ [USDJPYm] New M5 bar closed: 1778735400
2026-05-14 12:15:01 | INFO     |   [USDJPYm] WAIT 0/80
2026-05-14 12:15:02 | INFO     | 🕯️ [BTCUSDm] New M5 bar closed: 1778735400
2026-05-14 12:15:02 | INFO     |   [BTCUSDm] WAIT 0/80
2026-05-14 12:16:47 | INFO     | 
══════════════════════════════════════════════════════════════════════
  📊  STATUS V22  [12:16:47 BKK]
  Equity    : $     57.42  (-4.30%)
  DD Daily  : 0.00%   DD Total: 4.30%   Mode: NORMAL
  Session   : PRE_LONDON       H4:NEUTRAL    H1:NEUTRAL   
  Global Pos: 0/4 | Floating Risk: 0.0%/15.0%
  Symbols   : XAUUSDm, EURUSDm, USDJPYm, USTECm, BTCUSDm
  Thresholds: NY=65 LDN=82 NY_EARLY=85 OOS=80
══════════════════════════════════════════════════════════════════════
2026-05-14 12:20:00 | INFO     | 🕯️ [USDJPYm] New M5 bar closed: 1778735700
2026-05-14 12:20:00 | INFO     |   [USDJPYm] SELL -12/80
2026-05-14 12:20:00 | INFO     | 🕯️ [XAUUSDm] New M5 bar closed: 1778735700
2026-05-14 12:20:00 | INFO     |   [XAUUSDm] BUY -14/80
2026-05-14 12:20:01 | INFO     | 🕯️ [EURUSDm] New M5 bar closed: 1778735700
2026-05-14 12:20:01 | INFO     |   [EURUSDm] BUY 37/80
2026-05-14 12:20:01 | INFO     | 🕯️ [USTECm] New M5 bar closed: 1778735700
2026-05-14 12:20:01 | INFO     |   [USTECm] WAIT 0/80
2026-05-14 12:20:01 | INFO     | 🕯️ [BTCUSDm] New M5 bar closed: 1778735700
2026-05-14 12:20:01 | INFO     |   [BTCUSDm] WAIT 0/80
2026-05-14 12:21:47 | INFO     | 
══════════════════════════════════════════════════════════════════════
  📊  STATUS V22  [12:21:47 BKK]
  Equity    : $     57.42  (-4.30%)
  DD Daily  : 0.00%   DD Total: 4.30%   Mode: NORMAL
  Session   : PRE_LONDON       H4:NEUTRAL    H1:NEUTRAL   
  Global Pos: 0/4 | Floating Risk: 0.0%/15.0%
  Symbols   : XAUUSDm, EURUSDm, USDJPYm, USTECm, BTCUSDm
  Thresholds: NY=65 LDN=82 NY_EARLY=85 OOS=80
══════════════════════════════════════════════════════════════════════
2026-05-14 12:25:00 | INFO     | 🕯️ [EURUSDm] New M5 bar closed: 1778736000
2026-05-14 12:25:00 | INFO     |   [EURUSDm] WAIT 0/80
2026-05-14 12:25:00 | INFO     | 🕯️ [USDJPYm] New M5 bar closed: 1778736000
2026-05-14 12:25:00 | INFO     |   [USDJPYm] SELL -12/80
2026-05-14 12:25:00 | INFO     | 🕯️ [USTECm] New M5 bar closed: 1778736000
2026-05-14 12:25:00 | INFO     |   [USTECm] WAIT 0/80
2026-05-14 12:25:01 | INFO     | 🕯️ [XAUUSDm] New M5 bar closed: 1778736000
2026-05-14 12:25:01 | INFO     |   [XAUUSDm] WAIT 0/80
2026-05-14 12:25:04 | INFO     | 🕯️ [BTCUSDm] New M5 bar closed: 1778736000
2026-05-14 12:25:04 | INFO     |   [BTCUSDm] WAIT 0/80
2026-05-14 12:26:47 | INFO     | 
══════════════════════════════════════════════════════════════════════
  📊  STATUS V22  [12:26:47 BKK]
  Equity    : $     57.42  (-4.30%)
  DD Daily  : 0.00%   DD Total: 4.30%   Mode: NORMAL
  Session   : PRE_LONDON       H4:NEUTRAL    H1:NEUTRAL   
  Global Pos: 0/4 | Floating Risk: 0.0%/15.0%
  Symbols   : XAUUSDm, EURUSDm, USDJPYm, USTECm, BTCUSDm
  Thresholds: NY=65 LDN=82 NY_EARLY=85 OOS=80
══════════════════════════════════════════════════════════════════════
2026-05-14 12:30:00 | INFO     | 🕯️ [XAUUSDm] New M5 bar closed: 1778736300
2026-05-14 12:30:00 | INFO     |   [XAUUSDm] BUY 0/80
2026-05-14 12:30:00 | INFO     | 🕯️ [USDJPYm] New M5 bar closed: 1778736300
2026-05-14 12:30:00 | INFO     |   [USDJPYm] WAIT 0/80
2026-05-14 12:30:00 | INFO     | 🕯️ [USTECm] New M5 bar closed: 1778736300
2026-05-14 12:30:00 | INFO     |   [USTECm] WAIT 0/80
2026-05-14 12:30:01 | INFO     | 🕯️ [EURUSDm] New M5 bar closed: 1778736300
2026-05-14 12:30:01 | INFO     |   [EURUSDm] WAIT 0/80
2026-05-14 12:30:02 | INFO     | 🕯️ [BTCUSDm] New M5 bar closed: 1778736300
2026-05-14 12:30:02 | INFO     |   [BTCUSDm] WAIT 0/80
2026-05-14 12:31:47 | INFO     | 
══════════════════════════════════════════════════════════════════════
  📊  STATUS V22  [12:31:47 BKK]
  Equity    : $     57.42  (-4.30%)
  DD Daily  : 0.00%   DD Total: 4.30%   Mode: NORMAL
  Session   : PRE_LONDON       H4:NEUTRAL    H1:NEUTRAL   
  Global Pos: 0/4 | Floating Risk: 0.0%/15.0%
  Symbols   : XAUUSDm, EURUSDm, USDJPYm, USTECm, BTCUSDm
  Thresholds: NY=65 LDN=82 NY_EARLY=85 OOS=80
══════════════════════════════════════════════════════════════════════
2026-05-14 12:35:00 | INFO     | 🕯️ [XAUUSDm] New M5 bar closed: 1778736600
2026-05-14 12:35:00 | INFO     |   [XAUUSDm] WAIT 0/80
2026-05-14 12:35:00 | INFO     | 🕯️ [EURUSDm] New M5 bar closed: 1778736600
2026-05-14 12:35:00 | INFO     |   [EURUSDm] WAIT 0/80
2026-05-14 12:35:00 | INFO     | 🕯️ [USDJPYm] New M5 bar closed: 1778736600
2026-05-14 12:35:00 | INFO     |   [USDJPYm] BUY -12/80
2026-05-14 12:35:00 | INFO     | 🕯️ [USTECm] New M5 bar closed: 1778736600
2026-05-14 12:35:00 | INFO     |   [USTECm] WAIT 0/80
2026-05-14 12:35:00 | INFO     | 🕯️ [BTCUSDm] New M5 bar closed: 1778736600
2026-05-14 12:35:00 | INFO     |   [BTCUSDm] WAIT 0/80
2026-05-14 12:36:48 | INFO     | 
══════════════════════════════════════════════════════════════════════
  📊  STATUS V22  [12:36:48 BKK]
  Equity    : $     57.42  (-4.30%)
  DD Daily  : 0.00%   DD Total: 4.30%   Mode: NORMAL
  Session   : PRE_LONDON       H4:NEUTRAL    H1:NEUTRAL   
  Global Pos: 0/4 | Floating Risk: 0.0%/15.0%
  Symbols   : XAUUSDm, EURUSDm, USDJPYm, USTECm, BTCUSDm
  Thresholds: NY=65 LDN=82 NY_EARLY=85 OOS=80
══════════════════════════════════════════════════════════════════════
2026-05-14 12:40:00 | INFO     | 🕯️ [XAUUSDm] New M5 bar closed: 1778736900
2026-05-14 12:40:00 | INFO     |   [XAUUSDm] WAIT 0/80
2026-05-14 12:40:00 | INFO     | 🕯️ [EURUSDm] New M5 bar closed: 1778736900
2026-05-14 12:40:00 | INFO     |   [EURUSDm] WAIT 0/80
2026-05-14 12:40:01 | INFO     | 🕯️ [USDJPYm] New M5 bar closed: 1778736900
2026-05-14 12:40:01 | INFO     |   [USDJPYm] BUY -12/80
2026-05-14 12:40:01 | INFO     | 🕯️ [USTECm] New M5 bar closed: 1778736900
2026-05-14 12:40:01 | INFO     |   [USTECm] WAIT 0/80
2026-05-14 12:40:02 | INFO     | 🕯️ [BTCUSDm] New M5 bar closed: 1778736900
2026-05-14 12:40:02 | INFO     |   [BTCUSDm] BUY 4/80
2026-05-14 12:41:48 | INFO     | 
══════════════════════════════════════════════════════════════════════
  📊  STATUS V22  [12:41:48 BKK]
  Equity    : $     57.42  (-4.30%)
  DD Daily  : 0.00%   DD Total: 4.30%   Mode: NORMAL
  Session   : PRE_LONDON       H4:NEUTRAL    H1:NEUTRAL   
  Global Pos: 0/4 | Floating Risk: 0.0%/15.0%
  Symbols   : XAUUSDm, EURUSDm, USDJPYm, USTECm, BTCUSDm
  Thresholds: NY=65 LDN=82 NY_EARLY=85 OOS=80
══════════════════════════════════════════════════════════════════════
2026-05-14 12:45:00 | INFO     | 🕯️ [XAUUSDm] New M5 bar closed: 1778737200
2026-05-14 12:45:00 | INFO     |   [XAUUSDm] WAIT 0/80
2026-05-14 12:45:00 | INFO     | 🕯️ [USDJPYm] New M5 bar closed: 1778737200
2026-05-14 12:45:00 | INFO     |   [USDJPYm] WAIT 0/80
2026-05-14 12:45:00 | INFO     | 🕯️ [USTECm] New M5 bar closed: 1778737200
2026-05-14 12:45:00 | INFO     |   [USTECm] WAIT 0/80
2026-05-14 12:45:00 | INFO     | 🕯️ [BTCUSDm] New M5 bar closed: 1778737200
2026-05-14 12:45:00 | INFO     |   [BTCUSDm] BUY -12/80
2026-05-14 12:45:01 | INFO     | 🕯️ [EURUSDm] New M5 bar closed: 1778737200
2026-05-14 12:45:01 | INFO     |   [EURUSDm] WAIT 0/80
2026-05-14 12:46:48 | INFO     | 
══════════════════════════════════════════════════════════════════════
  📊  STATUS V22  [12:46:48 BKK]
  Equity    : $     57.42  (-4.30%)
  DD Daily  : 0.00%   DD Total: 4.30%   Mode: NORMAL
  Session   : PRE_LONDON       H4:NEUTRAL    H1:NEUTRAL   
  Global Pos: 0/4 | Floating Risk: 0.0%/15.0%
  Symbols   : XAUUSDm, EURUSDm, USDJPYm, USTECm, BTCUSDm
  Thresholds: NY=65 LDN=82 NY_EARLY=85 OOS=80
══════════════════════════════════════════════════════════════════════
2026-05-14 12:50:00 | INFO     | 🕯️ [XAUUSDm] New M5 bar closed: 1778737500
2026-05-14 12:50:00 | INFO     |   [XAUUSDm] WAIT 0/80
2026-05-14 12:50:00 | INFO     | 🕯️ [EURUSDm] New M5 bar closed: 1778737500
2026-05-14 12:50:00 | INFO     |   [EURUSDm] WAIT 0/80
2026-05-14 12:50:00 | INFO     | 🕯️ [USDJPYm] New M5 bar closed: 1778737500
2026-05-14 12:50:00 | INFO     |   [USDJPYm] WAIT 0/80
2026-05-14 12:50:00 | INFO     | 🕯️ [USTECm] New M5 bar closed: 1778737500
2026-05-14 12:50:00 | INFO     |   [USTECm] SELL -17/80
2026-05-14 12:50:00 | INFO     | 🕯️ [BTCUSDm] New M5 bar closed: 1778737500
2026-05-14 12:50:00 | INFO     |   [BTCUSDm] WAIT 0/80
2026-05-14 12:51:48 | INFO     | 
══════════════════════════════════════════════════════════════════════
  📊  STATUS V22  [12:51:48 BKK]
  Equity    : $     57.42  (-4.30%)
  DD Daily  : 0.00%   DD Total: 4.30%   Mode: NORMAL
  Session   : PRE_LONDON       H4:NEUTRAL    H1:NEUTRAL   
  Global Pos: 0/4 | Floating Risk: 0.0%/15.0%
  Symbols   : XAUUSDm, EURUSDm, USDJPYm, USTECm, BTCUSDm
  Thresholds: NY=65 LDN=82 NY_EARLY=85 OOS=80
══════════════════════════════════════════════════════════════════════
2026-05-14 12:55:00 | INFO     | 🕯️ [XAUUSDm] New M5 bar closed: 1778737800
2026-05-14 12:55:00 | INFO     |   [XAUUSDm] WAIT 0/80
2026-05-14 12:55:00 | INFO     | 🕯️ [EURUSDm] New M5 bar closed: 1778737800
2026-05-14 12:55:00 | INFO     |   [EURUSDm] BUY 5/80
2026-05-14 12:55:00 | INFO     | 🕯️ [USDJPYm] New M5 bar closed: 1778737800
2026-05-14 12:55:00 | INFO     |   [USDJPYm] WAIT 0/80
2026-05-14 12:55:00 | INFO     | 🕯️ [USTECm] New M5 bar closed: 1778737800
2026-05-14 12:55:00 | INFO     |   [USTECm] WAIT 0/80
2026-05-14 12:55:00 | INFO     | 🕯️ [BTCUSDm] New M5 bar closed: 1778737800
2026-05-14 12:55:00 | INFO     |   [BTCUSDm] BUY -11/80
2026-05-14 12:56:48 | INFO     | 
══════════════════════════════════════════════════════════════════════
  📊  STATUS V22  [12:56:48 BKK]
  Equity    : $     57.42  (-4.30%)
  DD Daily  : 0.00%   DD Total: 4.30%   Mode: NORMAL
  Session   : PRE_LONDON       H4:NEUTRAL    H1:NEUTRAL   
  Global Pos: 0/4 | Floating Risk: 0.0%/15.0%
  Symbols   : XAUUSDm, EURUSDm, USDJPYm, USTECm, BTCUSDm
  Thresholds: NY=65 LDN=82 NY_EARLY=85 OOS=80
══════════════════════════════════════════════════════════════════════
2026-05-14 13:00:00 | INFO     | 🕯️ [XAUUSDm] New M5 bar closed: 1778738100
2026-05-14 13:00:00 | INFO     |   [XAUUSDm] BUY 10/80
2026-05-14 13:00:00 | INFO     | 🕯️ [EURUSDm] New M5 bar closed: 1778738100
2026-05-14 13:00:00 | INFO     |   [EURUSDm] WAIT 0/80
2026-05-14 13:00:00 | INFO     | 🕯️ [USDJPYm] New M5 bar closed: 1778738100
2026-05-14 13:00:00 | INFO     |   [USDJPYm] WAIT 0/80
2026-05-14 13:00:00 | INFO     | 🕯️ [USTECm] New M5 bar closed: 1778738100
2026-05-14 13:00:00 | INFO     |   [USTECm] WAIT 0/80
2026-05-14 13:00:00 | INFO     | 🕯️ [BTCUSDm] New M5 bar closed: 1778738100
2026-05-14 13:00:00 | INFO     |   [BTCUSDm] WAIT 0/80
2026-05-14 13:01:48 | INFO     | 
══════════════════════════════════════════════════════════════════════
  📊  STATUS V22  [13:01:48 BKK]
  Equity    : $     57.42  (-4.30%)
  DD Daily  : 0.00%   DD Total: 4.30%   Mode: NORMAL
  Session   : PRE_LONDON       H4:NEUTRAL    H1:NEUTRAL   
  Global Pos: 0/4 | Floating Risk: 0.0%/15.0%
  Symbols   : XAUUSDm, EURUSDm, USDJPYm, USTECm, BTCUSDm
  Thresholds: NY=65 LDN=82 NY_EARLY=85 OOS=80
══════════════════════════════════════════════════════════════════════
2026-05-14 13:05:00 | INFO     | 🕯️ [XAUUSDm] New M5 bar closed: 1778738400
2026-05-14 13:05:00 | INFO     |   [XAUUSDm] SELL 4/80
2026-05-14 13:05:00 | INFO     | 🕯️ [USDJPYm] New M5 bar closed: 1778738400
2026-05-14 13:05:00 | INFO     |   [USDJPYm] WAIT 0/80
2026-05-14 13:05:00 | INFO     | 🕯️ [USTECm] New M5 bar closed: 1778738400
2026-05-14 13:05:00 | INFO     |   [USTECm] WAIT 0/80
2026-05-14 13:05:01 | INFO     | 🕯️ [EURUSDm] New M5 bar closed: 1778738400
2026-05-14 13:05:01 | INFO     |   [EURUSDm] BUY 36/80
2026-05-14 13:05:02 | INFO     | 🕯️ [BTCUSDm] New M5 bar closed: 1778738400
2026-05-14 13:05:02 | INFO     |   [BTCUSDm] WAIT 0/80
2026-05-14 13:06:48 | INFO     | 
══════════════════════════════════════════════════════════════════════
  📊  STATUS V22  [13:06:48 BKK]
  Equity    : $     57.42  (-4.30%)
  DD Daily  : 0.00%   DD Total: 4.30%   Mode: NORMAL
  Session   : PRE_LONDON       H4:NEUTRAL    H1:NEUTRAL   
  Global Pos: 0/4 | Floating Risk: 0.0%/15.0%
  Symbols   : XAUUSDm, EURUSDm, USDJPYm, USTECm, BTCUSDm
  Thresholds: NY=65 LDN=82 NY_EARLY=85 OOS=80
══════════════════════════════════════════════════════════════════════
2026-05-14 13:10:00 | INFO     | 🕯️ [XAUUSDm] New M5 bar closed: 1778738700
2026-05-14 13:10:00 | INFO     |   [XAUUSDm] WAIT 0/80
2026-05-14 13:10:00 | INFO     | 🕯️ [EURUSDm] New M5 bar closed: 1778738700
2026-05-14 13:10:00 | INFO     |   [EURUSDm] WAIT 0/80
2026-05-14 13:10:00 | INFO     | 🕯️ [USTECm] New M5 bar closed: 1778738700
2026-05-14 13:10:00 | INFO     |   [USTECm] BUY 59/80
2026-05-14 13:10:01 | INFO     | 🕯️ [USDJPYm] New M5 bar closed: 1778738700
2026-05-14 13:10:01 | INFO     |   [USDJPYm] WAIT 0/80
2026-05-14 13:10:01 | INFO     | 🕯️ [BTCUSDm] New M5 bar closed: 1778738700
2026-05-14 13:10:01 | INFO     |   [BTCUSDm] WAIT 0/80
2026-05-14 13:11:48 | INFO     | 
══════════════════════════════════════════════════════════════════════
  📊  STATUS V22  [13:11:48 BKK]
  Equity    : $     57.42  (-4.30%)
  DD Daily  : 0.00%   DD Total: 4.30%   Mode: NORMAL
  Session   : PRE_LONDON       H4:NEUTRAL    H1:NEUTRAL   
  Global Pos: 0/4 | Floating Risk: 0.0%/15.0%
  Symbols   : XAUUSDm, EURUSDm, USDJPYm, USTECm, BTCUSDm
  Thresholds: NY=65 LDN=82 NY_EARLY=85 OOS=80
══════════════════════════════════════════════════════════════════════
2026-05-14 13:15:00 | INFO     | 🕯️ [XAUUSDm] New M5 bar closed: 1778739000
2026-05-14 13:15:00 | INFO     |   [XAUUSDm] WAIT 0/80
2026-05-14 13:15:00 | INFO     | 🕯️ [EURUSDm] New M5 bar closed: 1778739000
2026-05-14 13:15:00 | INFO     |   [EURUSDm] WAIT 0/80
2026-05-14 13:15:00 | INFO     | 🕯️ [USDJPYm] New M5 bar closed: 1778739000
2026-05-14 13:15:00 | INFO     |   [USDJPYm] WAIT 0/80
2026-05-14 13:15:00 | INFO     | 🕯️ [USTECm] New M5 bar closed: 1778739000
2026-05-14 13:15:00 | INFO     |   [USTECm] WAIT 0/80
2026-05-14 13:15:01 | INFO     | 🕯️ [BTCUSDm] New M5 bar closed: 1778739000
2026-05-14 13:15:01 | INFO     |   [BTCUSDm] WAIT 0/80
2026-05-14 13:15:08 | WARNING  | Signal 2 → shutdown
2026-05-14 13:15:09 | WARNING  | 🚨 SHUTDOWN — EXIT
2026-05-14 13:15:09 | WARNING  | 🚨 Final: equity$57.42 balance$57.42
2026-05-14 13:15:09 | WARNING  | 🚨 SHUTDOWN COMPLETE.
2026-05-14 13:15:09 | INFO     | MT5 offline. Bot V.23 terminated.
2026-05-14 13:15:12 | INFO     | Bot V.23 starting
2026-05-14 13:15:12 | INFO     | ✅ DB V22 schema ready
2026-05-14 13:15:12 | WARNING  | 🔌 Reconnect #1 in 5s
2026-05-14 13:15:12 | INFO     | ✅ Reconnected on attempt #1
2026-05-14 13:15:12 | INFO     | Startup orphan SL scan…
2026-05-14 13:15:12 | INFO     | 🌐 Round-Robin scanner ACTIVE | XAUUSDm, EURUSDm, USDJPYm, USTECm, BTCUSDm
2026-05-14 13:15:12 | INFO     | 🕯️ [XAUUSDm] New M5 bar closed: 1778739000
2026-05-14 13:15:13 | INFO     |   [XAUUSDm] WAIT 0/80
2026-05-14 13:15:13 | INFO     | 🕯️ [EURUSDm] New M5 bar closed: 1778739000
2026-05-14 13:15:13 | INFO     |   [EURUSDm] WAIT 0/80
2026-05-14 13:15:14 | INFO     | 🕯️ [USDJPYm] New M5 bar closed: 1778739000
2026-05-14 13:15:14 | INFO     |   [USDJPYm] WAIT 0/80
2026-05-14 13:15:14 | INFO     | 🕯️ [USTECm] New M5 bar closed: 1778739000
2026-05-14 13:15:14 | INFO     |   [USTECm] WAIT 0/80
2026-05-14 13:15:14 | INFO     | 🕯️ [BTCUSDm] New M5 bar closed: 1778739000
2026-05-14 13:15:14 | INFO     |   [BTCUSDm] WAIT 0/80
2026-05-14 13:20:00 | INFO     | 🕯️ [USTECm] New M5 bar closed: 1778739300
2026-05-14 13:20:00 | INFO     |   [USTECm] WAIT 0/80
2026-05-14 13:20:00 | INFO     | 🕯️ [XAUUSDm] New M5 bar closed: 1778739300
2026-05-14 13:20:00 | INFO     |   [XAUUSDm] WAIT 0/80
2026-05-14 13:20:00 | INFO     | 🕯️ [USDJPYm] New M5 bar closed: 1778739300
2026-05-14 13:20:01 | INFO     |   [USDJPYm] WAIT 0/80
2026-05-14 13:20:01 | INFO     | 🕯️ [BTCUSDm] New M5 bar closed: 1778739300
2026-05-14 13:20:01 | INFO     |   [BTCUSDm] WAIT 0/80
2026-05-14 13:20:01 | INFO     | 🕯️ [EURUSDm] New M5 bar closed: 1778739300
2026-05-14 13:20:01 | INFO     |   [EURUSDm] WAIT 0/80
2026-05-14 13:20:13 | INFO     | 
══════════════════════════════════════════════════════════════════════
  📊  STATUS V22  [13:20:13 BKK]
  Equity    : $     57.42  (-4.30%)
  DD Daily  : 0.00%   DD Total: 4.30%   Mode: NORMAL
  Session   : PRE_LONDON       H4:NEUTRAL    H1:NEUTRAL   
  Global Pos: 0/4 | Floating Risk: 0.0%/15.0%
  Symbols   : XAUUSDm, EURUSDm, USDJPYm, USTECm, BTCUSDm
  Thresholds: NY=65 LDN=82 NY_EARLY=85 OOS=80
══════════════════════════════════════════════════════════════════════
2026-05-14 13:25:00 | INFO     | 🕯️ [USTECm] New M5 bar closed: 1778739600
2026-05-14 13:25:00 | INFO     |   [USTECm] WAIT 0/80
2026-05-14 13:25:00 | INFO     | 🕯️ [XAUUSDm] New M5 bar closed: 1778739600
2026-05-14 13:25:00 | INFO     |   [XAUUSDm] WAIT 0/80
2026-05-14 13:25:00 | INFO     | 🕯️ [EURUSDm] New M5 bar closed: 1778739600
2026-05-14 13:25:00 | INFO     |   [EURUSDm] WAIT 0/80
2026-05-14 13:25:01 | INFO     | 🕯️ [USDJPYm] New M5 bar closed: 1778739600
2026-05-14 13:25:01 | INFO     |   [USDJPYm] WAIT 0/80
2026-05-14 13:25:01 | INFO     | 🕯️ [BTCUSDm] New M5 bar closed: 1778739600
2026-05-14 13:25:01 | INFO     |   [BTCUSDm] WAIT 0/80
2026-05-14 13:25:13 | INFO     | 
══════════════════════════════════════════════════════════════════════
  📊  STATUS V22  [13:25:13 BKK]
  Equity    : $     57.42  (-4.30%)
  DD Daily  : 0.00%   DD Total: 4.30%   Mode: NORMAL
  Session   : PRE_LONDON       H4:NEUTRAL    H1:NEUTRAL   
  Global Pos: 0/4 | Floating Risk: 0.0%/15.0%
  Symbols   : XAUUSDm, EURUSDm, USDJPYm, USTECm, BTCUSDm
  Thresholds: NY=65 LDN=82 NY_EARLY=85 OOS=80
══════════════════════════════════════════════════════════════════════
2026-05-14 13:30:00 | INFO     | 🕯️ [USTECm] New M5 bar closed: 1778739900
2026-05-14 13:30:00 | INFO     |   [USTECm] WAIT 0/80
2026-05-14 13:30:00 | INFO     | 🕯️ [XAUUSDm] New M5 bar closed: 1778739900
2026-05-14 13:30:00 | INFO     |   [XAUUSDm] SELL -9/80
2026-05-14 13:30:00 | INFO     | 🕯️ [EURUSDm] New M5 bar closed: 1778739900
2026-05-14 13:30:00 | INFO     |   [EURUSDm] WAIT 0/80
2026-05-14 13:30:01 | INFO     | 🕯️ [USDJPYm] New M5 bar closed: 1778739900
2026-05-14 13:30:01 | INFO     |   [USDJPYm] WAIT 0/80
2026-05-14 13:30:01 | INFO     | 🕯️ [BTCUSDm] New M5 bar closed: 1778739900
2026-05-14 13:30:01 | INFO     |   [BTCUSDm] WAIT 0/80
2026-05-14 13:30:13 | INFO     | 
══════════════════════════════════════════════════════════════════════
  📊  STATUS V22  [13:30:13 BKK]
  Equity    : $     57.42  (-4.30%)
  DD Daily  : 0.00%   DD Total: 4.30%   Mode: NORMAL
  Session   : PRE_LONDON       H4:NEUTRAL    H1:NEUTRAL   
  Global Pos: 0/4 | Floating Risk: 0.0%/15.0%
  Symbols   : XAUUSDm, EURUSDm, USDJPYm, USTECm, BTCUSDm
  Thresholds: NY=65 LDN=82 NY_EARLY=85 OOS=80
══════════════════════════════════════════════════════════════════════
2026-05-14 13:35:00 | INFO     | 🕯️ [USTECm] New M5 bar closed: 1778740200
2026-05-14 13:35:00 | INFO     |   [USTECm] WAIT 0/80
2026-05-14 13:35:00 | INFO     | 🕯️ [XAUUSDm] New M5 bar closed: 1778740200
2026-05-14 13:35:00 | INFO     |   [XAUUSDm] SELL -9/80
2026-05-14 13:35:01 | INFO     | 🕯️ [EURUSDm] New M5 bar closed: 1778740200
2026-05-14 13:35:01 | INFO     |   [EURUSDm] WAIT 0/80
2026-05-14 13:35:02 | INFO     | 🕯️ [USDJPYm] New M5 bar closed: 1778740200
2026-05-14 13:35:02 | INFO     |   [USDJPYm] WAIT 0/80
2026-05-14 13:35:05 | INFO     | 🕯️ [BTCUSDm] New M5 bar closed: 1778740200
2026-05-14 13:35:05 | INFO     |   [BTCUSDm] WAIT 0/80
2026-05-14 13:35:13 | INFO     | 
══════════════════════════════════════════════════════════════════════
  📊  STATUS V22  [13:35:13 BKK]
  Equity    : $     57.42  (-4.30%)
  DD Daily  : 0.00%   DD Total: 4.30%   Mode: NORMAL
  Session   : PRE_LONDON       H4:NEUTRAL    H1:NEUTRAL   
  Global Pos: 0/4 | Floating Risk: 0.0%/15.0%
  Symbols   : XAUUSDm, EURUSDm, USDJPYm, USTECm, BTCUSDm
  Thresholds: NY=65 LDN=82 NY_EARLY=85 OOS=80
══════════════════════════════════════════════════════════════════════
2026-05-14 13:40:00 | INFO     | 🕯️ [USTECm] New M5 bar closed: 1778740500
2026-05-14 13:40:00 | INFO     |   [USTECm] WAIT 0/80
2026-05-14 13:40:00 | INFO     | 🕯️ [XAUUSDm] New M5 bar closed: 1778740500
2026-05-14 13:40:00 | INFO     |   [XAUUSDm] SELL -10/80
2026-05-14 13:40:01 | INFO     | 🕯️ [EURUSDm] New M5 bar closed: 1778740500
2026-05-14 13:40:01 | INFO     |   [EURUSDm] WAIT 0/80
2026-05-14 13:40:01 | INFO     | 🕯️ [USDJPYm] New M5 bar closed: 1778740500
2026-05-14 13:40:01 | INFO     |   [USDJPYm] WAIT 0/80
2026-05-14 13:40:04 | INFO     | 🕯️ [BTCUSDm] New M5 bar closed: 1778740500
2026-05-14 13:40:04 | INFO     |   [BTCUSDm] WAIT 0/80
2026-05-14 13:40:13 | INFO     | 
══════════════════════════════════════════════════════════════════════
  📊  STATUS V22  [13:40:13 BKK]
  Equity    : $     57.42  (-4.30%)
  DD Daily  : 0.00%   DD Total: 4.30%   Mode: NORMAL
  Session   : PRE_LONDON       H4:NEUTRAL    H1:NEUTRAL   
  Global Pos: 0/4 | Floating Risk: 0.0%/15.0%
  Symbols   : XAUUSDm, EURUSDm, USDJPYm, USTECm, BTCUSDm
  Thresholds: NY=65 LDN=82 NY_EARLY=85 OOS=80
══════════════════════════════════════════════════════════════════════
2026-05-14 13:45:00 | INFO     | 🕯️ [XAUUSDm] New M5 bar closed: 1778740800
2026-05-14 13:45:00 | INFO     |   [XAUUSDm] WAIT 0/80
2026-05-14 13:45:00 | INFO     | 🕯️ [USTECm] New M5 bar closed: 1778740800
2026-05-14 13:45:00 | INFO     |   [USTECm] WAIT 0/80
2026-05-14 13:45:00 | INFO     | 🕯️ [BTCUSDm] New M5 bar closed: 1778740800
2026-05-14 13:45:00 | INFO     |   [BTCUSDm] WAIT 0/80
2026-05-14 13:45:01 | INFO     | 🕯️ [EURUSDm] New M5 bar closed: 1778740800
2026-05-14 13:45:01 | INFO     |   [EURUSDm] WAIT 0/80
2026-05-14 13:45:01 | INFO     | 🕯️ [USDJPYm] New M5 bar closed: 1778740800
2026-05-14 13:45:01 | INFO     |   [USDJPYm] WAIT 0/80
2026-05-14 13:45:13 | INFO     | 
══════════════════════════════════════════════════════════════════════
  📊  STATUS V22  [13:45:13 BKK]
  Equity    : $     57.42  (-4.30%)
  DD Daily  : 0.00%   DD Total: 4.30%   Mode: NORMAL
  Session   : PRE_LONDON       H4:NEUTRAL    H1:NEUTRAL   
  Global Pos: 0/4 | Floating Risk: 0.0%/15.0%
  Symbols   : XAUUSDm, EURUSDm, USDJPYm, USTECm, BTCUSDm
  Thresholds: NY=65 LDN=82 NY_EARLY=85 OOS=80
══════════════════════════════════════════════════════════════════════
2026-05-14 13:45:20 | WARNING  | Signal 2 → shutdown
2026-05-14 13:45:20 | WARNING  | 🚨 SHUTDOWN — EXIT
2026-05-14 13:45:21 | WARNING  | 🚨 Final: equity$57.42 balance$57.42
2026-05-14 13:45:21 | WARNING  | 🚨 SHUTDOWN COMPLETE.
2026-05-14 13:45:21 | INFO     | MT5 offline. Bot V.23 terminated.
2026-05-15 00:00:00 | INFO     | Bot V.23 starting
2026-05-15 00:00:00 | INFO     | ✅ DB V22 schema ready
2026-05-15 00:00:00 | WARNING  | 🔌 Reconnect #1 in 5s
2026-05-15 00:00:04 | INFO     | ✅ Reconnected on attempt #1
2026-05-15 00:00:04 | INFO     | Startup orphan SL scan…
2026-05-15 00:00:04 | INFO     | 🌐 Round-Robin scanner ACTIVE | XAUUSDm, EURUSDm, USDJPYm, USTECm, BTCUSDm
2026-05-15 00:00:04 | INFO     | 🕯️ [XAUUSDm] New M5 bar closed: 1778777700
2026-05-15 00:00:04 | INFO     | 🕯️ [EURUSDm] New M5 bar closed: 1778777700
2026-05-15 00:00:04 | INFO     | 🕯️ [USDJPYm] New M5 bar closed: 1778777700
2026-05-15 00:00:05 | INFO     | 🕯️ [USTECm] New M5 bar closed: 1778777700
2026-05-15 00:00:05 | INFO     | 🕯️ [BTCUSDm] New M5 bar closed: 1778764200
2026-05-15 00:00:07 | INFO     | 🕯️ [BTCUSDm] New M5 bar closed: 1778777700
2026-05-15 00:04:53 | WARNING  | Signal 2 → shutdown
2026-05-15 00:04:53 | WARNING  | 🚨 SHUTDOWN — EXIT
2026-05-15 00:04:54 | WARNING  | 🚨 Final: equity$52.10 balance$52.10
2026-05-15 00:04:54 | WARNING  | 🚨 SHUTDOWN COMPLETE.
2026-05-15 00:04:54 | INFO     | MT5 offline. Bot V.23 terminated.
2026-05-15 02:55:22 | INFO     | Bot V.23 starting
2026-05-15 02:55:22 | INFO     | ✅ DB V22 schema ready
2026-05-15 02:55:22 | WARNING  | 🔌 Reconnect #1 in 5s
2026-05-15 02:55:22 | INFO     | ✅ Reconnected on attempt #1
2026-05-15 02:55:22 | INFO     | Startup orphan SL scan…
2026-05-15 02:55:22 | INFO     | 🌐 Round-Robin scanner ACTIVE | XAUUSDm, EURUSDm, USDJPYm, AUDUSDm, NZDUSDm, USTECm, US30m
2026-05-15 02:55:22 | INFO     | 🕯️ [XAUUSDm] New M5 bar closed: 1778788200
2026-05-15 02:55:22 | INFO     | 🕯️ [EURUSDm] New M5 bar closed: 1778787900
2026-05-15 02:55:22 | INFO     | 🕯️ [USDJPYm] New M5 bar closed: 1778787900
2026-05-15 02:55:23 | INFO     | 🕯️ [AUDUSDm] New M5 bar closed: 1778787900
2026-05-15 02:55:23 | INFO     | 🕯️ [NZDUSDm] New M5 bar closed: 1778788200
2026-05-15 02:55:23 | INFO     | 🕯️ [USTECm] New M5 bar closed: 1778787900
2026-05-15 02:55:23 | INFO     | 🕯️ [US30m] New M5 bar closed: 1778788200
2026-05-15 02:55:24 | INFO     | 🕯️ [EURUSDm] New M5 bar closed: 1778788200
2026-05-15 02:55:24 | INFO     | 🕯️ [USDJPYm] New M5 bar closed: 1778788200
2026-05-15 02:55:24 | INFO     | 🕯️ [AUDUSDm] New M5 bar closed: 1778788200
2026-05-15 02:55:24 | INFO     | 🕯️ [USTECm] New M5 bar closed: 1778788200
2026-05-15 03:00:00 | INFO     | 🕯️ [XAUUSDm] New M5 bar closed: 1778788500
2026-05-15 03:00:00 | INFO     | 🕯️ [USDJPYm] New M5 bar closed: 1778788500
2026-05-15 03:00:00 | INFO     | 🕯️ [AUDUSDm] New M5 bar closed: 1778788500
2026-05-15 03:00:00 | INFO     | 🕯️ [NZDUSDm] New M5 bar closed: 1778788500
2026-05-15 03:00:00 | INFO     | 🕯️ [USTECm] New M5 bar closed: 1778788500
2026-05-15 03:00:00 | INFO     | 🕯️ [US30m] New M5 bar closed: 1778788500
2026-05-15 03:00:01 | INFO     | 🕯️ [EURUSDm] New M5 bar closed: 1778788500
2026-05-15 03:00:23 | INFO     | 
══════════════════════════════════════════════════════════════════════
  📊  STATUS V22  [03:00:23 BKK]
  Equity    : $     52.10  (-13.17%)
  DD Daily  : 9.27%   DD Total: 13.17%   Mode: NORMAL
  Session   : UNKNOWN          H4:NEUTRAL    H1:NEUTRAL   
  Global Pos: 0/3 | Floating Risk: 0.0%/12.0%
  Symbols   : XAUUSDm, EURUSDm, USDJPYm, AUDUSDm, NZDUSDm, USTECm, US30m
  Thresholds: NY=62 LDN=82 NY_EARLY=85 OOS=80
══════════════════════════════════════════════════════════════════════
2026-05-15 03:04:43 | INFO     | Bot V.23 starting
2026-05-15 03:04:43 | INFO     | ✅ DB V22 schema ready
2026-05-15 03:04:43 | WARNING  | 🔌 Reconnect #1 in 5s
2026-05-15 03:04:46 | INFO     | ✅ Reconnected on attempt #1
2026-05-15 03:04:46 | INFO     | Startup orphan SL scan…
2026-05-15 03:04:46 | INFO     | 🌐 Round-Robin scanner ACTIVE | XAUUSDm, EURUSDm, USDJPYm, AUDUSDm, NZDUSDm, USTECm, US30m
2026-05-15 03:04:46 | INFO     | 🕯️ [XAUUSDm] New M5 bar closed: 1778788500
2026-05-15 03:04:46 | INFO     | 🕯️ [EURUSDm] New M5 bar closed: 1778788500
2026-05-15 03:04:46 | INFO     | 🕯️ [USDJPYm] New M5 bar closed: 1778788500
2026-05-15 03:04:46 | INFO     | 🕯️ [AUDUSDm] New M5 bar closed: 1778788500
2026-05-15 03:04:46 | INFO     | 🕯️ [NZDUSDm] New M5 bar closed: 1778788500
2026-05-15 03:04:47 | INFO     | 🕯️ [USTECm] New M5 bar closed: 1778788500
2026-05-15 03:04:47 | INFO     | 🕯️ [US30m] New M5 bar closed: 1778788500
2026-05-15 03:05:00 | INFO     | 🕯️ [AUDUSDm] New M5 bar closed: 1778788800
2026-05-15 03:05:00 | INFO     | 🕯️ [NZDUSDm] New M5 bar closed: 1778788800
2026-05-15 03:05:00 | INFO     | 🕯️ [USTECm] New M5 bar closed: 1778788800
2026-05-15 03:05:00 | INFO     | 🕯️ [US30m] New M5 bar closed: 1778788800
2026-05-15 03:05:00 | INFO     | 🕯️ [XAUUSDm] New M5 bar closed: 1778788800
2026-05-15 03:05:00 | INFO     | 🕯️ [EURUSDm] New M5 bar closed: 1778788800
2026-05-15 03:05:00 | INFO     | 🕯️ [USDJPYm] New M5 bar closed: 1778788800
2026-05-15 03:09:46 | INFO     | 
══════════════════════════════════════════════════════════════════════
  📊  STATUS V22  [03:09:46 BKK]
  Equity    : $     52.10  (-13.17%)
  DD Daily  : 9.27%   DD Total: 13.17%   Mode: NORMAL
  Session   : UNKNOWN          H4:NEUTRAL    H1:NEUTRAL   
  Global Pos: 0/3 | Floating Risk: 0.0%/12.0%
  Symbols   : XAUUSDm, EURUSDm, USDJPYm, AUDUSDm, NZDUSDm, USTECm, US30m
  Thresholds: NY=62 LDN=82 NY_EARLY=85 OOS=80
══════════════════════════════════════════════════════════════════════
2026-05-15 03:10:00 | INFO     | 🕯️ [USTECm] New M5 bar closed: 1778789100
2026-05-15 03:10:00 | INFO     | 🕯️ [XAUUSDm] New M5 bar closed: 1778789100
2026-05-15 03:10:00 | INFO     | 🕯️ [EURUSDm] New M5 bar closed: 1778789100
2026-05-15 03:10:01 | INFO     | 🕯️ [USDJPYm] New M5 bar closed: 1778789100
2026-05-15 03:10:02 | INFO     | 🕯️ [AUDUSDm] New M5 bar closed: 1778789100
2026-05-15 03:10:03 | INFO     | 🕯️ [NZDUSDm] New M5 bar closed: 1778789100
2026-05-15 03:10:03 | INFO     | 🕯️ [US30m] New M5 bar closed: 1778789100
2026-05-15 03:14:46 | INFO     | 
══════════════════════════════════════════════════════════════════════
  📊  STATUS V22  [03:14:46 BKK]
  Equity    : $     52.10  (-13.17%)
  DD Daily  : 9.27%   DD Total: 13.17%   Mode: NORMAL
  Session   : UNKNOWN          H4:NEUTRAL    H1:NEUTRAL   
  Global Pos: 0/3 | Floating Risk: 0.0%/12.0%
  Symbols   : XAUUSDm, EURUSDm, USDJPYm, AUDUSDm, NZDUSDm, USTECm, US30m
  Thresholds: NY=62 LDN=82 NY_EARLY=85 OOS=80
══════════════════════════════════════════════════════════════════════
2026-05-15 03:15:00 | INFO     | 🕯️ [EURUSDm] New M5 bar closed: 1778789400
2026-05-15 03:15:00 | INFO     | 🕯️ [USTECm] New M5 bar closed: 1778789400
2026-05-15 03:15:00 | INFO     | 🕯️ [US30m] New M5 bar closed: 1778789400
2026-05-15 03:15:00 | INFO     | 🕯️ [XAUUSDm] New M5 bar closed: 1778789400
2026-05-15 03:15:01 | INFO     | 🕯️ [USDJPYm] New M5 bar closed: 1778789400
2026-05-15 03:15:01 | INFO     | 🕯️ [AUDUSDm] New M5 bar closed: 1778789400
2026-05-15 03:15:01 | INFO     | 🕯️ [NZDUSDm] New M5 bar closed: 1778789400
2026-05-15 03:19:46 | INFO     | 
══════════════════════════════════════════════════════════════════════
  📊  STATUS V22  [03:19:46 BKK]
  Equity    : $     52.10  (-13.17%)
  DD Daily  : 9.27%   DD Total: 13.17%   Mode: NORMAL
  Session   : UNKNOWN          H4:NEUTRAL    H1:NEUTRAL   
  Global Pos: 0/3 | Floating Risk: 0.0%/12.0%
  Symbols   : XAUUSDm, EURUSDm, USDJPYm, AUDUSDm, NZDUSDm, USTECm, US30m
  Thresholds: NY=62 LDN=82 NY_EARLY=85 OOS=80
══════════════════════════════════════════════════════════════════════
2026-05-15 03:20:00 | INFO     | 🕯️ [XAUUSDm] New M5 bar closed: 1778789700
2026-05-15 03:20:00 | INFO     | 🕯️ [AUDUSDm] New M5 bar closed: 1778789700
2026-05-15 03:20:00 | INFO     | 🕯️ [NZDUSDm] New M5 bar closed: 1778789700
2026-05-15 03:20:01 | INFO     | 🕯️ [EURUSDm] New M5 bar closed: 1778789700
2026-05-15 03:20:01 | INFO     | 🕯️ [USTECm] New M5 bar closed: 1778789700
2026-05-15 03:20:01 | INFO     | 🕯️ [US30m] New M5 bar closed: 1778789700
2026-05-15 03:20:10 | INFO     | 🕯️ [USDJPYm] New M5 bar closed: 1778789700
2026-05-15 03:24:46 | INFO     | 
══════════════════════════════════════════════════════════════════════
  📊  STATUS V22  [03:24:46 BKK]
  Equity    : $     52.10  (-13.17%)
  DD Daily  : 9.27%   DD Total: 13.17%   Mode: NORMAL
  Session   : UNKNOWN          H4:NEUTRAL    H1:NEUTRAL   
  Global Pos: 0/3 | Floating Risk: 0.0%/12.0%
  Symbols   : XAUUSDm, EURUSDm, USDJPYm, AUDUSDm, NZDUSDm, USTECm, US30m
  Thresholds: NY=62 LDN=82 NY_EARLY=85 OOS=80
══════════════════════════════════════════════════════════════════════
2026-05-15 03:25:00 | INFO     | 🕯️ [EURUSDm] New M5 bar closed: 1778790000
2026-05-15 03:25:00 | INFO     | 🕯️ [USDJPYm] New M5 bar closed: 1778790000
2026-05-15 03:25:00 | INFO     | 🕯️ [USTECm] New M5 bar closed: 1778790000
2026-05-15 03:25:01 | INFO     | 🕯️ [XAUUSDm] New M5 bar closed: 1778790000
2026-05-15 03:25:01 | INFO     | 🕯️ [AUDUSDm] New M5 bar closed: 1778790000
2026-05-15 03:25:01 | INFO     | 🕯️ [NZDUSDm] New M5 bar closed: 1778790000
2026-05-15 03:25:01 | INFO     | 🕯️ [US30m] New M5 bar closed: 1778790000
2026-05-15 03:29:46 | INFO     | 
══════════════════════════════════════════════════════════════════════
  📊  STATUS V22  [03:29:46 BKK]
  Equity    : $     52.10  (-13.17%)
  DD Daily  : 9.27%   DD Total: 13.17%   Mode: NORMAL
  Session   : UNKNOWN          H4:NEUTRAL    H1:NEUTRAL   
  Global Pos: 0/3 | Floating Risk: 0.0%/12.0%
  Symbols   : XAUUSDm, EURUSDm, USDJPYm, AUDUSDm, NZDUSDm, USTECm, US30m
  Thresholds: NY=62 LDN=82 NY_EARLY=85 OOS=80
══════════════════════════════════════════════════════════════════════
2026-05-15 03:30:00 | INFO     | 🕯️ [XAUUSDm] New M5 bar closed: 1778790300
2026-05-15 03:30:00 | INFO     | 🕯️ [EURUSDm] New M5 bar closed: 1778790300
2026-05-15 03:30:00 | INFO     | 🕯️ [USDJPYm] New M5 bar closed: 1778790300
2026-05-15 03:30:00 | INFO     | 🕯️ [AUDUSDm] New M5 bar closed: 1778790300
2026-05-15 03:30:00 | INFO     | 🕯️ [NZDUSDm] New M5 bar closed: 1778790300
2026-05-15 03:30:00 | INFO     | 🕯️ [USTECm] New M5 bar closed: 1778790300
2026-05-15 03:30:01 | INFO     | 🕯️ [US30m] New M5 bar closed: 1778790300
2026-05-15 03:34:46 | INFO     | 
══════════════════════════════════════════════════════════════════════
  📊  STATUS V22  [03:34:46 BKK]
  Equity    : $     52.10  (-13.17%)
  DD Daily  : 9.27%   DD Total: 13.17%   Mode: NORMAL
  Session   : UNKNOWN          H4:NEUTRAL    H1:NEUTRAL   
  Global Pos: 0/3 | Floating Risk: 0.0%/12.0%
  Symbols   : XAUUSDm, EURUSDm, USDJPYm, AUDUSDm, NZDUSDm, USTECm, US30m
  Thresholds: NY=62 LDN=82 NY_EARLY=85 OOS=80
══════════════════════════════════════════════════════════════════════
2026-05-15 03:35:00 | INFO     | 🕯️ [EURUSDm] New M5 bar closed: 1778790600
2026-05-15 03:35:00 | INFO     | 🕯️ [USDJPYm] New M5 bar closed: 1778790600
2026-05-15 03:35:00 | INFO     | 🕯️ [AUDUSDm] New M5 bar closed: 1778790600
2026-05-15 03:35:00 | INFO     | 🕯️ [USTECm] New M5 bar closed: 1778790600
2026-05-15 03:35:00 | INFO     | 🕯️ [US30m] New M5 bar closed: 1778790600
2026-05-15 03:35:01 | INFO     | 🕯️ [XAUUSDm] New M5 bar closed: 1778790600
2026-05-15 03:35:01 | INFO     | 🕯️ [NZDUSDm] New M5 bar closed: 1778790600
2026-05-15 03:39:46 | INFO     | 
══════════════════════════════════════════════════════════════════════
  📊  STATUS V22  [03:39:46 BKK]
  Equity    : $     52.10  (-13.17%)
  DD Daily  : 9.27%   DD Total: 13.17%   Mode: NORMAL
  Session   : UNKNOWN          H4:NEUTRAL    H1:NEUTRAL   
  Global Pos: 0/3 | Floating Risk: 0.0%/12.0%
  Symbols   : XAUUSDm, EURUSDm, USDJPYm, AUDUSDm, NZDUSDm, USTECm, US30m
  Thresholds: NY=62 LDN=82 NY_EARLY=85 OOS=80
══════════════════════════════════════════════════════════════════════
2026-05-15 03:40:00 | INFO     | 🕯️ [XAUUSDm] New M5 bar closed: 1778790900
2026-05-15 03:40:00 | INFO     | 🕯️ [EURUSDm] New M5 bar closed: 1778790900
2026-05-15 03:40:00 | INFO     | 🕯️ [AUDUSDm] New M5 bar closed: 1778790900
2026-05-15 03:40:00 | INFO     | 🕯️ [NZDUSDm] New M5 bar closed: 1778790900
2026-05-15 03:40:00 | INFO     | 🕯️ [USTECm] New M5 bar closed: 1778790900
2026-05-15 03:40:00 | INFO     | 🕯️ [US30m] New M5 bar closed: 1778790900
2026-05-15 03:40:02 | INFO     | 🕯️ [USDJPYm] New M5 bar closed: 1778790900
2026-05-15 03:44:46 | INFO     | 
══════════════════════════════════════════════════════════════════════
  📊  STATUS V22  [03:44:46 BKK]
  Equity    : $     52.10  (-13.17%)
  DD Daily  : 9.27%   DD Total: 13.17%   Mode: NORMAL
  Session   : UNKNOWN          H4:NEUTRAL    H1:NEUTRAL   
  Global Pos: 0/3 | Floating Risk: 0.0%/12.0%
  Symbols   : XAUUSDm, EURUSDm, USDJPYm, AUDUSDm, NZDUSDm, USTECm, US30m
  Thresholds: NY=62 LDN=82 NY_EARLY=85 OOS=80
══════════════════════════════════════════════════════════════════════
2026-05-15 03:45:00 | INFO     | 🕯️ [XAUUSDm] New M5 bar closed: 1778791200
2026-05-15 03:45:00 | INFO     | 🕯️ [EURUSDm] New M5 bar closed: 1778791200
2026-05-15 03:45:00 | INFO     | 🕯️ [USDJPYm] New M5 bar closed: 1778791200
2026-05-15 03:45:00 | INFO     | 🕯️ [AUDUSDm] New M5 bar closed: 1778791200
2026-05-15 03:45:00 | INFO     | 🕯️ [NZDUSDm] New M5 bar closed: 1778791200
2026-05-15 03:45:00 | INFO     | 🕯️ [USTECm] New M5 bar closed: 1778791200
2026-05-15 03:45:00 | INFO     | 🕯️ [US30m] New M5 bar closed: 1778791200
2026-05-15 03:49:47 | INFO     | 
══════════════════════════════════════════════════════════════════════
  📊  STATUS V22  [03:49:47 BKK]
  Equity    : $     52.10  (-13.17%)
  DD Daily  : 9.27%   DD Total: 13.17%   Mode: NORMAL
  Session   : UNKNOWN          H4:NEUTRAL    H1:NEUTRAL   
  Global Pos: 0/3 | Floating Risk: 0.0%/12.0%
  Symbols   : XAUUSDm, EURUSDm, USDJPYm, AUDUSDm, NZDUSDm, USTECm, US30m
  Thresholds: NY=62 LDN=82 NY_EARLY=85 OOS=80
══════════════════════════════════════════════════════════════════════
2026-05-15 03:50:00 | INFO     | 🕯️ [XAUUSDm] New M5 bar closed: 1778791500
2026-05-15 03:50:00 | INFO     | 🕯️ [EURUSDm] New M5 bar closed: 1778791500
2026-05-15 03:50:00 | INFO     | 🕯️ [USDJPYm] New M5 bar closed: 1778791500
2026-05-15 03:50:00 | INFO     | 🕯️ [AUDUSDm] New M5 bar closed: 1778791500
2026-05-15 03:50:00 | INFO     | 🕯️ [NZDUSDm] New M5 bar closed: 1778791500
2026-05-15 03:50:00 | INFO     | 🕯️ [US30m] New M5 bar closed: 1778791500
2026-05-15 03:50:01 | INFO     | 🕯️ [USTECm] New M5 bar closed: 1778791500
2026-05-15 03:54:47 | INFO     | 
══════════════════════════════════════════════════════════════════════
  📊  STATUS V22  [03:54:47 BKK]
  Equity    : $     52.10  (-13.17%)
  DD Daily  : 9.27%   DD Total: 13.17%   Mode: NORMAL
  Session   : UNKNOWN          H4:NEUTRAL    H1:NEUTRAL   
  Global Pos: 0/3 | Floating Risk: 0.0%/12.0%
  Symbols   : XAUUSDm, EURUSDm, USDJPYm, AUDUSDm, NZDUSDm, USTECm, US30m
  Thresholds: NY=62 LDN=82 NY_EARLY=85 OOS=80
══════════════════════════════════════════════════════════════════════
2026-05-15 03:54:59 | INFO     | 🕯️ [USTECm] New M5 bar closed: 1778791800
2026-05-15 03:55:00 | INFO     | 🕯️ [US30m] New M5 bar closed: 1778791800
2026-05-15 03:55:00 | INFO     | 🕯️ [XAUUSDm] New M5 bar closed: 1778791800
2026-05-15 03:55:00 | INFO     | 🕯️ [EURUSDm] New M5 bar closed: 1778791800
2026-05-15 03:55:00 | INFO     | 🕯️ [USDJPYm] New M5 bar closed: 1778791800
2026-05-15 03:55:00 | INFO     | 🕯️ [AUDUSDm] New M5 bar closed: 1778791800
2026-05-15 03:55:00 | INFO     | 🕯️ [NZDUSDm] New M5 bar closed: 1778791800
2026-05-15 03:59:47 | INFO     | 
══════════════════════════════════════════════════════════════════════
  📊  STATUS V22  [03:59:47 BKK]
  Equity    : $     52.10  (-13.17%)
  DD Daily  : 9.27%   DD Total: 13.17%   Mode: NORMAL
  Session   : UNKNOWN          H4:NEUTRAL    H1:NEUTRAL   
  Global Pos: 0/3 | Floating Risk: 0.0%/12.0%
  Symbols   : XAUUSDm, EURUSDm, USDJPYm, AUDUSDm, NZDUSDm, USTECm, US30m
  Thresholds: NY=62 LDN=82 NY_EARLY=85 OOS=80
══════════════════════════════════════════════════════════════════════
2026-05-15 04:00:15 | INFO     | 🕯️ [NZDUSDm] New M5 bar closed: 1778792100
2026-05-15 04:01:00 | INFO     | 🕯️ [EURUSDm] New M5 bar closed: 1778792100
2026-05-15 04:01:09 | INFO     | 🕯️ [AUDUSDm] New M5 bar closed: 1778792100
2026-05-15 04:03:30 | INFO     | 🕯️ [USDJPYm] New M5 bar closed: 1778792100
2026-05-15 04:04:47 | INFO     | 
══════════════════════════════════════════════════════════════════════
  📊  STATUS V22  [04:04:47 BKK]
  Equity    : $     52.10  (-13.17%)
  DD Daily  : 9.27%   DD Total: 13.17%   Mode: NORMAL
  Session   : UNKNOWN          H4:NEUTRAL    H1:NEUTRAL   
  Global Pos: 0/3 | Floating Risk: 0.0%/12.0%
  Symbols   : XAUUSDm, EURUSDm, USDJPYm, AUDUSDm, NZDUSDm, USTECm, US30m
  Thresholds: NY=62 LDN=82 NY_EARLY=85 OOS=80
══════════════════════════════════════════════════════════════════════
2026-05-15 04:05:00 | INFO     | 🕯️ [EURUSDm] New M5 bar closed: 1778792400
2026-05-15 04:05:00 | INFO     | 🕯️ [USDJPYm] New M5 bar closed: 1778792400
2026-05-15 04:05:00 | INFO     | 🕯️ [AUDUSDm] New M5 bar closed: 1778792400
2026-05-15 04:05:01 | INFO     | 🕯️ [NZDUSDm] New M5 bar closed: 1778792400
2026-05-15 04:09:47 | INFO     | 
══════════════════════════════════════════════════════════════════════
  📊  STATUS V22  [04:09:47 BKK]
  Equity    : $     52.10  (-13.17%)
  DD Daily  : 9.27%   DD Total: 13.17%   Mode: NORMAL
  Session   : UNKNOWN          H4:NEUTRAL    H1:NEUTRAL   
  Global Pos: 0/3 | Floating Risk: 0.0%/12.0%
  Symbols   : XAUUSDm, EURUSDm, USDJPYm, AUDUSDm, NZDUSDm, USTECm, US30m
  Thresholds: NY=62 LDN=82 NY_EARLY=85 OOS=80
══════════════════════════════════════════════════════════════════════
2026-05-15 04:10:00 | INFO     | 🕯️ [USDJPYm] New M5 bar closed: 1778792700
2026-05-15 04:10:01 | INFO     | 🕯️ [EURUSDm] New M5 bar closed: 1778792700
2026-05-15 04:10:09 | INFO     | 🕯️ [AUDUSDm] New M5 bar closed: 1778792700
2026-05-15 04:10:10 | INFO     | 🕯️ [NZDUSDm] New M5 bar closed: 1778792700
2026-05-15 04:14:47 | INFO     | 
══════════════════════════════════════════════════════════════════════
  📊  STATUS V22  [04:14:47 BKK]
  Equity    : $     52.10  (-13.17%)
  DD Daily  : 9.27%   DD Total: 13.17%   Mode: NORMAL
  Session   : UNKNOWN          H4:NEUTRAL    H1:NEUTRAL   
  Global Pos: 0/3 | Floating Risk: 0.0%/12.0%
  Symbols   : XAUUSDm, EURUSDm, USDJPYm, AUDUSDm, NZDUSDm, USTECm, US30m
  Thresholds: NY=62 LDN=82 NY_EARLY=85 OOS=80
══════════════════════════════════════════════════════════════════════
2026-05-15 04:15:00 | INFO     | 🕯️ [NZDUSDm] New M5 bar closed: 1778793000
2026-05-15 04:15:00 | INFO     | 🕯️ [EURUSDm] New M5 bar closed: 1778793000
2026-05-15 04:15:03 | INFO     | 🕯️ [USDJPYm] New M5 bar closed: 1778793000
2026-05-15 04:15:05 | INFO     | 🕯️ [AUDUSDm] New M5 bar closed: 1778793000
2026-05-15 04:19:47 | INFO     | 
══════════════════════════════════════════════════════════════════════
  📊  STATUS V22  [04:19:47 BKK]
  Equity    : $     52.10  (-13.17%)
  DD Daily  : 9.27%   DD Total: 13.17%   Mode: NORMAL
  Session   : UNKNOWN          H4:NEUTRAL    H1:NEUTRAL   
  Global Pos: 0/3 | Floating Risk: 0.0%/12.0%
  Symbols   : XAUUSDm, EURUSDm, USDJPYm, AUDUSDm, NZDUSDm, USTECm, US30m
  Thresholds: NY=62 LDN=82 NY_EARLY=85 OOS=80
══════════════════════════════════════════════════════════════════════
2026-05-15 04:20:01 | INFO     | 🕯️ [EURUSDm] New M5 bar closed: 1778793300
2026-05-15 04:20:02 | INFO     | 🕯️ [USDJPYm] New M5 bar closed: 1778793300
2026-05-15 04:20:07 | INFO     | 🕯️ [NZDUSDm] New M5 bar closed: 1778793300
2026-05-15 04:20:15 | INFO     | 🕯️ [AUDUSDm] New M5 bar closed: 1778793300
2026-05-15 04:24:47 | INFO     | 
══════════════════════════════════════════════════════════════════════
  📊  STATUS V22  [04:24:47 BKK]
  Equity    : $     52.10  (-13.17%)
  DD Daily  : 9.27%   DD Total: 13.17%   Mode: NORMAL
  Session   : UNKNOWN          H4:NEUTRAL    H1:NEUTRAL   
  Global Pos: 0/3 | Floating Risk: 0.0%/12.0%
  Symbols   : XAUUSDm, EURUSDm, USDJPYm, AUDUSDm, NZDUSDm, USTECm, US30m
  Thresholds: NY=62 LDN=82 NY_EARLY=85 OOS=80
══════════════════════════════════════════════════════════════════════
2026-05-15 04:25:00 | INFO     | 🕯️ [NZDUSDm] New M5 bar closed: 1778793600
2026-05-15 04:25:00 | INFO     | 🕯️ [EURUSDm] New M5 bar closed: 1778793600
2026-05-15 04:25:02 | INFO     | 🕯️ [AUDUSDm] New M5 bar closed: 1778793600
2026-05-15 04:25:12 | INFO     | 🕯️ [USDJPYm] New M5 bar closed: 1778793600
2026-05-15 04:29:47 | INFO     | 
══════════════════════════════════════════════════════════════════════
  📊  STATUS V22  [04:29:47 BKK]
  Equity    : $     52.10  (-13.17%)
  DD Daily  : 9.27%   DD Total: 13.17%   Mode: NORMAL
  Session   : UNKNOWN          H4:NEUTRAL    H1:NEUTRAL   
  Global Pos: 0/3 | Floating Risk: 0.0%/12.0%
  Symbols   : XAUUSDm, EURUSDm, USDJPYm, AUDUSDm, NZDUSDm, USTECm, US30m
  Thresholds: NY=62 LDN=82 NY_EARLY=85 OOS=80
══════════════════════════════════════════════════════════════════════
2026-05-15 04:30:00 | INFO     | 🕯️ [NZDUSDm] New M5 bar closed: 1778793900
2026-05-15 04:30:00 | INFO     | 🕯️ [EURUSDm] New M5 bar closed: 1778793900
2026-05-15 04:30:01 | INFO     | 🕯️ [AUDUSDm] New M5 bar closed: 1778793900
2026-05-15 04:30:03 | INFO     | 🕯️ [USDJPYm] New M5 bar closed: 1778793900
2026-05-15 04:34:47 | INFO     | 
══════════════════════════════════════════════════════════════════════
  📊  STATUS V22  [04:34:47 BKK]
  Equity    : $     52.10  (-13.17%)
  DD Daily  : 9.27%   DD Total: 13.17%   Mode: NORMAL
  Session   : UNKNOWN          H4:NEUTRAL    H1:NEUTRAL   
  Global Pos: 0/3 | Floating Risk: 0.0%/12.0%
  Symbols   : XAUUSDm, EURUSDm, USDJPYm, AUDUSDm, NZDUSDm, USTECm, US30m
  Thresholds: NY=62 LDN=82 NY_EARLY=85 OOS=80
══════════════════════════════════════════════════════════════════════
2026-05-15 04:35:00 | INFO     | 🕯️ [AUDUSDm] New M5 bar closed: 1778794200
2026-05-15 04:35:00 | INFO     | 🕯️ [EURUSDm] New M5 bar closed: 1778794200
2026-05-15 04:35:02 | INFO     | 🕯️ [USDJPYm] New M5 bar closed: 1778794200
2026-05-15 04:35:03 | INFO     | 🕯️ [NZDUSDm] New M5 bar closed: 1778794200
2026-05-15 04:39:47 | INFO     | 
══════════════════════════════════════════════════════════════════════
  📊  STATUS V22  [04:39:47 BKK]
  Equity    : $     52.10  (-13.17%)
  DD Daily  : 9.27%   DD Total: 13.17%   Mode: NORMAL
  Session   : UNKNOWN          H4:NEUTRAL    H1:NEUTRAL   
  Global Pos: 0/3 | Floating Risk: 0.0%/12.0%
  Symbols   : XAUUSDm, EURUSDm, USDJPYm, AUDUSDm, NZDUSDm, USTECm, US30m
  Thresholds: NY=62 LDN=82 NY_EARLY=85 OOS=80
══════════════════════════════════════════════════════════════════════
2026-05-15 04:39:59 | INFO     | 🕯️ [EURUSDm] New M5 bar closed: 1778794500
2026-05-15 04:40:00 | INFO     | 🕯️ [USDJPYm] New M5 bar closed: 1778794500
2026-05-15 04:40:00 | INFO     | 🕯️ [NZDUSDm] New M5 bar closed: 1778794500
2026-05-15 04:40:01 | INFO     | 🕯️ [AUDUSDm] New M5 bar closed: 1778794500
2026-05-15 04:44:47 | INFO     | 
══════════════════════════════════════════════════════════════════════
  📊  STATUS V22  [04:44:47 BKK]
  Equity    : $     52.10  (-13.17%)
  DD Daily  : 9.27%   DD Total: 13.17%   Mode: NORMAL
  Session   : UNKNOWN          H4:NEUTRAL    H1:NEUTRAL   
  Global Pos: 0/3 | Floating Risk: 0.0%/12.0%
  Symbols   : XAUUSDm, EURUSDm, USDJPYm, AUDUSDm, NZDUSDm, USTECm, US30m
  Thresholds: NY=62 LDN=82 NY_EARLY=85 OOS=80
══════════════════════════════════════════════════════════════════════
2026-05-15 04:45:02 | INFO     | 🕯️ [EURUSDm] New M5 bar closed: 1778794800
2026-05-15 04:45:02 | INFO     | 🕯️ [USDJPYm] New M5 bar closed: 1778794800
2026-05-15 04:45:02 | INFO     | 🕯️ [AUDUSDm] New M5 bar closed: 1778794800
2026-05-15 04:45:02 | INFO     | 🕯️ [NZDUSDm] New M5 bar closed: 1778794800
2026-05-15 04:49:47 | INFO     | 
══════════════════════════════════════════════════════════════════════
  📊  STATUS V22  [04:49:47 BKK]
  Equity    : $     52.10  (-13.17%)
  DD Daily  : 9.27%   DD Total: 13.17%   Mode: NORMAL
  Session   : UNKNOWN          H4:NEUTRAL    H1:NEUTRAL   
  Global Pos: 0/3 | Floating Risk: 0.0%/12.0%
  Symbols   : XAUUSDm, EURUSDm, USDJPYm, AUDUSDm, NZDUSDm, USTECm, US30m
  Thresholds: NY=62 LDN=82 NY_EARLY=85 OOS=80
══════════════════════════════════════════════════════════════════════
2026-05-15 04:50:01 | INFO     | 🕯️ [AUDUSDm] New M5 bar closed: 1778795100
2026-05-15 04:50:02 | INFO     | 🕯️ [EURUSDm] New M5 bar closed: 1778795100
2026-05-15 04:50:02 | INFO     | 🕯️ [NZDUSDm] New M5 bar closed: 1778795100
2026-05-15 04:50:06 | INFO     | 🕯️ [USDJPYm] New M5 bar closed: 1778795100
2026-05-15 04:54:47 | INFO     | 
══════════════════════════════════════════════════════════════════════
  📊  STATUS V22  [04:54:47 BKK]
  Equity    : $     52.10  (-13.17%)
  DD Daily  : 9.27%   DD Total: 13.17%   Mode: NORMAL
  Session   : UNKNOWN          H4:NEUTRAL    H1:NEUTRAL   
  Global Pos: 0/3 | Floating Risk: 0.0%/12.0%
  Symbols   : XAUUSDm, EURUSDm, USDJPYm, AUDUSDm, NZDUSDm, USTECm, US30m
  Thresholds: NY=62 LDN=82 NY_EARLY=85 OOS=80
══════════════════════════════════════════════════════════════════════
2026-05-15 04:55:00 | INFO     | 🕯️ [EURUSDm] New M5 bar closed: 1778795400
2026-05-15 04:55:01 | INFO     | 🕯️ [USDJPYm] New M5 bar closed: 1778795400
2026-05-15 04:55:01 | INFO     | 🕯️ [AUDUSDm] New M5 bar closed: 1778795400
2026-05-15 04:55:01 | INFO     | 🕯️ [NZDUSDm] New M5 bar closed: 1778795400
2026-05-15 04:59:47 | INFO     | 
══════════════════════════════════════════════════════════════════════
  📊  STATUS V22  [04:59:47 BKK]
  Equity    : $     52.10  (-13.17%)
  DD Daily  : 9.27%   DD Total: 13.17%   Mode: NORMAL
  Session   : UNKNOWN          H4:NEUTRAL    H1:NEUTRAL   
  Global Pos: 0/3 | Floating Risk: 0.0%/12.0%
  Symbols   : XAUUSDm, EURUSDm, USDJPYm, AUDUSDm, NZDUSDm, USTECm, US30m
  Thresholds: NY=62 LDN=82 NY_EARLY=85 OOS=80
══════════════════════════════════════════════════════════════════════
2026-05-15 05:00:00 | INFO     | 🕯️ [EURUSDm] New M5 bar closed: 1778795700
2026-05-15 05:00:00 | INFO     | 🕯️ [USDJPYm] New M5 bar closed: 1778795700
2026-05-15 05:00:00 | INFO     | 🕯️ [AUDUSDm] New M5 bar closed: 1778795700
2026-05-15 05:00:00 | INFO     | 🕯️ [NZDUSDm] New M5 bar closed: 1778795700
2026-05-15 05:00:02 | INFO     | 🕯️ [USTECm] New M5 bar closed: 1778792100
2026-05-15 05:00:03 | INFO     | 🕯️ [US30m] New M5 bar closed: 1778792100
2026-05-15 05:00:31 | INFO     | 🕯️ [XAUUSDm] New M5 bar closed: 1778792100
2026-05-15 05:04:47 | INFO     | 
══════════════════════════════════════════════════════════════════════
  📊  STATUS V22  [05:04:47 BKK]
  Equity    : $     52.10  (-13.17%)
  DD Daily  : 9.27%   DD Total: 13.17%   Mode: NORMAL
  Session   : UNKNOWN          H4:NEUTRAL    H1:NEUTRAL   
  Global Pos: 0/3 | Floating Risk: 0.0%/12.0%
  Symbols   : XAUUSDm, EURUSDm, USDJPYm, AUDUSDm, NZDUSDm, USTECm, US30m
  Thresholds: NY=62 LDN=82 NY_EARLY=85 OOS=80
══════════════════════════════════════════════════════════════════════
2026-05-15 05:05:00 | INFO     | 🕯️ [EURUSDm] New M5 bar closed: 1778796000
2026-05-15 05:05:00 | INFO     | 🕯️ [USDJPYm] New M5 bar closed: 1778796000
2026-05-15 05:05:00 | INFO     | 🕯️ [AUDUSDm] New M5 bar closed: 1778796000
2026-05-15 05:05:00 | INFO     | 🕯️ [NZDUSDm] New M5 bar closed: 1778796000
2026-05-15 05:05:00 | INFO     | 🕯️ [USTECm] New M5 bar closed: 1778796000
2026-05-15 05:05:00 | INFO     | 🕯️ [US30m] New M5 bar closed: 1778796000
2026-05-15 05:05:01 | INFO     | 🕯️ [XAUUSDm] New M5 bar closed: 1778796000
2026-05-15 05:09:47 | INFO     | 
══════════════════════════════════════════════════════════════════════
  📊  STATUS V22  [05:09:47 BKK]
  Equity    : $     52.10  (-13.17%)
  DD Daily  : 9.27%   DD Total: 13.17%   Mode: NORMAL
  Session   : UNKNOWN          H4:NEUTRAL    H1:NEUTRAL   
  Global Pos: 0/3 | Floating Risk: 0.0%/12.0%
  Symbols   : XAUUSDm, EURUSDm, USDJPYm, AUDUSDm, NZDUSDm, USTECm, US30m
  Thresholds: NY=62 LDN=82 NY_EARLY=85 OOS=80
══════════════════════════════════════════════════════════════════════
2026-05-15 05:10:00 | INFO     | 🕯️ [XAUUSDm] New M5 bar closed: 1778796300
2026-05-15 05:10:00 | INFO     | 🕯️ [USDJPYm] New M5 bar closed: 1778796300
2026-05-15 05:10:00 | INFO     | 🕯️ [USTECm] New M5 bar closed: 1778796300
2026-05-15 05:10:00 | INFO     | 🕯️ [US30m] New M5 bar closed: 1778796300
2026-05-15 05:10:01 | INFO     | 🕯️ [EURUSDm] New M5 bar closed: 1778796300
2026-05-15 05:10:01 | INFO     | 🕯️ [AUDUSDm] New M5 bar closed: 1778796300
2026-05-15 05:10:01 | INFO     | 🕯️ [NZDUSDm] New M5 bar closed: 1778796300
2026-05-15 05:14:48 | INFO     | 
══════════════════════════════════════════════════════════════════════
  📊  STATUS V22  [05:14:48 BKK]
  Equity    : $     52.10  (-13.17%)
  DD Daily  : 9.27%   DD Total: 13.17%   Mode: NORMAL
  Session   : UNKNOWN          H4:NEUTRAL    H1:NEUTRAL   
  Global Pos: 0/3 | Floating Risk: 0.0%/12.0%
  Symbols   : XAUUSDm, EURUSDm, USDJPYm, AUDUSDm, NZDUSDm, USTECm, US30m
  Thresholds: NY=62 LDN=82 NY_EARLY=85 OOS=80
══════════════════════════════════════════════════════════════════════
2026-05-15 05:15:00 | INFO     | 🕯️ [XAUUSDm] New M5 bar closed: 1778796600
2026-05-15 05:15:01 | INFO     | 🕯️ [EURUSDm] New M5 bar closed: 1778796600
2026-05-15 05:15:01 | INFO     | 🕯️ [USDJPYm] New M5 bar closed: 1778796600
2026-05-15 05:15:01 | INFO     | 🕯️ [AUDUSDm] New M5 bar closed: 1778796600
2026-05-15 05:15:01 | INFO     | 🕯️ [NZDUSDm] New M5 bar closed: 1778796600
2026-05-15 05:15:03 | INFO     | 🕯️ [USTECm] New M5 bar closed: 1778796600
2026-05-15 05:15:05 | INFO     | 🕯️ [US30m] New M5 bar closed: 1778796600
2026-05-15 05:19:48 | INFO     | 
══════════════════════════════════════════════════════════════════════
  📊  STATUS V22  [05:19:48 BKK]
  Equity    : $     52.10  (-13.17%)
  DD Daily  : 9.27%   DD Total: 13.17%   Mode: NORMAL
  Session   : UNKNOWN          H4:NEUTRAL    H1:NEUTRAL   
  Global Pos: 0/3 | Floating Risk: 0.0%/12.0%
  Symbols   : XAUUSDm, EURUSDm, USDJPYm, AUDUSDm, NZDUSDm, USTECm, US30m
  Thresholds: NY=62 LDN=82 NY_EARLY=85 OOS=80
══════════════════════════════════════════════════════════════════════
2026-05-15 05:20:00 | INFO     | 🕯️ [EURUSDm] New M5 bar closed: 1778796900
2026-05-15 05:20:00 | INFO     | 🕯️ [USDJPYm] New M5 bar closed: 1778796900
2026-05-15 05:20:00 | INFO     | 🕯️ [AUDUSDm] New M5 bar closed: 1778796900
2026-05-15 05:20:00 | INFO     | 🕯️ [NZDUSDm] New M5 bar closed: 1778796900
2026-05-15 05:20:00 | INFO     | 🕯️ [USTECm] New M5 bar closed: 1778796900
2026-05-15 05:20:01 | INFO     | 🕯️ [XAUUSDm] New M5 bar closed: 1778796900
2026-05-15 05:20:08 | INFO     | 🕯️ [US30m] New M5 bar closed: 1778796900
2026-05-15 05:24:48 | INFO     | 
══════════════════════════════════════════════════════════════════════
  📊  STATUS V22  [05:24:48 BKK]
  Equity    : $     52.10  (-13.17%)
  DD Daily  : 9.27%   DD Total: 13.17%   Mode: NORMAL
  Session   : UNKNOWN          H4:NEUTRAL    H1:NEUTRAL   
  Global Pos: 0/3 | Floating Risk: 0.0%/12.0%
  Symbols   : XAUUSDm, EURUSDm, USDJPYm, AUDUSDm, NZDUSDm, USTECm, US30m
  Thresholds: NY=62 LDN=82 NY_EARLY=85 OOS=80
══════════════════════════════════════════════════════════════════════
2026-05-15 05:25:00 | INFO     | 🕯️ [XAUUSDm] New M5 bar closed: 1778797200
2026-05-15 05:25:00 | INFO     | 🕯️ [USTECm] New M5 bar closed: 1778797200
2026-05-15 05:25:01 | INFO     | 🕯️ [USDJPYm] New M5 bar closed: 1778797200
2026-05-15 05:25:01 | INFO     | 🕯️ [AUDUSDm] New M5 bar closed: 1778797200
2026-05-15 05:25:01 | INFO     | 🕯️ [NZDUSDm] New M5 bar closed: 1778797200
2026-05-15 05:25:02 | INFO     | 🕯️ [US30m] New M5 bar closed: 1778797200
2026-05-15 05:25:03 | INFO     | 🕯️ [EURUSDm] New M5 bar closed: 1778797200
2026-05-15 05:29:48 | INFO     | 
══════════════════════════════════════════════════════════════════════
  📊  STATUS V22  [05:29:48 BKK]
  Equity    : $     52.10  (-13.17%)
  DD Daily  : 9.27%   DD Total: 13.17%   Mode: NORMAL
  Session   : UNKNOWN          H4:NEUTRAL    H1:NEUTRAL   
  Global Pos: 0/3 | Floating Risk: 0.0%/12.0%
  Symbols   : XAUUSDm, EURUSDm, USDJPYm, AUDUSDm, NZDUSDm, USTECm, US30m
  Thresholds: NY=62 LDN=82 NY_EARLY=85 OOS=80
══════════════════════════════════════════════════════════════════════
2026-05-15 05:30:00 | INFO     | 🕯️ [US30m] New M5 bar closed: 1778797500
2026-05-15 05:30:00 | INFO     | 🕯️ [XAUUSDm] New M5 bar closed: 1778797500
2026-05-15 05:30:00 | INFO     | 🕯️ [EURUSDm] New M5 bar closed: 1778797500
2026-05-15 05:30:00 | INFO     | 🕯️ [USDJPYm] New M5 bar closed: 1778797500
2026-05-15 05:30:00 | INFO     | 🕯️ [AUDUSDm] New M5 bar closed: 1778797500
2026-05-15 05:30:00 | INFO     | 🕯️ [NZDUSDm] New M5 bar closed: 1778797500
2026-05-15 05:30:01 | INFO     | 🕯️ [USTECm] New M5 bar closed: 1778797500
2026-05-15 05:34:48 | INFO     | 
══════════════════════════════════════════════════════════════════════
  📊  STATUS V22  [05:34:48 BKK]
  Equity    : $     52.10  (-13.17%)
  DD Daily  : 9.27%   DD Total: 13.17%   Mode: NORMAL
  Session   : UNKNOWN          H4:NEUTRAL    H1:NEUTRAL   
  Global Pos: 0/3 | Floating Risk: 0.0%/12.0%
  Symbols   : XAUUSDm, EURUSDm, USDJPYm, AUDUSDm, NZDUSDm, USTECm, US30m
  Thresholds: NY=62 LDN=82 NY_EARLY=85 OOS=80
══════════════════════════════════════════════════════════════════════
2026-05-15 05:35:00 | INFO     | 🕯️ [USTECm] New M5 bar closed: 1778797800
2026-05-15 05:35:00 | INFO     | 🕯️ [US30m] New M5 bar closed: 1778797800
2026-05-15 05:35:00 | INFO     | 🕯️ [XAUUSDm] New M5 bar closed: 1778797800
2026-05-15 05:35:00 | INFO     | 🕯️ [EURUSDm] New M5 bar closed: 1778797800
2026-05-15 05:35:01 | INFO     | 🕯️ [NZDUSDm] New M5 bar closed: 1778797800
2026-05-15 05:35:01 | INFO     | 🕯️ [AUDUSDm] New M5 bar closed: 1778797800
2026-05-15 05:35:02 | INFO     | 🕯️ [USDJPYm] New M5 bar closed: 1778797800
2026-05-15 05:39:48 | INFO     | 
══════════════════════════════════════════════════════════════════════
  📊  STATUS V22  [05:39:48 BKK]
  Equity    : $     52.10  (-13.17%)
  DD Daily  : 9.27%   DD Total: 13.17%   Mode: NORMAL
  Session   : UNKNOWN          H4:NEUTRAL    H1:NEUTRAL   
  Global Pos: 0/3 | Floating Risk: 0.0%/12.0%
  Symbols   : XAUUSDm, EURUSDm, USDJPYm, AUDUSDm, NZDUSDm, USTECm, US30m
  Thresholds: NY=62 LDN=82 NY_EARLY=85 OOS=80
══════════════════════════════════════════════════════════════════════
2026-05-15 05:40:00 | INFO     | 🕯️ [XAUUSDm] New M5 bar closed: 1778798100
2026-05-15 05:40:00 | INFO     | 🕯️ [EURUSDm] New M5 bar closed: 1778798100
2026-05-15 05:40:01 | INFO     | 🕯️ [NZDUSDm] New M5 bar closed: 1778798100
2026-05-15 05:40:01 | INFO     | 🕯️ [USTECm] New M5 bar closed: 1778798100
2026-05-15 05:40:01 | INFO     | 🕯️ [US30m] New M5 bar closed: 1778798100
2026-05-15 05:40:01 | INFO     | 🕯️ [USDJPYm] New M5 bar closed: 1778798100
2026-05-15 05:40:01 | INFO     | 🕯️ [AUDUSDm] New M5 bar closed: 1778798100
2026-05-15 05:44:48 | INFO     | 
══════════════════════════════════════════════════════════════════════
  📊  STATUS V22  [05:44:48 BKK]
  Equity    : $     52.10  (-13.17%)
  DD Daily  : 9.27%   DD Total: 13.17%   Mode: NORMAL
  Session   : UNKNOWN          H4:NEUTRAL    H1:NEUTRAL   
  Global Pos: 0/3 | Floating Risk: 0.0%/12.0%
  Symbols   : XAUUSDm, EURUSDm, USDJPYm, AUDUSDm, NZDUSDm, USTECm, US30m
  Thresholds: NY=62 LDN=82 NY_EARLY=85 OOS=80
══════════════════════════════════════════════════════════════════════
2026-05-15 05:45:00 | INFO     | 🕯️ [NZDUSDm] New M5 bar closed: 1778798400
2026-05-15 05:45:00 | INFO     | 🕯️ [USTECm] New M5 bar closed: 1778798400
2026-05-15 05:45:00 | INFO     | 🕯️ [XAUUSDm] New M5 bar closed: 1778798400
2026-05-15 05:45:00 | INFO     | 🕯️ [EURUSDm] New M5 bar closed: 1778798400
2026-05-15 05:45:01 | INFO     | 🕯️ [AUDUSDm] New M5 bar closed: 1778798400
2026-05-15 05:45:01 | INFO     | 🕯️ [US30m] New M5 bar closed: 1778798400
2026-05-15 05:45:02 | INFO     | 🕯️ [USDJPYm] New M5 bar closed: 1778798400
2026-05-15 05:49:48 | INFO     | 
══════════════════════════════════════════════════════════════════════
  📊  STATUS V22  [05:49:48 BKK]
  Equity    : $     52.10  (-13.17%)
  DD Daily  : 9.27%   DD Total: 13.17%   Mode: NORMAL
  Session   : UNKNOWN          H4:NEUTRAL    H1:NEUTRAL   
  Global Pos: 0/3 | Floating Risk: 0.0%/12.0%
  Symbols   : XAUUSDm, EURUSDm, USDJPYm, AUDUSDm, NZDUSDm, USTECm, US30m
  Thresholds: NY=62 LDN=82 NY_EARLY=85 OOS=80
══════════════════════════════════════════════════════════════════════
2026-05-15 05:50:00 | INFO     | 🕯️ [XAUUSDm] New M5 bar closed: 1778798700
2026-05-15 05:50:00 | INFO     | 🕯️ [USDJPYm] New M5 bar closed: 1778798700
2026-05-15 05:50:01 | INFO     | 🕯️ [AUDUSDm] New M5 bar closed: 1778798700
2026-05-15 05:50:01 | INFO     | 🕯️ [NZDUSDm] New M5 bar closed: 1778798700
2026-05-15 05:50:01 | INFO     | 🕯️ [USTECm] New M5 bar closed: 1778798700
2026-05-15 05:50:02 | INFO     | 🕯️ [EURUSDm] New M5 bar closed: 1778798700
2026-05-15 05:50:03 | INFO     | 🕯️ [US30m] New M5 bar closed: 1778798700
2026-05-15 05:54:48 | INFO     | 
══════════════════════════════════════════════════════════════════════
  📊  STATUS V22  [05:54:48 BKK]
  Equity    : $     52.10  (-13.17%)
  DD Daily  : 9.27%   DD Total: 13.17%   Mode: NORMAL
  Session   : UNKNOWN          H4:NEUTRAL    H1:NEUTRAL   
  Global Pos: 0/3 | Floating Risk: 0.0%/12.0%
  Symbols   : XAUUSDm, EURUSDm, USDJPYm, AUDUSDm, NZDUSDm, USTECm, US30m
  Thresholds: NY=62 LDN=82 NY_EARLY=85 OOS=80
══════════════════════════════════════════════════════════════════════
2026-05-15 05:55:00 | INFO     | 🕯️ [AUDUSDm] New M5 bar closed: 1778799000
2026-05-15 05:55:00 | INFO     | 🕯️ [US30m] New M5 bar closed: 1778799000
2026-05-15 05:55:00 | INFO     | 🕯️ [EURUSDm] New M5 bar closed: 1778799000
2026-05-15 05:55:01 | INFO     | 🕯️ [USDJPYm] New M5 bar closed: 1778799000
2026-05-15 05:55:01 | INFO     | 🕯️ [NZDUSDm] New M5 bar closed: 1778799000
2026-05-15 05:55:01 | INFO     | 🕯️ [USTECm] New M5 bar closed: 1778799000
2026-05-15 05:55:01 | INFO     | 🕯️ [XAUUSDm] New M5 bar closed: 1778799000
2026-05-15 05:59:48 | INFO     | 
══════════════════════════════════════════════════════════════════════
  📊  STATUS V22  [05:59:48 BKK]
  Equity    : $     52.10  (-13.17%)
  DD Daily  : 9.27%   DD Total: 13.17%   Mode: NORMAL
  Session   : UNKNOWN          H4:NEUTRAL    H1:NEUTRAL   
  Global Pos: 0/3 | Floating Risk: 0.0%/12.0%
  Symbols   : XAUUSDm, EURUSDm, USDJPYm, AUDUSDm, NZDUSDm, USTECm, US30m
  Thresholds: NY=62 LDN=82 NY_EARLY=85 OOS=80
══════════════════════════════════════════════════════════════════════
2026-05-15 05:59:59 | INFO     | 🕯️ [EURUSDm] New M5 bar closed: 1778799300
2026-05-15 06:00:00 | INFO     | 🕯️ [USDJPYm] New M5 bar closed: 1778799300
2026-05-15 06:00:00 | INFO     | 🕯️ [NZDUSDm] New M5 bar closed: 1778799300
2026-05-15 06:00:00 | INFO     | 🕯️ [USTECm] New M5 bar closed: 1778799300
2026-05-15 06:00:00 | INFO     | 🕯️ [US30m] New M5 bar closed: 1778799300
2026-05-15 06:00:00 | INFO     | 🕯️ [XAUUSDm] New M5 bar closed: 1778799300
2026-05-15 06:00:01 | INFO     | 🕯️ [AUDUSDm] New M5 bar closed: 1778799300
2026-05-15 06:04:48 | INFO     | 
══════════════════════════════════════════════════════════════════════
  📊  STATUS V22  [06:04:48 BKK]
  Equity    : $     52.10  (-13.17%)
  DD Daily  : 9.27%   DD Total: 13.17%   Mode: NORMAL
  Session   : UNKNOWN          H4:NEUTRAL    H1:NEUTRAL   
  Global Pos: 0/3 | Floating Risk: 0.0%/12.0%
  Symbols   : XAUUSDm, EURUSDm, USDJPYm, AUDUSDm, NZDUSDm, USTECm, US30m
  Thresholds: NY=62 LDN=82 NY_EARLY=85 OOS=80
══════════════════════════════════════════════════════════════════════
2026-05-15 06:05:00 | INFO     | 🕯️ [AUDUSDm] New M5 bar closed: 1778799600
2026-05-15 06:05:00 | INFO     | 🕯️ [NZDUSDm] New M5 bar closed: 1778799600
2026-05-15 06:05:00 | INFO     | 🕯️ [USTECm] New M5 bar closed: 1778799600
2026-05-15 06:05:00 | INFO     | 🕯️ [XAUUSDm] New M5 bar closed: 1778799600
2026-05-15 06:05:01 | INFO     | 🕯️ [EURUSDm] New M5 bar closed: 1778799600
2026-05-15 06:05:01 | INFO     | 🕯️ [USDJPYm] New M5 bar closed: 1778799600
2026-05-15 06:05:13 | INFO     | 🕯️ [US30m] New M5 bar closed: 1778799600
2026-05-15 06:09:48 | INFO     | 
══════════════════════════════════════════════════════════════════════
  📊  STATUS V22  [06:09:48 BKK]
  Equity    : $     52.10  (-13.17%)
  DD Daily  : 9.27%   DD Total: 13.17%   Mode: NORMAL
  Session   : UNKNOWN          H4:NEUTRAL    H1:NEUTRAL   
  Global Pos: 0/3 | Floating Risk: 0.0%/12.0%
  Symbols   : XAUUSDm, EURUSDm, USDJPYm, AUDUSDm, NZDUSDm, USTECm, US30m
  Thresholds: NY=62 LDN=82 NY_EARLY=85 OOS=80
══════════════════════════════════════════════════════════════════════
2026-05-15 06:10:01 | INFO     | 🕯️ [XAUUSDm] New M5 bar closed: 1778799900
2026-05-15 06:10:01 | INFO     | 🕯️ [EURUSDm] New M5 bar closed: 1778799900
2026-05-15 06:10:01 | INFO     | 🕯️ [AUDUSDm] New M5 bar closed: 1778799900
2026-05-15 06:10:01 | INFO     | 🕯️ [USTECm] New M5 bar closed: 1778799900
2026-05-15 06:10:02 | INFO     | 🕯️ [USDJPYm] New M5 bar closed: 1778799900
2026-05-15 06:10:02 | INFO     | 🕯️ [NZDUSDm] New M5 bar closed: 1778799900
2026-05-15 06:10:03 | INFO     | 🕯️ [US30m] New M5 bar closed: 1778799900
2026-05-15 06:14:48 | INFO     | 
══════════════════════════════════════════════════════════════════════
  📊  STATUS V22  [06:14:48 BKK]
  Equity    : $     52.10  (-13.17%)
  DD Daily  : 9.27%   DD Total: 13.17%   Mode: NORMAL
  Session   : UNKNOWN          H4:NEUTRAL    H1:NEUTRAL   
  Global Pos: 0/3 | Floating Risk: 0.0%/12.0%
  Symbols   : XAUUSDm, EURUSDm, USDJPYm, AUDUSDm, NZDUSDm, USTECm, US30m
  Thresholds: NY=62 LDN=82 NY_EARLY=85 OOS=80
══════════════════════════════════════════════════════════════════════
2026-05-15 06:15:00 | INFO     | 🕯️ [EURUSDm] New M5 bar closed: 1778800200
2026-05-15 06:15:00 | INFO     | 🕯️ [USDJPYm] New M5 bar closed: 1778800200
2026-05-15 06:15:00 | INFO     | 🕯️ [AUDUSDm] New M5 bar closed: 1778800200
2026-05-15 06:15:00 | INFO     | 🕯️ [NZDUSDm] New M5 bar closed: 1778800200
2026-05-15 06:15:00 | INFO     | 🕯️ [USTECm] New M5 bar closed: 1778800200
2026-05-15 06:15:01 | INFO     | 🕯️ [XAUUSDm] New M5 bar closed: 1778800200
2026-05-15 06:15:20 | INFO     | 🕯️ [US30m] New M5 bar closed: 1778800200
2026-05-15 06:19:48 | INFO     | 
══════════════════════════════════════════════════════════════════════
  📊  STATUS V22  [06:19:48 BKK]
  Equity    : $     52.10  (-13.17%)
  DD Daily  : 9.27%   DD Total: 13.17%   Mode: NORMAL
  Session   : UNKNOWN          H4:NEUTRAL    H1:NEUTRAL   
  Global Pos: 0/3 | Floating Risk: 0.0%/12.0%
  Symbols   : XAUUSDm, EURUSDm, USDJPYm, AUDUSDm, NZDUSDm, USTECm, US30m
  Thresholds: NY=62 LDN=82 NY_EARLY=85 OOS=80
══════════════════════════════════════════════════════════════════════
2026-05-15 06:20:00 | INFO     | 🕯️ [AUDUSDm] New M5 bar closed: 1778800500
2026-05-15 06:20:00 | INFO     | 🕯️ [NZDUSDm] New M5 bar closed: 1778800500
2026-05-15 06:20:00 | INFO     | 🕯️ [USTECm] New M5 bar closed: 1778800500
2026-05-15 06:20:00 | INFO     | 🕯️ [US30m] New M5 bar closed: 1778800500
2026-05-15 06:20:01 | INFO     | 🕯️ [XAUUSDm] New M5 bar closed: 1778800500
2026-05-15 06:20:01 | INFO     | 🕯️ [EURUSDm] New M5 bar closed: 1778800500
2026-05-15 06:20:01 | INFO     | 🕯️ [USDJPYm] New M5 bar closed: 1778800500
2026-05-15 06:24:48 | INFO     | 
══════════════════════════════════════════════════════════════════════
  📊  STATUS V22  [06:24:48 BKK]
  Equity    : $     52.10  (-13.17%)
  DD Daily  : 9.27%   DD Total: 13.17%   Mode: NORMAL
  Session   : UNKNOWN          H4:NEUTRAL    H1:NEUTRAL   
  Global Pos: 0/3 | Floating Risk: 0.0%/12.0%
  Symbols   : XAUUSDm, EURUSDm, USDJPYm, AUDUSDm, NZDUSDm, USTECm, US30m
  Thresholds: NY=62 LDN=82 NY_EARLY=85 OOS=80
══════════════════════════════════════════════════════════════════════
2026-05-15 06:25:01 | INFO     | 🕯️ [XAUUSDm] New M5 bar closed: 1778800800
2026-05-15 06:25:01 | INFO     | 🕯️ [EURUSDm] New M5 bar closed: 1778800800
2026-05-15 06:25:01 | INFO     | 🕯️ [USDJPYm] New M5 bar closed: 1778800800
2026-05-15 06:25:01 | INFO     | 🕯️ [AUDUSDm] New M5 bar closed: 1778800800
2026-05-15 06:25:01 | INFO     | 🕯️ [USTECm] New M5 bar closed: 1778800800
2026-05-15 06:25:02 | INFO     | 🕯️ [NZDUSDm] New M5 bar closed: 1778800800
2026-05-15 06:25:03 | INFO     | 🕯️ [US30m] New M5 bar closed: 1778800800
2026-05-15 06:29:48 | INFO     | 
══════════════════════════════════════════════════════════════════════
  📊  STATUS V22  [06:29:48 BKK]
  Equity    : $     52.10  (-13.17%)
  DD Daily  : 9.27%   DD Total: 13.17%   Mode: NORMAL
  Session   : UNKNOWN          H4:NEUTRAL    H1:NEUTRAL   
  Global Pos: 0/3 | Floating Risk: 0.0%/12.0%
  Symbols   : XAUUSDm, EURUSDm, USDJPYm, AUDUSDm, NZDUSDm, USTECm, US30m
  Thresholds: NY=62 LDN=82 NY_EARLY=85 OOS=80
══════════════════════════════════════════════════════════════════════
2026-05-15 06:30:00 | INFO     | 🕯️ [XAUUSDm] New M5 bar closed: 1778801100
2026-05-15 06:30:00 | INFO     | 🕯️ [EURUSDm] New M5 bar closed: 1778801100
2026-05-15 06:30:00 | INFO     | 🕯️ [USDJPYm] New M5 bar closed: 1778801100
2026-05-15 06:30:00 | INFO     | 🕯️ [AUDUSDm] New M5 bar closed: 1778801100
2026-05-15 06:30:00 | INFO     | 🕯️ [NZDUSDm] New M5 bar closed: 1778801100
2026-05-15 06:30:01 | INFO     | 🕯️ [USTECm] New M5 bar closed: 1778801100
2026-05-15 06:30:02 | INFO     | 🕯️ [US30m] New M5 bar closed: 1778801100
2026-05-15 06:34:48 | INFO     | 
══════════════════════════════════════════════════════════════════════
  📊  STATUS V22  [06:34:48 BKK]
  Equity    : $     52.10  (-13.17%)
  DD Daily  : 9.27%   DD Total: 13.17%   Mode: NORMAL
  Session   : UNKNOWN          H4:NEUTRAL    H1:NEUTRAL   
  Global Pos: 0/3 | Floating Risk: 0.0%/12.0%
  Symbols   : XAUUSDm, EURUSDm, USDJPYm, AUDUSDm, NZDUSDm, USTECm, US30m
  Thresholds: NY=62 LDN=82 NY_EARLY=85 OOS=80
══════════════════════════════════════════════════════════════════════
2026-05-15 06:35:00 | INFO     | 🕯️ [XAUUSDm] New M5 bar closed: 1778801400
2026-05-15 06:35:00 | INFO     | 🕯️ [AUDUSDm] New M5 bar closed: 1778801400
2026-05-15 06:35:00 | INFO     | 🕯️ [USTECm] New M5 bar closed: 1778801400
2026-05-15 06:35:01 | INFO     | 🕯️ [EURUSDm] New M5 bar closed: 1778801400
2026-05-15 06:35:01 | INFO     | 🕯️ [NZDUSDm] New M5 bar closed: 1778801400
2026-05-15 06:35:01 | INFO     | 🕯️ [US30m] New M5 bar closed: 1778801400
2026-05-15 06:35:03 | INFO     | 🕯️ [USDJPYm] New M5 bar closed: 1778801400
2026-05-15 06:39:49 | INFO     | 
══════════════════════════════════════════════════════════════════════
  📊  STATUS V22  [06:39:49 BKK]
  Equity    : $     52.10  (-13.17%)
  DD Daily  : 9.27%   DD Total: 13.17%   Mode: NORMAL
  Session   : UNKNOWN          H4:NEUTRAL    H1:NEUTRAL   
  Global Pos: 0/3 | Floating Risk: 0.0%/12.0%
  Symbols   : XAUUSDm, EURUSDm, USDJPYm, AUDUSDm, NZDUSDm, USTECm, US30m
  Thresholds: NY=62 LDN=82 NY_EARLY=85 OOS=80
══════════════════════════════════════════════════════════════════════
2026-05-15 06:40:00 | INFO     | 🕯️ [XAUUSDm] New M5 bar closed: 1778801700
2026-05-15 06:40:00 | INFO     | 🕯️ [USDJPYm] New M5 bar closed: 1778801700
2026-05-15 06:40:01 | INFO     | 🕯️ [EURUSDm] New M5 bar closed: 1778801700
2026-05-15 06:40:01 | INFO     | 🕯️ [AUDUSDm] New M5 bar closed: 1778801700
2026-05-15 06:40:01 | INFO     | 🕯️ [NZDUSDm] New M5 bar closed: 1778801700
2026-05-15 06:40:01 | INFO     | 🕯️ [USTECm] New M5 bar closed: 1778801700
2026-05-15 06:40:04 | INFO     | 🕯️ [US30m] New M5 bar closed: 1778801700
2026-05-15 06:44:49 | INFO     | 
══════════════════════════════════════════════════════════════════════
  📊  STATUS V22  [06:44:49 BKK]
  Equity    : $     52.10  (-13.17%)
  DD Daily  : 9.27%   DD Total: 13.17%   Mode: NORMAL
  Session   : UNKNOWN          H4:NEUTRAL    H1:NEUTRAL   
  Global Pos: 0/3 | Floating Risk: 0.0%/12.0%
  Symbols   : XAUUSDm, EURUSDm, USDJPYm, AUDUSDm, NZDUSDm, USTECm, US30m
  Thresholds: NY=62 LDN=82 NY_EARLY=85 OOS=80
══════════════════════════════════════════════════════════════════════
2026-05-15 06:45:00 | INFO     | 🕯️ [XAUUSDm] New M5 bar closed: 1778802000
2026-05-15 06:45:00 | INFO     | 🕯️ [EURUSDm] New M5 bar closed: 1778802000
2026-05-15 06:45:00 | INFO     | 🕯️ [AUDUSDm] New M5 bar closed: 1778802000
2026-05-15 06:45:00 | INFO     | 🕯️ [NZDUSDm] New M5 bar closed: 1778802000
2026-05-15 06:45:00 | INFO     | 🕯️ [USTECm] New M5 bar closed: 1778802000
2026-05-15 06:45:01 | INFO     | 🕯️ [USDJPYm] New M5 bar closed: 1778802000
2026-05-15 06:45:02 | INFO     | 🕯️ [US30m] New M5 bar closed: 1778802000
2026-05-15 06:49:49 | INFO     | 
══════════════════════════════════════════════════════════════════════
  📊  STATUS V22  [06:49:49 BKK]
  Equity    : $     52.10  (-13.17%)
  DD Daily  : 9.27%   DD Total: 13.17%   Mode: NORMAL
  Session   : UNKNOWN          H4:NEUTRAL    H1:NEUTRAL   
  Global Pos: 0/3 | Floating Risk: 0.0%/12.0%
  Symbols   : XAUUSDm, EURUSDm, USDJPYm, AUDUSDm, NZDUSDm, USTECm, US30m
  Thresholds: NY=62 LDN=82 NY_EARLY=85 OOS=80
══════════════════════════════════════════════════════════════════════
2026-05-15 06:50:00 | INFO     | 🕯️ [NZDUSDm] New M5 bar closed: 1778802300
2026-05-15 06:50:00 | INFO     | 🕯️ [USTECm] New M5 bar closed: 1778802300
2026-05-15 06:50:01 | INFO     | 🕯️ [XAUUSDm] New M5 bar closed: 1778802300
2026-05-15 06:50:01 | INFO     | 🕯️ [EURUSDm] New M5 bar closed: 1778802300
2026-05-15 06:50:01 | INFO     | 🕯️ [AUDUSDm] New M5 bar closed: 1778802300
2026-05-15 06:50:02 | INFO     | 🕯️ [US30m] New M5 bar closed: 1778802300
2026-05-15 06:50:02 | INFO     | 🕯️ [USDJPYm] New M5 bar closed: 1778802300
2026-05-15 06:54:49 | INFO     | 
══════════════════════════════════════════════════════════════════════
  📊  STATUS V22  [06:54:49 BKK]
  Equity    : $     52.10  (-13.17%)
  DD Daily  : 9.27%   DD Total: 13.17%   Mode: NORMAL
  Session   : UNKNOWN          H4:NEUTRAL    H1:NEUTRAL   
  Global Pos: 0/3 | Floating Risk: 0.0%/12.0%
  Symbols   : XAUUSDm, EURUSDm, USDJPYm, AUDUSDm, NZDUSDm, USTECm, US30m
  Thresholds: NY=62 LDN=82 NY_EARLY=85 OOS=80
══════════════════════════════════════════════════════════════════════
2026-05-15 06:55:00 | INFO     | 🕯️ [USTECm] New M5 bar closed: 1778802600
2026-05-15 06:55:00 | INFO     | 🕯️ [XAUUSDm] New M5 bar closed: 1778802600
2026-05-15 06:55:00 | INFO     | 🕯️ [EURUSDm] New M5 bar closed: 1778802600
2026-05-15 06:55:00 | INFO     | 🕯️ [USDJPYm] New M5 bar closed: 1778802600
2026-05-15 06:55:00 | INFO     | 🕯️ [AUDUSDm] New M5 bar closed: 1778802600
2026-05-15 06:55:00 | INFO     | 🕯️ [NZDUSDm] New M5 bar closed: 1778802600
2026-05-15 06:55:03 | INFO     | 🕯️ [US30m] New M5 bar closed: 1778802600
2026-05-15 06:59:49 | INFO     | 
══════════════════════════════════════════════════════════════════════
  📊  STATUS V22  [06:59:49 BKK]
  Equity    : $     52.10  (-13.17%)
  DD Daily  : 9.27%   DD Total: 13.17%   Mode: NORMAL
  Session   : UNKNOWN          H4:NEUTRAL    H1:NEUTRAL   
  Global Pos: 0/3 | Floating Risk: 0.0%/12.0%
  Symbols   : XAUUSDm, EURUSDm, USDJPYm, AUDUSDm, NZDUSDm, USTECm, US30m
  Thresholds: NY=62 LDN=82 NY_EARLY=85 OOS=80
══════════════════════════════════════════════════════════════════════
2026-05-15 07:00:00 | INFO     | 🕯️ [USTECm] New M5 bar closed: 1778802900
2026-05-15 07:00:00 | INFO     | 🕯️ [US30m] New M5 bar closed: 1778802900
2026-05-15 07:00:00 | INFO     | 🕯️ [XAUUSDm] New M5 bar closed: 1778802900
2026-05-15 07:00:00 | INFO     | 🕯️ [EURUSDm] New M5 bar closed: 1778802900
2026-05-15 07:00:00 | INFO     | 🕯️ [USDJPYm] New M5 bar closed: 1778802900
2026-05-15 07:00:00 | INFO     | 🕯️ [AUDUSDm] New M5 bar closed: 1778802900
2026-05-15 07:00:01 | INFO     | 🕯️ [NZDUSDm] New M5 bar closed: 1778802900
2026-05-15 07:04:49 | INFO     | 
══════════════════════════════════════════════════════════════════════
  📊  STATUS V22  [07:04:49 BKK]
  Equity    : $     52.10  (-13.17%)
  DD Daily  : 0.00%   DD Total: 13.17%   Mode: NORMAL
  Session   : UNKNOWN          H4:NEUTRAL    H1:NEUTRAL   
  Global Pos: 0/3 | Floating Risk: 0.0%/12.0%
  Symbols   : XAUUSDm, EURUSDm, USDJPYm, AUDUSDm, NZDUSDm, USTECm, US30m
  Thresholds: NY=62 LDN=82 NY_EARLY=85 OOS=80
══════════════════════════════════════════════════════════════════════
2026-05-15 07:05:00 | INFO     | 🕯️ [USTECm] New M5 bar closed: 1778803200
2026-05-15 07:05:00 | INFO     | 🕯️ [XAUUSDm] New M5 bar closed: 1778803200
2026-05-15 07:05:00 | INFO     | 🕯️ [EURUSDm] New M5 bar closed: 1778803200
2026-05-15 07:05:01 | INFO     | 🕯️ [USDJPYm] New M5 bar closed: 1778803200
2026-05-15 07:05:01 | INFO     | 🕯️ [AUDUSDm] New M5 bar closed: 1778803200
2026-05-15 07:05:01 | INFO     | 🕯️ [NZDUSDm] New M5 bar closed: 1778803200
2026-05-15 07:05:01 | INFO     | 🕯️ [US30m] New M5 bar closed: 1778803200
2026-05-15 07:09:49 | INFO     | 
══════════════════════════════════════════════════════════════════════
  📊  STATUS V22  [07:09:49 BKK]
  Equity    : $     52.10  (-13.17%)
  DD Daily  : 0.00%   DD Total: 13.17%   Mode: NORMAL
  Session   : UNKNOWN          H4:NEUTRAL    H1:NEUTRAL   
  Global Pos: 0/3 | Floating Risk: 0.0%/12.0%
  Symbols   : XAUUSDm, EURUSDm, USDJPYm, AUDUSDm, NZDUSDm, USTECm, US30m
  Thresholds: NY=62 LDN=82 NY_EARLY=85 OOS=80
══════════════════════════════════════════════════════════════════════
2026-05-15 07:10:00 | INFO     | 🕯️ [EURUSDm] New M5 bar closed: 1778803500
2026-05-15 07:10:00 | INFO     | 🕯️ [USDJPYm] New M5 bar closed: 1778803500
2026-05-15 07:10:00 | INFO     | 🕯️ [AUDUSDm] New M5 bar closed: 1778803500
2026-05-15 07:10:00 | INFO     | 🕯️ [NZDUSDm] New M5 bar closed: 1778803500
2026-05-15 07:10:00 | INFO     | 🕯️ [USTECm] New M5 bar closed: 1778803500
2026-05-15 07:10:00 | INFO     | 🕯️ [US30m] New M5 bar closed: 1778803500
2026-05-15 07:10:01 | INFO     | 🕯️ [XAUUSDm] New M5 bar closed: 1778803500
2026-05-15 07:14:49 | INFO     | 
══════════════════════════════════════════════════════════════════════
  📊  STATUS V22  [07:14:49 BKK]
  Equity    : $     52.10  (-13.17%)
  DD Daily  : 0.00%   DD Total: 13.17%   Mode: NORMAL
  Session   : UNKNOWN          H4:NEUTRAL    H1:NEUTRAL   
  Global Pos: 0/3 | Floating Risk: 0.0%/12.0%
  Symbols   : XAUUSDm, EURUSDm, USDJPYm, AUDUSDm, NZDUSDm, USTECm, US30m
  Thresholds: NY=62 LDN=82 NY_EARLY=85 OOS=80
══════════════════════════════════════════════════════════════════════
2026-05-15 07:15:00 | INFO     | 🕯️ [XAUUSDm] New M5 bar closed: 1778803800
2026-05-15 07:15:00 | INFO     | 🕯️ [EURUSDm] New M5 bar closed: 1778803800
2026-05-15 07:15:00 | INFO     | 🕯️ [USDJPYm] New M5 bar closed: 1778803800
2026-05-15 07:15:00 | INFO     | 🕯️ [AUDUSDm] New M5 bar closed: 1778803800
2026-05-15 07:15:00 | INFO     | 🕯️ [NZDUSDm] New M5 bar closed: 1778803800
2026-05-15 07:15:00 | INFO     | 🕯️ [USTECm] New M5 bar closed: 1778803800
2026-05-15 07:15:00 | INFO     | 🕯️ [US30m] New M5 bar closed: 1778803800
2026-05-15 07:19:49 | INFO     | 
══════════════════════════════════════════════════════════════════════
  📊  STATUS V22  [07:19:49 BKK]
  Equity    : $     52.10  (-13.17%)
  DD Daily  : 0.00%   DD Total: 13.17%   Mode: NORMAL
  Session   : UNKNOWN          H4:NEUTRAL    H1:NEUTRAL   
  Global Pos: 0/3 | Floating Risk: 0.0%/12.0%
  Symbols   : XAUUSDm, EURUSDm, USDJPYm, AUDUSDm, NZDUSDm, USTECm, US30m
  Thresholds: NY=62 LDN=82 NY_EARLY=85 OOS=80
══════════════════════════════════════════════════════════════════════
2026-05-15 07:20:00 | INFO     | 🕯️ [XAUUSDm] New M5 bar closed: 1778804100
2026-05-15 07:20:00 | INFO     | 🕯️ [EURUSDm] New M5 bar closed: 1778804100
2026-05-15 07:20:00 | INFO     | 🕯️ [AUDUSDm] New M5 bar closed: 1778804100
2026-05-15 07:20:00 | INFO     | 🕯️ [NZDUSDm] New M5 bar closed: 1778804100
2026-05-15 07:20:00 | INFO     | 🕯️ [USTECm] New M5 bar closed: 1778804100
2026-05-15 07:20:01 | INFO     | 🕯️ [USDJPYm] New M5 bar closed: 1778804100
2026-05-15 07:20:01 | INFO     | 🕯️ [US30m] New M5 bar closed: 1778804100
2026-05-15 07:24:50 | INFO     | 
══════════════════════════════════════════════════════════════════════
  📊  STATUS V22  [07:24:50 BKK]
  Equity    : $     52.10  (-13.17%)
  DD Daily  : 0.00%   DD Total: 13.17%   Mode: NORMAL
  Session   : UNKNOWN          H4:NEUTRAL    H1:NEUTRAL   
  Global Pos: 0/3 | Floating Risk: 0.0%/12.0%
  Symbols   : XAUUSDm, EURUSDm, USDJPYm, AUDUSDm, NZDUSDm, USTECm, US30m
  Thresholds: NY=62 LDN=82 NY_EARLY=85 OOS=80
══════════════════════════════════════════════════════════════════════
2026-05-15 07:25:00 | INFO     | 🕯️ [XAUUSDm] New M5 bar closed: 1778804400
2026-05-15 07:25:00 | INFO     | 🕯️ [EURUSDm] New M5 bar closed: 1778804400
2026-05-15 07:25:00 | INFO     | 🕯️ [NZDUSDm] New M5 bar closed: 1778804400
2026-05-15 07:25:00 | INFO     | 🕯️ [USTECm] New M5 bar closed: 1778804400
2026-05-15 07:25:01 | INFO     | 🕯️ [USDJPYm] New M5 bar closed: 1778804400
2026-05-15 07:25:01 | INFO     | 🕯️ [AUDUSDm] New M5 bar closed: 1778804400
2026-05-15 07:25:01 | INFO     | 🕯️ [US30m] New M5 bar closed: 1778804400
2026-05-15 07:29:50 | INFO     | 
══════════════════════════════════════════════════════════════════════
  📊  STATUS V22  [07:29:50 BKK]
  Equity    : $     52.10  (-13.17%)
  DD Daily  : 0.00%   DD Total: 13.17%   Mode: NORMAL
  Session   : UNKNOWN          H4:NEUTRAL    H1:NEUTRAL   
  Global Pos: 0/3 | Floating Risk: 0.0%/12.0%
  Symbols   : XAUUSDm, EURUSDm, USDJPYm, AUDUSDm, NZDUSDm, USTECm, US30m
  Thresholds: NY=62 LDN=82 NY_EARLY=85 OOS=80
══════════════════════════════════════════════════════════════════════
2026-05-15 07:30:00 | INFO     | 🕯️ [US30m] New M5 bar closed: 1778804700
2026-05-15 07:30:00 | INFO     | 🕯️ [XAUUSDm] New M5 bar closed: 1778804700
2026-05-15 07:30:00 | INFO     | 🕯️ [USDJPYm] New M5 bar closed: 1778804700
2026-05-15 07:30:00 | INFO     | 🕯️ [NZDUSDm] New M5 bar closed: 1778804700
2026-05-15 07:30:00 | INFO     | 🕯️ [USTECm] New M5 bar closed: 1778804700
2026-05-15 07:30:01 | INFO     | 🕯️ [EURUSDm] New M5 bar closed: 1778804700
2026-05-15 07:30:01 | INFO     | 🕯️ [AUDUSDm] New M5 bar closed: 1778804700
2026-05-15 07:34:50 | INFO     | 
══════════════════════════════════════════════════════════════════════
  📊  STATUS V22  [07:34:50 BKK]
  Equity    : $     52.10  (-13.17%)
  DD Daily  : 0.00%   DD Total: 13.17%   Mode: NORMAL
  Session   : UNKNOWN          H4:NEUTRAL    H1:NEUTRAL   
  Global Pos: 0/3 | Floating Risk: 0.0%/12.0%
  Symbols   : XAUUSDm, EURUSDm, USDJPYm, AUDUSDm, NZDUSDm, USTECm, US30m
  Thresholds: NY=62 LDN=82 NY_EARLY=85 OOS=80
══════════════════════════════════════════════════════════════════════
2026-05-15 07:34:59 | INFO     | 🕯️ [USTECm] New M5 bar closed: 1778805000
2026-05-15 07:35:00 | INFO     | 🕯️ [XAUUSDm] New M5 bar closed: 1778805000
2026-05-15 07:35:00 | INFO     | 🕯️ [EURUSDm] New M5 bar closed: 1778805000
2026-05-15 07:35:00 | INFO     | 🕯️ [USDJPYm] New M5 bar closed: 1778805000
2026-05-15 07:35:00 | INFO     | 🕯️ [NZDUSDm] New M5 bar closed: 1778805000
2026-05-15 07:35:01 | INFO     | 🕯️ [AUDUSDm] New M5 bar closed: 1778805000
2026-05-15 07:35:03 | INFO     | 🕯️ [US30m] New M5 bar closed: 1778805000
2026-05-15 07:39:50 | INFO     | 
══════════════════════════════════════════════════════════════════════
  📊  STATUS V22  [07:39:50 BKK]
  Equity    : $     52.10  (-13.17%)
  DD Daily  : 0.00%   DD Total: 13.17%   Mode: NORMAL
  Session   : UNKNOWN          H4:NEUTRAL    H1:NEUTRAL   
  Global Pos: 0/3 | Floating Risk: 0.0%/12.0%
  Symbols   : XAUUSDm, EURUSDm, USDJPYm, AUDUSDm, NZDUSDm, USTECm, US30m
  Thresholds: NY=62 LDN=82 NY_EARLY=85 OOS=80
══════════════════════════════════════════════════════════════════════
2026-05-15 07:40:00 | INFO     | 🕯️ [USTECm] New M5 bar closed: 1778805300
2026-05-15 07:40:00 | INFO     | 🕯️ [US30m] New M5 bar closed: 1778805300
2026-05-15 07:40:00 | INFO     | 🕯️ [XAUUSDm] New M5 bar closed: 1778805300
2026-05-15 07:40:00 | INFO     | 🕯️ [EURUSDm] New M5 bar closed: 1778805300
2026-05-15 07:40:00 | INFO     | 🕯️ [USDJPYm] New M5 bar closed: 1778805300
2026-05-15 07:40:00 | INFO     | 🕯️ [AUDUSDm] New M5 bar closed: 1778805300
2026-05-15 07:40:00 | INFO     | 🕯️ [NZDUSDm] New M5 bar closed: 1778805300
2026-05-15 07:44:50 | INFO     | 
══════════════════════════════════════════════════════════════════════
  📊  STATUS V22  [07:44:50 BKK]
  Equity    : $     52.10  (-13.17%)
  DD Daily  : 0.00%   DD Total: 13.17%   Mode: NORMAL
  Session   : UNKNOWN          H4:NEUTRAL    H1:NEUTRAL   
  Global Pos: 0/3 | Floating Risk: 0.0%/12.0%
  Symbols   : XAUUSDm, EURUSDm, USDJPYm, AUDUSDm, NZDUSDm, USTECm, US30m
  Thresholds: NY=62 LDN=82 NY_EARLY=85 OOS=80
══════════════════════════════════════════════════════════════════════
2026-05-15 07:44:59 | INFO     | 🕯️ [AUDUSDm] New M5 bar closed: 1778805600
2026-05-15 07:45:00 | INFO     | 🕯️ [USTECm] New M5 bar closed: 1778805600
2026-05-15 07:45:00 | INFO     | 🕯️ [US30m] New M5 bar closed: 1778805600
2026-05-15 07:45:00 | INFO     | 🕯️ [XAUUSDm] New M5 bar closed: 1778805600
2026-05-15 07:45:00 | INFO     | 🕯️ [USDJPYm] New M5 bar closed: 1778805600
2026-05-15 07:45:01 | INFO     | 🕯️ [EURUSDm] New M5 bar closed: 1778805600
2026-05-15 07:45:02 | INFO     | 🕯️ [NZDUSDm] New M5 bar closed: 1778805600
2026-05-15 07:49:50 | INFO     | 
══════════════════════════════════════════════════════════════════════
  📊  STATUS V22  [07:49:50 BKK]
  Equity    : $     52.10  (-13.17%)
  DD Daily  : 0.00%   DD Total: 13.17%   Mode: NORMAL
  Session   : UNKNOWN          H4:NEUTRAL    H1:NEUTRAL   
  Global Pos: 0/3 | Floating Risk: 0.0%/12.0%
  Symbols   : XAUUSDm, EURUSDm, USDJPYm, AUDUSDm, NZDUSDm, USTECm, US30m
  Thresholds: NY=62 LDN=82 NY_EARLY=85 OOS=80
══════════════════════════════════════════════════════════════════════
2026-05-15 07:49:59 | INFO     | 🕯️ [AUDUSDm] New M5 bar closed: 1778805900
2026-05-15 07:50:00 | INFO     | 🕯️ [NZDUSDm] New M5 bar closed: 1778805900
2026-05-15 07:50:00 | INFO     | 🕯️ [USTECm] New M5 bar closed: 1778805900
2026-05-15 07:50:00 | INFO     | 🕯️ [XAUUSDm] New M5 bar closed: 1778805900
2026-05-15 07:50:00 | INFO     | 🕯️ [EURUSDm] New M5 bar closed: 1778805900
2026-05-15 07:50:01 | INFO     | 🕯️ [USDJPYm] New M5 bar closed: 1778805900
2026-05-15 07:50:06 | INFO     | 🕯️ [US30m] New M5 bar closed: 1778805900
2026-05-15 07:54:50 | INFO     | 
══════════════════════════════════════════════════════════════════════
  📊  STATUS V22  [07:54:50 BKK]
  Equity    : $     52.10  (-13.17%)
  DD Daily  : 0.00%   DD Total: 13.17%   Mode: NORMAL
  Session   : UNKNOWN          H4:NEUTRAL    H1:NEUTRAL   
  Global Pos: 0/3 | Floating Risk: 0.0%/12.0%
  Symbols   : XAUUSDm, EURUSDm, USDJPYm, AUDUSDm, NZDUSDm, USTECm, US30m
  Thresholds: NY=62 LDN=82 NY_EARLY=85 OOS=80
══════════════════════════════════════════════════════════════════════
2026-05-15 07:54:59 | INFO     | 🕯️ [AUDUSDm] New M5 bar closed: 1778806200
2026-05-15 07:55:00 | INFO     | 🕯️ [NZDUSDm] New M5 bar closed: 1778806200
2026-05-15 07:55:00 | INFO     | 🕯️ [US30m] New M5 bar closed: 1778806200
2026-05-15 07:55:00 | INFO     | 🕯️ [XAUUSDm] New M5 bar closed: 1778806200
2026-05-15 07:55:00 | INFO     | 🕯️ [EURUSDm] New M5 bar closed: 1778806200
2026-05-15 07:55:00 | INFO     | 🕯️ [USDJPYm] New M5 bar closed: 1778806200
2026-05-15 07:55:01 | INFO     | 🕯️ [USTECm] New M5 bar closed: 1778806200
2026-05-15 07:59:50 | INFO     | 
══════════════════════════════════════════════════════════════════════
  📊  STATUS V22  [07:59:50 BKK]
  Equity    : $     52.10  (-13.17%)
  DD Daily  : 0.00%   DD Total: 13.17%   Mode: NORMAL
  Session   : UNKNOWN          H4:NEUTRAL    H1:NEUTRAL   
  Global Pos: 0/3 | Floating Risk: 0.0%/12.0%
  Symbols   : XAUUSDm, EURUSDm, USDJPYm, AUDUSDm, NZDUSDm, USTECm, US30m
  Thresholds: NY=62 LDN=82 NY_EARLY=85 OOS=80
══════════════════════════════════════════════════════════════════════
2026-05-15 08:00:00 | INFO     | 🕯️ [AUDUSDm] New M5 bar closed: 1778806500
2026-05-15 08:00:00 | INFO     | 🕯️ [NZDUSDm] New M5 bar closed: 1778806500
2026-05-15 08:00:00 | INFO     | 🕯️ [USTECm] New M5 bar closed: 1778806500
2026-05-15 08:00:00 | INFO     | 🕯️ [US30m] New M5 bar closed: 1778806500
2026-05-15 08:00:00 | INFO     | 🕯️ [XAUUSDm] New M5 bar closed: 1778806500
2026-05-15 08:00:00 | INFO     | 🕯️ [EURUSDm] New M5 bar closed: 1778806500
2026-05-15 08:00:00 | INFO     | 🕯️ [USDJPYm] New M5 bar closed: 1778806500
2026-05-15 08:04:50 | INFO     | 
══════════════════════════════════════════════════════════════════════
  📊  STATUS V22  [08:04:50 BKK]
  Equity    : $     52.10  (-13.17%)
  DD Daily  : 0.00%   DD Total: 13.17%   Mode: NORMAL
  Session   : UNKNOWN          H4:NEUTRAL    H1:NEUTRAL   
  Global Pos: 0/3 | Floating Risk: 0.0%/12.0%
  Symbols   : XAUUSDm, EURUSDm, USDJPYm, AUDUSDm, NZDUSDm, USTECm, US30m
  Thresholds: NY=62 LDN=82 NY_EARLY=85 OOS=80
══════════════════════════════════════════════════════════════════════
2026-05-15 08:04:59 | INFO     | 🕯️ [USDJPYm] New M5 bar closed: 1778806800
2026-05-15 08:05:00 | INFO     | 🕯️ [USTECm] New M5 bar closed: 1778806800
2026-05-15 08:05:00 | INFO     | 🕯️ [US30m] New M5 bar closed: 1778806800
2026-05-15 08:05:00 | INFO     | 🕯️ [XAUUSDm] New M5 bar closed: 1778806800
2026-05-15 08:05:01 | INFO     | 🕯️ [AUDUSDm] New M5 bar closed: 1778806800
2026-05-15 08:05:01 | INFO     | 🕯️ [EURUSDm] New M5 bar closed: 1778806800
2026-05-15 08:05:02 | INFO     | 🕯️ [NZDUSDm] New M5 bar closed: 1778806800
2026-05-15 08:09:50 | INFO     | 
══════════════════════════════════════════════════════════════════════
  📊  STATUS V22  [08:09:50 BKK]
  Equity    : $     52.10  (-13.17%)
  DD Daily  : 0.00%   DD Total: 13.17%   Mode: NORMAL
  Session   : UNKNOWN          H4:NEUTRAL    H1:NEUTRAL   
  Global Pos: 0/3 | Floating Risk: 0.0%/12.0%
  Symbols   : XAUUSDm, EURUSDm, USDJPYm, AUDUSDm, NZDUSDm, USTECm, US30m
  Thresholds: NY=62 LDN=82 NY_EARLY=85 OOS=80
══════════════════════════════════════════════════════════════════════
2026-05-15 08:10:00 | INFO     | 🕯️ [AUDUSDm] New M5 bar closed: 1778807100
2026-05-15 08:10:00 | INFO     | 🕯️ [NZDUSDm] New M5 bar closed: 1778807100
2026-05-15 08:10:00 | INFO     | 🕯️ [XAUUSDm] New M5 bar closed: 1778807100
2026-05-15 08:10:00 | INFO     | 🕯️ [EURUSDm] New M5 bar closed: 1778807100
2026-05-15 08:10:01 | INFO     | 🕯️ [USDJPYm] New M5 bar closed: 1778807100
2026-05-15 08:10:01 | INFO     | 🕯️ [USTECm] New M5 bar closed: 1778807100
2026-05-15 08:10:01 | INFO     | 🕯️ [US30m] New M5 bar closed: 1778807100
2026-05-15 08:14:50 | INFO     | 
══════════════════════════════════════════════════════════════════════
  📊  STATUS V22  [08:14:50 BKK]
  Equity    : $     52.10  (-13.17%)
  DD Daily  : 0.00%   DD Total: 13.17%   Mode: NORMAL
  Session   : UNKNOWN          H4:NEUTRAL    H1:NEUTRAL   
  Global Pos: 0/3 | Floating Risk: 0.0%/12.0%
  Symbols   : XAUUSDm, EURUSDm, USDJPYm, AUDUSDm, NZDUSDm, USTECm, US30m
  Thresholds: NY=62 LDN=82 NY_EARLY=85 OOS=80
══════════════════════════════════════════════════════════════════════
2026-05-15 08:15:00 | INFO     | 🕯️ [USDJPYm] New M5 bar closed: 1778807400
2026-05-15 08:15:00 | INFO     | 🕯️ [AUDUSDm] New M5 bar closed: 1778807400
2026-05-15 08:15:00 | INFO     | 🕯️ [USTECm] New M5 bar closed: 1778807400
2026-05-15 08:15:00 | INFO     | 🕯️ [US30m] New M5 bar closed: 1778807400
2026-05-15 08:15:00 | INFO     | 🕯️ [XAUUSDm] New M5 bar closed: 1778807400
2026-05-15 08:15:00 | INFO     | 🕯️ [EURUSDm] New M5 bar closed: 1778807400
2026-05-15 08:15:01 | INFO     | 🕯️ [NZDUSDm] New M5 bar closed: 1778807400
2026-05-15 08:19:50 | INFO     | 
══════════════════════════════════════════════════════════════════════
  📊  STATUS V22  [08:19:50 BKK]
  Equity    : $     52.10  (-13.17%)
  DD Daily  : 0.00%   DD Total: 13.17%   Mode: NORMAL
  Session   : UNKNOWN          H4:NEUTRAL    H1:NEUTRAL   
  Global Pos: 0/3 | Floating Risk: 0.0%/12.0%
  Symbols   : XAUUSDm, EURUSDm, USDJPYm, AUDUSDm, NZDUSDm, USTECm, US30m
  Thresholds: NY=62 LDN=82 NY_EARLY=85 OOS=80
══════════════════════════════════════════════════════════════════════
2026-05-15 08:20:00 | INFO     | 🕯️ [USDJPYm] New M5 bar closed: 1778807700
2026-05-15 08:20:00 | INFO     | 🕯️ [USTECm] New M5 bar closed: 1778807700
2026-05-15 08:20:00 | INFO     | 🕯️ [US30m] New M5 bar closed: 1778807700
2026-05-15 08:20:00 | INFO     | 🕯️ [XAUUSDm] New M5 bar closed: 1778807700
2026-05-15 08:20:01 | INFO     | 🕯️ [EURUSDm] New M5 bar closed: 1778807700
2026-05-15 08:20:01 | INFO     | 🕯️ [AUDUSDm] New M5 bar closed: 1778807700
2026-05-15 08:20:01 | INFO     | 🕯️ [NZDUSDm] New M5 bar closed: 1778807700
2026-05-15 08:24:50 | INFO     | 
══════════════════════════════════════════════════════════════════════
  📊  STATUS V22  [08:24:50 BKK]
  Equity    : $     52.10  (-13.17%)
  DD Daily  : 0.00%   DD Total: 13.17%   Mode: NORMAL
  Session   : UNKNOWN          H4:NEUTRAL    H1:NEUTRAL   
  Global Pos: 0/3 | Floating Risk: 0.0%/12.0%
  Symbols   : XAUUSDm, EURUSDm, USDJPYm, AUDUSDm, NZDUSDm, USTECm, US30m
  Thresholds: NY=62 LDN=82 NY_EARLY=85 OOS=80
══════════════════════════════════════════════════════════════════════
2026-05-15 08:24:59 | INFO     | 🕯️ [XAUUSDm] New M5 bar closed: 1778808000
2026-05-15 08:25:00 | INFO     | 🕯️ [USDJPYm] New M5 bar closed: 1778808000
2026-05-15 08:25:00 | INFO     | 🕯️ [AUDUSDm] New M5 bar closed: 1778808000
2026-05-15 08:25:00 | INFO     | 🕯️ [USTECm] New M5 bar closed: 1778808000
2026-05-15 08:25:00 | INFO     | 🕯️ [US30m] New M5 bar closed: 1778808000
2026-05-15 08:25:01 | INFO     | 🕯️ [EURUSDm] New M5 bar closed: 1778808000
2026-05-15 08:25:01 | INFO     | 🕯️ [NZDUSDm] New M5 bar closed: 1778808000
2026-05-15 08:29:50 | INFO     | 
══════════════════════════════════════════════════════════════════════
  📊  STATUS V22  [08:29:50 BKK]
  Equity    : $     52.10  (-13.17%)
  DD Daily  : 0.00%   DD Total: 13.17%   Mode: NORMAL
  Session   : UNKNOWN          H4:NEUTRAL    H1:NEUTRAL   
  Global Pos: 0/3 | Floating Risk: 0.0%/12.0%
  Symbols   : XAUUSDm, EURUSDm, USDJPYm, AUDUSDm, NZDUSDm, USTECm, US30m
  Thresholds: NY=62 LDN=82 NY_EARLY=85 OOS=80
══════════════════════════════════════════════════════════════════════
2026-05-15 08:29:59 | INFO     | 🕯️ [XAUUSDm] New M5 bar closed: 1778808300
2026-05-15 08:30:00 | INFO     | 🕯️ [EURUSDm] New M5 bar closed: 1778808300
2026-05-15 08:30:00 | INFO     | 🕯️ [AUDUSDm] New M5 bar closed: 1778808300
2026-05-15 08:30:00 | INFO     | 🕯️ [NZDUSDm] New M5 bar closed: 1778808300
2026-05-15 08:30:00 | INFO     | 🕯️ [USTECm] New M5 bar closed: 1778808300
2026-05-15 08:30:00 | INFO     | 🕯️ [US30m] New M5 bar closed: 1778808300
2026-05-15 08:30:01 | INFO     | 🕯️ [USDJPYm] New M5 bar closed: 1778808300
2026-05-15 08:34:50 | INFO     | 
══════════════════════════════════════════════════════════════════════
  📊  STATUS V22  [08:34:50 BKK]
  Equity    : $     52.10  (-13.17%)
  DD Daily  : 0.00%   DD Total: 13.17%   Mode: NORMAL
  Session   : UNKNOWN          H4:NEUTRAL    H1:NEUTRAL   
  Global Pos: 0/3 | Floating Risk: 0.0%/12.0%
  Symbols   : XAUUSDm, EURUSDm, USDJPYm, AUDUSDm, NZDUSDm, USTECm, US30m
  Thresholds: NY=62 LDN=82 NY_EARLY=85 OOS=80
══════════════════════════════════════════════════════════════════════
2026-05-15 08:35:00 | INFO     | 🕯️ [XAUUSDm] New M5 bar closed: 1778808600
2026-05-15 08:35:00 | INFO     | 🕯️ [USDJPYm] New M5 bar closed: 1778808600
2026-05-15 08:35:00 | INFO     | 🕯️ [AUDUSDm] New M5 bar closed: 1778808600
2026-05-15 08:35:00 | INFO     | 🕯️ [NZDUSDm] New M5 bar closed: 1778808600
2026-05-15 08:35:00 | INFO     | 🕯️ [USTECm] New M5 bar closed: 1778808600
2026-05-15 08:35:00 | INFO     | 🕯️ [US30m] New M5 bar closed: 1778808600
2026-05-15 08:35:01 | INFO     | 🕯️ [EURUSDm] New M5 bar closed: 1778808600
2026-05-15 08:39:50 | INFO     | 
══════════════════════════════════════════════════════════════════════
  📊  STATUS V22  [08:39:50 BKK]
  Equity    : $     52.10  (-13.17%)
  DD Daily  : 0.00%   DD Total: 13.17%   Mode: NORMAL
  Session   : UNKNOWN          H4:NEUTRAL    H1:NEUTRAL   
  Global Pos: 0/3 | Floating Risk: 0.0%/12.0%
  Symbols   : XAUUSDm, EURUSDm, USDJPYm, AUDUSDm, NZDUSDm, USTECm, US30m
  Thresholds: NY=62 LDN=82 NY_EARLY=85 OOS=80
══════════════════════════════════════════════════════════════════════
2026-05-15 08:40:00 | INFO     | 🕯️ [XAUUSDm] New M5 bar closed: 1778808900
2026-05-15 08:40:00 | INFO     | 🕯️ [USDJPYm] New M5 bar closed: 1778808900
2026-05-15 08:40:00 | INFO     | 🕯️ [NZDUSDm] New M5 bar closed: 1778808900
2026-05-15 08:40:00 | INFO     | 🕯️ [USTECm] New M5 bar closed: 1778808900
2026-05-15 08:40:00 | INFO     | 🕯️ [US30m] New M5 bar closed: 1778808900
2026-05-15 08:40:01 | INFO     | 🕯️ [EURUSDm] New M5 bar closed: 1778808900
2026-05-15 08:40:01 | INFO     | 🕯️ [AUDUSDm] New M5 bar closed: 1778808900
2026-05-15 08:44:50 | INFO     | 
══════════════════════════════════════════════════════════════════════
  📊  STATUS V22  [08:44:50 BKK]
  Equity    : $     52.10  (-13.17%)
  DD Daily  : 0.00%   DD Total: 13.17%   Mode: NORMAL
  Session   : UNKNOWN          H4:NEUTRAL    H1:NEUTRAL   
  Global Pos: 0/3 | Floating Risk: 0.0%/12.0%
  Symbols   : XAUUSDm, EURUSDm, USDJPYm, AUDUSDm, NZDUSDm, USTECm, US30m
  Thresholds: NY=62 LDN=82 NY_EARLY=85 OOS=80
══════════════════════════════════════════════════════════════════════
2026-05-15 08:45:00 | INFO     | 🕯️ [XAUUSDm] New M5 bar closed: 1778809200
2026-05-15 08:45:00 | INFO     | 🕯️ [EURUSDm] New M5 bar closed: 1778809200
2026-05-15 08:45:00 | INFO     | 🕯️ [USDJPYm] New M5 bar closed: 1778809200
2026-05-15 08:45:00 | INFO     | 🕯️ [AUDUSDm] New M5 bar closed: 1778809200
2026-05-15 08:45:00 | INFO     | 🕯️ [NZDUSDm] New M5 bar closed: 1778809200
2026-05-15 08:45:00 | INFO     | 🕯️ [USTECm] New M5 bar closed: 1778809200
2026-05-15 08:45:00 | INFO     | 🕯️ [US30m] New M5 bar closed: 1778809200
2026-05-15 08:49:50 | INFO     | 
══════════════════════════════════════════════════════════════════════
  📊  STATUS V22  [08:49:50 BKK]
  Equity    : $     52.10  (-13.17%)
  DD Daily  : 0.00%   DD Total: 13.17%   Mode: NORMAL
  Session   : UNKNOWN          H4:NEUTRAL    H1:NEUTRAL   
  Global Pos: 0/3 | Floating Risk: 0.0%/12.0%
  Symbols   : XAUUSDm, EURUSDm, USDJPYm, AUDUSDm, NZDUSDm, USTECm, US30m
  Thresholds: NY=62 LDN=82 NY_EARLY=85 OOS=80
══════════════════════════════════════════════════════════════════════
2026-05-15 08:50:00 | INFO     | 🕯️ [XAUUSDm] New M5 bar closed: 1778809500
2026-05-15 08:50:00 | INFO     | 🕯️ [EURUSDm] New M5 bar closed: 1778809500
2026-05-15 08:50:00 | INFO     | 🕯️ [NZDUSDm] New M5 bar closed: 1778809500
2026-05-15 08:50:00 | INFO     | 🕯️ [USTECm] New M5 bar closed: 1778809500
2026-05-15 08:50:00 | INFO     | 🕯️ [US30m] New M5 bar closed: 1778809500
2026-05-15 08:50:01 | INFO     | 🕯️ [USDJPYm] New M5 bar closed: 1778809500
2026-05-15 08:50:01 | INFO     | 🕯️ [AUDUSDm] New M5 bar closed: 1778809500
2026-05-15 08:54:50 | INFO     | 
══════════════════════════════════════════════════════════════════════
  📊  STATUS V22  [08:54:50 BKK]
  Equity    : $     52.10  (-13.17%)
  DD Daily  : 0.00%   DD Total: 13.17%   Mode: NORMAL
  Session   : UNKNOWN          H4:NEUTRAL    H1:NEUTRAL   
  Global Pos: 0/3 | Floating Risk: 0.0%/12.0%
  Symbols   : XAUUSDm, EURUSDm, USDJPYm, AUDUSDm, NZDUSDm, USTECm, US30m
  Thresholds: NY=62 LDN=82 NY_EARLY=85 OOS=80
══════════════════════════════════════════════════════════════════════
2026-05-15 08:55:00 | INFO     | 🕯️ [XAUUSDm] New M5 bar closed: 1778809800
2026-05-15 08:55:00 | INFO     | 🕯️ [USDJPYm] New M5 bar closed: 1778809800
2026-05-15 08:55:00 | INFO     | 🕯️ [AUDUSDm] New M5 bar closed: 1778809800
2026-05-15 08:55:00 | INFO     | 🕯️ [USTECm] New M5 bar closed: 1778809800
2026-05-15 08:55:00 | INFO     | 🕯️ [US30m] New M5 bar closed: 1778809800
2026-05-15 08:55:01 | INFO     | 🕯️ [EURUSDm] New M5 bar closed: 1778809800
2026-05-15 08:55:01 | INFO     | 🕯️ [NZDUSDm] New M5 bar closed: 1778809800
2026-05-15 08:59:51 | INFO     | 
══════════════════════════════════════════════════════════════════════
  📊  STATUS V22  [08:59:51 BKK]
  Equity    : $     52.10  (-13.17%)
  DD Daily  : 0.00%   DD Total: 13.17%   Mode: NORMAL
  Session   : UNKNOWN          H4:NEUTRAL    H1:NEUTRAL   
  Global Pos: 0/3 | Floating Risk: 0.0%/12.0%
  Symbols   : XAUUSDm, EURUSDm, USDJPYm, AUDUSDm, NZDUSDm, USTECm, US30m
  Thresholds: NY=62 LDN=82 NY_EARLY=85 OOS=80
══════════════════════════════════════════════════════════════════════
2026-05-15 08:59:59 | INFO     | 🕯️ [US30m] New M5 bar closed: 1778810100
2026-05-15 09:00:00 | INFO     | 🕯️ [XAUUSDm] New M5 bar closed: 1778810100
2026-05-15 09:00:00 | INFO     | 🕯️ [USDJPYm] New M5 bar closed: 1778810100
2026-05-15 09:00:00 | INFO     | 🕯️ [AUDUSDm] New M5 bar closed: 1778810100
2026-05-15 09:00:00 | INFO     | 🕯️ [NZDUSDm] New M5 bar closed: 1778810100
2026-05-15 09:00:00 | INFO     | 🕯️ [USTECm] New M5 bar closed: 1778810100
2026-05-15 09:00:01 | INFO     | 🕯️ [EURUSDm] New M5 bar closed: 1778810100
2026-05-15 09:04:51 | INFO     | 
══════════════════════════════════════════════════════════════════════
  📊  STATUS V22  [09:04:51 BKK]
  Equity    : $     52.10  (-13.17%)
  DD Daily  : 0.00%   DD Total: 13.17%   Mode: NORMAL
  Session   : UNKNOWN          H4:NEUTRAL    H1:NEUTRAL   
  Global Pos: 0/3 | Floating Risk: 0.0%/12.0%
  Symbols   : XAUUSDm, EURUSDm, USDJPYm, AUDUSDm, NZDUSDm, USTECm, US30m
  Thresholds: NY=62 LDN=82 NY_EARLY=85 OOS=80
══════════════════════════════════════════════════════════════════════
2026-05-15 09:05:00 | INFO     | 🕯️ [US30m] New M5 bar closed: 1778810400
2026-05-15 09:05:00 | INFO     | 🕯️ [XAUUSDm] New M5 bar closed: 1778810400
2026-05-15 09:05:00 | INFO     | 🕯️ [EURUSDm] New M5 bar closed: 1778810400
2026-05-15 09:05:00 | INFO     | 🕯️ [USDJPYm] New M5 bar closed: 1778810400
2026-05-15 09:05:00 | INFO     | 🕯️ [AUDUSDm] New M5 bar closed: 1778810400
2026-05-15 09:05:00 | INFO     | 🕯️ [NZDUSDm] New M5 bar closed: 1778810400
2026-05-15 09:05:00 | INFO     | 🕯️ [USTECm] New M5 bar closed: 1778810400
2026-05-15 09:09:51 | INFO     | 
══════════════════════════════════════════════════════════════════════
  📊  STATUS V22  [09:09:51 BKK]
  Equity    : $     52.10  (-13.17%)
  DD Daily  : 0.00%   DD Total: 13.17%   Mode: NORMAL
  Session   : UNKNOWN          H4:NEUTRAL    H1:NEUTRAL   
  Global Pos: 0/3 | Floating Risk: 0.0%/12.0%
  Symbols   : XAUUSDm, EURUSDm, USDJPYm, AUDUSDm, NZDUSDm, USTECm, US30m
  Thresholds: NY=62 LDN=82 NY_EARLY=85 OOS=80
══════════════════════════════════════════════════════════════════════
2026-05-15 09:09:59 | INFO     | 🕯️ [USTECm] New M5 bar closed: 1778810700
2026-05-15 09:10:00 | INFO     | 🕯️ [US30m] New M5 bar closed: 1778810700
2026-05-15 09:10:00 | INFO     | 🕯️ [XAUUSDm] New M5 bar closed: 1778810700
2026-05-15 09:10:00 | INFO     | 🕯️ [EURUSDm] New M5 bar closed: 1778810700
2026-05-15 09:10:00 | INFO     | 🕯️ [USDJPYm] New M5 bar closed: 1778810700
2026-05-15 09:10:00 | INFO     | 🕯️ [AUDUSDm] New M5 bar closed: 1778810700
2026-05-15 09:10:00 | INFO     | 🕯️ [NZDUSDm] New M5 bar closed: 1778810700
2026-05-15 09:14:51 | INFO     | 
══════════════════════════════════════════════════════════════════════
  📊  STATUS V22  [09:14:51 BKK]
  Equity    : $     52.10  (-13.17%)
  DD Daily  : 0.00%   DD Total: 13.17%   Mode: NORMAL
  Session   : UNKNOWN          H4:NEUTRAL    H1:NEUTRAL   
  Global Pos: 0/3 | Floating Risk: 0.0%/12.0%
  Symbols   : XAUUSDm, EURUSDm, USDJPYm, AUDUSDm, NZDUSDm, USTECm, US30m
  Thresholds: NY=62 LDN=82 NY_EARLY=85 OOS=80
══════════════════════════════════════════════════════════════════════
2026-05-15 09:15:00 | INFO     | 🕯️ [USTECm] New M5 bar closed: 1778811000
2026-05-15 09:15:00 | INFO     | 🕯️ [XAUUSDm] New M5 bar closed: 1778811000
2026-05-15 09:15:00 | INFO     | 🕯️ [EURUSDm] New M5 bar closed: 1778811000
2026-05-15 09:15:00 | INFO     | 🕯️ [USDJPYm] New M5 bar closed: 1778811000
2026-05-15 09:15:00 | INFO     | 🕯️ [AUDUSDm] New M5 bar closed: 1778811000
2026-05-15 09:15:01 | INFO     | 🕯️ [NZDUSDm] New M5 bar closed: 1778811000
2026-05-15 09:15:01 | INFO     | 🕯️ [US30m] New M5 bar closed: 1778811000
2026-05-15 09:19:51 | INFO     | 
══════════════════════════════════════════════════════════════════════
  📊  STATUS V22  [09:19:51 BKK]
  Equity    : $     52.10  (-13.17%)
  DD Daily  : 0.00%   DD Total: 13.17%   Mode: NORMAL
  Session   : UNKNOWN          H4:NEUTRAL    H1:NEUTRAL   
  Global Pos: 0/3 | Floating Risk: 0.0%/12.0%
  Symbols   : XAUUSDm, EURUSDm, USDJPYm, AUDUSDm, NZDUSDm, USTECm, US30m
  Thresholds: NY=62 LDN=82 NY_EARLY=85 OOS=80
══════════════════════════════════════════════════════════════════════
2026-05-15 09:20:00 | INFO     | 🕯️ [NZDUSDm] New M5 bar closed: 1778811300
2026-05-15 09:20:00 | INFO     | 🕯️ [USTECm] New M5 bar closed: 1778811300
2026-05-15 09:20:00 | INFO     | 🕯️ [US30m] New M5 bar closed: 1778811300
2026-05-15 09:20:00 | INFO     | 🕯️ [XAUUSDm] New M5 bar closed: 1778811300
2026-05-15 09:20:00 | INFO     | 🕯️ [USDJPYm] New M5 bar closed: 1778811300
2026-05-15 09:20:00 | INFO     | 🕯️ [AUDUSDm] New M5 bar closed: 1778811300
2026-05-15 09:20:01 | INFO     | 🕯️ [EURUSDm] New M5 bar closed: 1778811300
2026-05-15 09:24:51 | INFO     | 
══════════════════════════════════════════════════════════════════════
  📊  STATUS V22  [09:24:51 BKK]
  Equity    : $     52.10  (-13.17%)
  DD Daily  : 0.00%   DD Total: 13.17%   Mode: NORMAL
  Session   : UNKNOWN          H4:NEUTRAL    H1:NEUTRAL   
  Global Pos: 0/3 | Floating Risk: 0.0%/12.0%
  Symbols   : XAUUSDm, EURUSDm, USDJPYm, AUDUSDm, NZDUSDm, USTECm, US30m
  Thresholds: NY=62 LDN=82 NY_EARLY=85 OOS=80
══════════════════════════════════════════════════════════════════════
2026-05-15 09:24:59 | INFO     | 🕯️ [USDJPYm] New M5 bar closed: 1778811600
2026-05-15 09:25:00 | INFO     | 🕯️ [AUDUSDm] New M5 bar closed: 1778811600
2026-05-15 09:25:00 | INFO     | 🕯️ [NZDUSDm] New M5 bar closed: 1778811600
2026-05-15 09:25:00 | INFO     | 🕯️ [USTECm] New M5 bar closed: 1778811600
2026-05-15 09:25:00 | INFO     | 🕯️ [US30m] New M5 bar closed: 1778811600
2026-05-15 09:25:00 | INFO     | 🕯️ [XAUUSDm] New M5 bar closed: 1778811600
2026-05-15 09:25:01 | INFO     | 🕯️ [EURUSDm] New M5 bar closed: 1778811600
2026-05-15 09:29:51 | INFO     | 
══════════════════════════════════════════════════════════════════════
  📊  STATUS V22  [09:29:51 BKK]
  Equity    : $     52.10  (-13.17%)
  DD Daily  : 0.00%   DD Total: 13.17%   Mode: NORMAL
  Session   : UNKNOWN          H4:NEUTRAL    H1:NEUTRAL   
  Global Pos: 0/3 | Floating Risk: 0.0%/12.0%
  Symbols   : XAUUSDm, EURUSDm, USDJPYm, AUDUSDm, NZDUSDm, USTECm, US30m
  Thresholds: NY=62 LDN=82 NY_EARLY=85 OOS=80
══════════════════════════════════════════════════════════════════════
2026-05-15 09:30:00 | INFO     | 🕯️ [NZDUSDm] New M5 bar closed: 1778811900
2026-05-15 09:30:00 | INFO     | 🕯️ [USTECm] New M5 bar closed: 1778811900
2026-05-15 09:30:00 | INFO     | 🕯️ [US30m] New M5 bar closed: 1778811900
2026-05-15 09:30:00 | INFO     | 🕯️ [XAUUSDm] New M5 bar closed: 1778811900
2026-05-15 09:30:00 | INFO     | 🕯️ [EURUSDm] New M5 bar closed: 1778811900
2026-05-15 09:30:00 | INFO     | 🕯️ [USDJPYm] New M5 bar closed: 1778811900
2026-05-15 09:30:01 | INFO     | 🕯️ [AUDUSDm] New M5 bar closed: 1778811900
2026-05-15 09:34:51 | INFO     | 
══════════════════════════════════════════════════════════════════════
  📊  STATUS V22  [09:34:51 BKK]
  Equity    : $     52.10  (-13.17%)
  DD Daily  : 0.00%   DD Total: 13.17%   Mode: NORMAL
  Session   : UNKNOWN          H4:NEUTRAL    H1:NEUTRAL   
  Global Pos: 0/3 | Floating Risk: 0.0%/12.0%
  Symbols   : XAUUSDm, EURUSDm, USDJPYm, AUDUSDm, NZDUSDm, USTECm, US30m
  Thresholds: NY=62 LDN=82 NY_EARLY=85 OOS=80
══════════════════════════════════════════════════════════════════════
2026-05-15 09:35:00 | INFO     | 🕯️ [AUDUSDm] New M5 bar closed: 1778812200
2026-05-15 09:35:00 | INFO     | 🕯️ [NZDUSDm] New M5 bar closed: 1778812200
2026-05-15 09:35:00 | INFO     | 🕯️ [USTECm] New M5 bar closed: 1778812200
2026-05-15 09:35:00 | INFO     | 🕯️ [XAUUSDm] New M5 bar closed: 1778812200
2026-05-15 09:35:00 | INFO     | 🕯️ [EURUSDm] New M5 bar closed: 1778812200
2026-05-15 09:35:01 | INFO     | 🕯️ [USDJPYm] New M5 bar closed: 1778812200
2026-05-15 09:35:03 | INFO     | 🕯️ [US30m] New M5 bar closed: 1778812200
2026-05-15 09:39:51 | INFO     | 
══════════════════════════════════════════════════════════════════════
  📊  STATUS V22  [09:39:51 BKK]
  Equity    : $     52.10  (-13.17%)
  DD Daily  : 0.00%   DD Total: 13.17%   Mode: NORMAL
  Session   : UNKNOWN          H4:NEUTRAL    H1:NEUTRAL   
  Global Pos: 0/3 | Floating Risk: 0.0%/12.0%
  Symbols   : XAUUSDm, EURUSDm, USDJPYm, AUDUSDm, NZDUSDm, USTECm, US30m
  Thresholds: NY=62 LDN=82 NY_EARLY=85 OOS=80
══════════════════════════════════════════════════════════════════════
2026-05-15 09:40:00 | INFO     | 🕯️ [USTECm] New M5 bar closed: 1778812500
2026-05-15 09:40:00 | INFO     | 🕯️ [US30m] New M5 bar closed: 1778812500
2026-05-15 09:40:00 | INFO     | 🕯️ [XAUUSDm] New M5 bar closed: 1778812500
2026-05-15 09:40:01 | INFO     | 🕯️ [EURUSDm] New M5 bar closed: 1778812500
2026-05-15 09:40:01 | INFO     | 🕯️ [USDJPYm] New M5 bar closed: 1778812500
2026-05-15 09:40:01 | INFO     | 🕯️ [AUDUSDm] New M5 bar closed: 1778812500
2026-05-15 09:40:01 | INFO     | 🕯️ [NZDUSDm] New M5 bar closed: 1778812500
2026-05-15 09:44:51 | INFO     | 
══════════════════════════════════════════════════════════════════════
  📊  STATUS V22  [09:44:51 BKK]
  Equity    : $     52.10  (-13.17%)
  DD Daily  : 0.00%   DD Total: 13.17%   Mode: NORMAL
  Session   : UNKNOWN          H4:NEUTRAL    H1:NEUTRAL   
  Global Pos: 0/3 | Floating Risk: 0.0%/12.0%
  Symbols   : XAUUSDm, EURUSDm, USDJPYm, AUDUSDm, NZDUSDm, USTECm, US30m
  Thresholds: NY=62 LDN=82 NY_EARLY=85 OOS=80
══════════════════════════════════════════════════════════════════════
2026-05-15 09:45:00 | INFO     | 🕯️ [USTECm] New M5 bar closed: 1778812800
2026-05-15 09:45:00 | INFO     | 🕯️ [US30m] New M5 bar closed: 1778812800
2026-05-15 09:45:00 | INFO     | 🕯️ [XAUUSDm] New M5 bar closed: 1778812800
2026-05-15 09:45:01 | INFO     | 🕯️ [EURUSDm] New M5 bar closed: 1778812800
2026-05-15 09:45:01 | INFO     | 🕯️ [USDJPYm] New M5 bar closed: 1778812800
2026-05-15 09:45:01 | INFO     | 🕯️ [AUDUSDm] New M5 bar closed: 1778812800
2026-05-15 09:45:01 | INFO     | 🕯️ [NZDUSDm] New M5 bar closed: 1778812800
2026-05-15 09:49:51 | INFO     | 
══════════════════════════════════════════════════════════════════════
  📊  STATUS V22  [09:49:51 BKK]
  Equity    : $     52.10  (-13.17%)
  DD Daily  : 0.00%   DD Total: 13.17%   Mode: NORMAL
  Session   : UNKNOWN          H4:NEUTRAL    H1:NEUTRAL   
  Global Pos: 0/3 | Floating Risk: 0.0%/12.0%
  Symbols   : XAUUSDm, EURUSDm, USDJPYm, AUDUSDm, NZDUSDm, USTECm, US30m
  Thresholds: NY=62 LDN=82 NY_EARLY=85 OOS=80
══════════════════════════════════════════════════════════════════════
2026-05-15 09:50:00 | INFO     | 🕯️ [AUDUSDm] New M5 bar closed: 1778813100
2026-05-15 09:50:00 | INFO     | 🕯️ [NZDUSDm] New M5 bar closed: 1778813100
2026-05-15 09:50:00 | INFO     | 🕯️ [USTECm] New M5 bar closed: 1778813100
2026-05-15 09:50:00 | INFO     | 🕯️ [US30m] New M5 bar closed: 1778813100
2026-05-15 09:50:01 | INFO     | 🕯️ [XAUUSDm] New M5 bar closed: 1778813100
2026-05-15 09:50:01 | INFO     | 🕯️ [EURUSDm] New M5 bar closed: 1778813100
2026-05-15 09:50:01 | INFO     | 🕯️ [USDJPYm] New M5 bar closed: 1778813100
2026-05-15 09:54:51 | INFO     | 
══════════════════════════════════════════════════════════════════════
  📊  STATUS V22  [09:54:51 BKK]
  Equity    : $     52.10  (-13.17%)
  DD Daily  : 0.00%   DD Total: 13.17%   Mode: NORMAL
  Session   : UNKNOWN          H4:NEUTRAL    H1:NEUTRAL   
  Global Pos: 0/3 | Floating Risk: 0.0%/12.0%
  Symbols   : XAUUSDm, EURUSDm, USDJPYm, AUDUSDm, NZDUSDm, USTECm, US30m
  Thresholds: NY=62 LDN=82 NY_EARLY=85 OOS=80
══════════════════════════════════════════════════════════════════════
2026-05-15 09:55:00 | INFO     | 🕯️ [XAUUSDm] New M5 bar closed: 1778813400
2026-05-15 09:55:00 | INFO     | 🕯️ [EURUSDm] New M5 bar closed: 1778813400
2026-05-15 09:55:00 | INFO     | 🕯️ [AUDUSDm] New M5 bar closed: 1778813400
2026-05-15 09:55:00 | INFO     | 🕯️ [NZDUSDm] New M5 bar closed: 1778813400
2026-05-15 09:55:00 | INFO     | 🕯️ [USTECm] New M5 bar closed: 1778813400
2026-05-15 09:55:00 | INFO     | 🕯️ [US30m] New M5 bar closed: 1778813400
2026-05-15 09:55:01 | INFO     | 🕯️ [USDJPYm] New M5 bar closed: 1778813400
2026-05-15 09:59:51 | INFO     | 
══════════════════════════════════════════════════════════════════════
  📊  STATUS V22  [09:59:51 BKK]
  Equity    : $     52.10  (-13.17%)
  DD Daily  : 0.00%   DD Total: 13.17%   Mode: NORMAL
  Session   : UNKNOWN          H4:NEUTRAL    H1:NEUTRAL   
  Global Pos: 0/3 | Floating Risk: 0.0%/12.0%
  Symbols   : XAUUSDm, EURUSDm, USDJPYm, AUDUSDm, NZDUSDm, USTECm, US30m
  Thresholds: NY=62 LDN=82 NY_EARLY=85 OOS=80
══════════════════════════════════════════════════════════════════════
2026-05-15 10:00:00 | INFO     | 🕯️ [XAUUSDm] New M5 bar closed: 1778813700
2026-05-15 10:00:00 | INFO     | 🕯️ [EURUSDm] New M5 bar closed: 1778813700
2026-05-15 10:00:00 | INFO     | 🕯️ [AUDUSDm] New M5 bar closed: 1778813700
2026-05-15 10:00:00 | INFO     | 🕯️ [USTECm] New M5 bar closed: 1778813700
2026-05-15 10:00:00 | INFO     | 🕯️ [US30m] New M5 bar closed: 1778813700
2026-05-15 10:00:01 | INFO     | 🕯️ [USDJPYm] New M5 bar closed: 1778813700
2026-05-15 10:00:01 | INFO     | 🕯️ [NZDUSDm] New M5 bar closed: 1778813700
2026-05-15 10:04:51 | INFO     | 
══════════════════════════════════════════════════════════════════════
  📊  STATUS V22  [10:04:51 BKK]
  Equity    : $     52.10  (-13.17%)
  DD Daily  : 0.00%   DD Total: 13.17%   Mode: NORMAL
  Session   : UNKNOWN          H4:NEUTRAL    H1:NEUTRAL   
  Global Pos: 0/3 | Floating Risk: 0.0%/12.0%
  Symbols   : XAUUSDm, EURUSDm, USDJPYm, AUDUSDm, NZDUSDm, USTECm, US30m
  Thresholds: NY=62 LDN=82 NY_EARLY=85 OOS=80
══════════════════════════════════════════════════════════════════════
2026-05-15 10:05:00 | INFO     | 🕯️ [XAUUSDm] New M5 bar closed: 1778814000
2026-05-15 10:05:00 | INFO     | 🕯️ [EURUSDm] New M5 bar closed: 1778814000
2026-05-15 10:05:00 | INFO     | 🕯️ [USTECm] New M5 bar closed: 1778814000
2026-05-15 10:05:00 | INFO     | 🕯️ [US30m] New M5 bar closed: 1778814000
2026-05-15 10:05:01 | INFO     | 🕯️ [USDJPYm] New M5 bar closed: 1778814000
2026-05-15 10:05:01 | INFO     | 🕯️ [AUDUSDm] New M5 bar closed: 1778814000
2026-05-15 10:05:01 | INFO     | 🕯️ [NZDUSDm] New M5 bar closed: 1778814000
2026-05-15 10:09:51 | INFO     | 
══════════════════════════════════════════════════════════════════════
  📊  STATUS V22  [10:09:51 BKK]
  Equity    : $     52.10  (-13.17%)
  DD Daily  : 0.00%   DD Total: 13.17%   Mode: NORMAL
  Session   : UNKNOWN          H4:NEUTRAL    H1:NEUTRAL   
  Global Pos: 0/3 | Floating Risk: 0.0%/12.0%
  Symbols   : XAUUSDm, EURUSDm, USDJPYm, AUDUSDm, NZDUSDm, USTECm, US30m
  Thresholds: NY=62 LDN=82 NY_EARLY=85 OOS=80
══════════════════════════════════════════════════════════════════════
2026-05-15 10:10:00 | INFO     | 🕯️ [XAUUSDm] New M5 bar closed: 1778814300
2026-05-15 10:10:00 | INFO     | 🕯️ [EURUSDm] New M5 bar closed: 1778814300
2026-05-15 10:10:00 | INFO     | 🕯️ [AUDUSDm] New M5 bar closed: 1778814300
2026-05-15 10:10:00 | INFO     | 🕯️ [NZDUSDm] New M5 bar closed: 1778814300
2026-05-15 10:10:00 | INFO     | 🕯️ [USTECm] New M5 bar closed: 1778814300
2026-05-15 10:10:00 | INFO     | 🕯️ [US30m] New M5 bar closed: 1778814300
2026-05-15 10:10:01 | INFO     | 🕯️ [USDJPYm] New M5 bar closed: 1778814300
2026-05-15 10:14:51 | INFO     | 
══════════════════════════════════════════════════════════════════════
  📊  STATUS V22  [10:14:51 BKK]
  Equity    : $     52.10  (-13.17%)
  DD Daily  : 0.00%   DD Total: 13.17%   Mode: NORMAL
  Session   : UNKNOWN          H4:NEUTRAL    H1:NEUTRAL   
  Global Pos: 0/3 | Floating Risk: 0.0%/12.0%
  Symbols   : XAUUSDm, EURUSDm, USDJPYm, AUDUSDm, NZDUSDm, USTECm, US30m
  Thresholds: NY=62 LDN=82 NY_EARLY=85 OOS=80
══════════════════════════════════════════════════════════════════════
2026-05-15 10:15:00 | INFO     | 🕯️ [XAUUSDm] New M5 bar closed: 1778814600
2026-05-15 10:15:00 | INFO     | 🕯️ [EURUSDm] New M5 bar closed: 1778814600
2026-05-15 10:15:00 | INFO     | 🕯️ [AUDUSDm] New M5 bar closed: 1778814600
2026-05-15 10:15:00 | INFO     | 🕯️ [NZDUSDm] New M5 bar closed: 1778814600
2026-05-15 10:15:00 | INFO     | 🕯️ [USTECm] New M5 bar closed: 1778814600
2026-05-15 10:15:00 | INFO     | 🕯️ [US30m] New M5 bar closed: 1778814600
2026-05-15 10:15:01 | INFO     | 🕯️ [USDJPYm] New M5 bar closed: 1778814600
2026-05-15 10:19:52 | INFO     | 
══════════════════════════════════════════════════════════════════════
  📊  STATUS V22  [10:19:52 BKK]
  Equity    : $     52.10  (-13.17%)
  DD Daily  : 0.00%   DD Total: 13.17%   Mode: NORMAL
  Session   : UNKNOWN          H4:NEUTRAL    H1:NEUTRAL   
  Global Pos: 0/3 | Floating Risk: 0.0%/12.0%
  Symbols   : XAUUSDm, EURUSDm, USDJPYm, AUDUSDm, NZDUSDm, USTECm, US30m
  Thresholds: NY=62 LDN=82 NY_EARLY=85 OOS=80
══════════════════════════════════════════════════════════════════════
2026-05-15 10:20:00 | INFO     | 🕯️ [XAUUSDm] New M5 bar closed: 1778814900
2026-05-15 10:20:00 | INFO     | 🕯️ [EURUSDm] New M5 bar closed: 1778814900
2026-05-15 10:20:00 | INFO     | 🕯️ [USDJPYm] New M5 bar closed: 1778814900
2026-05-15 10:20:00 | INFO     | 🕯️ [AUDUSDm] New M5 bar closed: 1778814900
2026-05-15 10:20:00 | INFO     | 🕯️ [NZDUSDm] New M5 bar closed: 1778814900
2026-05-15 10:20:00 | INFO     | 🕯️ [USTECm] New M5 bar closed: 1778814900
2026-05-15 10:20:13 | INFO     | 🕯️ [US30m] New M5 bar closed: 1778814900
2026-05-15 10:24:52 | INFO     | 
══════════════════════════════════════════════════════════════════════
  📊  STATUS V22  [10:24:52 BKK]
  Equity    : $     52.10  (-13.17%)
  DD Daily  : 0.00%   DD Total: 13.17%   Mode: NORMAL
  Session   : UNKNOWN          H4:NEUTRAL    H1:NEUTRAL   
  Global Pos: 0/3 | Floating Risk: 0.0%/12.0%
  Symbols   : XAUUSDm, EURUSDm, USDJPYm, AUDUSDm, NZDUSDm, USTECm, US30m
  Thresholds: NY=62 LDN=82 NY_EARLY=85 OOS=80
══════════════════════════════════════════════════════════════════════
2026-05-15 10:25:00 | INFO     | 🕯️ [US30m] New M5 bar closed: 1778815200
2026-05-15 10:25:00 | INFO     | 🕯️ [XAUUSDm] New M5 bar closed: 1778815200
2026-05-15 10:25:00 | INFO     | 🕯️ [EURUSDm] New M5 bar closed: 1778815200
2026-05-15 10:25:00 | INFO     | 🕯️ [USDJPYm] New M5 bar closed: 1778815200
2026-05-15 10:25:00 | INFO     | 🕯️ [AUDUSDm] New M5 bar closed: 1778815200
2026-05-15 10:25:00 | INFO     | 🕯️ [NZDUSDm] New M5 bar closed: 1778815200
2026-05-15 10:25:00 | INFO     | 🕯️ [USTECm] New M5 bar closed: 1778815200
2026-05-15 10:29:52 | INFO     | 
══════════════════════════════════════════════════════════════════════
  📊  STATUS V22  [10:29:52 BKK]
  Equity    : $     52.10  (-13.17%)
  DD Daily  : 0.00%   DD Total: 13.17%   Mode: NORMAL
  Session   : UNKNOWN          H4:NEUTRAL    H1:NEUTRAL   
  Global Pos: 0/3 | Floating Risk: 0.0%/12.0%
  Symbols   : XAUUSDm, EURUSDm, USDJPYm, AUDUSDm, NZDUSDm, USTECm, US30m
  Thresholds: NY=62 LDN=82 NY_EARLY=85 OOS=80
══════════════════════════════════════════════════════════════════════
2026-05-15 10:29:59 | INFO     | 🕯️ [USTECm] New M5 bar closed: 1778815500
2026-05-15 10:30:00 | INFO     | 🕯️ [US30m] New M5 bar closed: 1778815500
2026-05-15 10:30:00 | INFO     | 🕯️ [XAUUSDm] New M5 bar closed: 1778815500
2026-05-15 10:30:00 | INFO     | 🕯️ [EURUSDm] New M5 bar closed: 1778815500
2026-05-15 10:30:00 | INFO     | 🕯️ [USDJPYm] New M5 bar closed: 1778815500
2026-05-15 10:30:00 | INFO     | 🕯️ [AUDUSDm] New M5 bar closed: 1778815500
2026-05-15 10:30:00 | INFO     | 🕯️ [NZDUSDm] New M5 bar closed: 1778815500
2026-05-15 10:34:52 | INFO     | 
══════════════════════════════════════════════════════════════════════
  📊  STATUS V22  [10:34:52 BKK]
  Equity    : $     52.10  (-13.17%)
  DD Daily  : 0.00%   DD Total: 13.17%   Mode: NORMAL
  Session   : UNKNOWN          H4:NEUTRAL    H1:NEUTRAL   
  Global Pos: 0/3 | Floating Risk: 0.0%/12.0%
  Symbols   : XAUUSDm, EURUSDm, USDJPYm, AUDUSDm, NZDUSDm, USTECm, US30m
  Thresholds: NY=62 LDN=82 NY_EARLY=85 OOS=80
══════════════════════════════════════════════════════════════════════
2026-05-15 10:34:59 | INFO     | 🕯️ [AUDUSDm] New M5 bar closed: 1778815800
2026-05-15 10:35:00 | INFO     | 🕯️ [USTECm] New M5 bar closed: 1778815800
2026-05-15 10:35:00 | INFO     | 🕯️ [US30m] New M5 bar closed: 1778815800
2026-05-15 10:35:00 | INFO     | 🕯️ [XAUUSDm] New M5 bar closed: 1778815800
2026-05-15 10:35:00 | INFO     | 🕯️ [EURUSDm] New M5 bar closed: 1778815800
2026-05-15 10:35:00 | INFO     | 🕯️ [USDJPYm] New M5 bar closed: 1778815800
2026-05-15 10:35:00 | INFO     | 🕯️ [NZDUSDm] New M5 bar closed: 1778815800
2026-05-15 10:39:52 | INFO     | 
══════════════════════════════════════════════════════════════════════
  📊  STATUS V22  [10:39:52 BKK]
  Equity    : $     52.10  (-13.17%)
  DD Daily  : 0.00%   DD Total: 13.17%   Mode: NORMAL
  Session   : UNKNOWN          H4:NEUTRAL    H1:NEUTRAL   
  Global Pos: 0/3 | Floating Risk: 0.0%/12.0%
  Symbols   : XAUUSDm, EURUSDm, USDJPYm, AUDUSDm, NZDUSDm, USTECm, US30m
  Thresholds: NY=62 LDN=82 NY_EARLY=85 OOS=80
══════════════════════════════════════════════════════════════════════
2026-05-15 10:40:00 | INFO     | 🕯️ [XAUUSDm] New M5 bar closed: 1778816100
2026-05-15 10:40:00 | INFO     | 🕯️ [EURUSDm] New M5 bar closed: 1778816100
2026-05-15 10:40:00 | INFO     | 🕯️ [USDJPYm] New M5 bar closed: 1778816100
2026-05-15 10:40:00 | INFO     | 🕯️ [AUDUSDm] New M5 bar closed: 1778816100
2026-05-15 10:40:01 | INFO     | 🕯️ [NZDUSDm] New M5 bar closed: 1778816100
2026-05-15 10:40:01 | INFO     | 🕯️ [USTECm] New M5 bar closed: 1778816100
2026-05-15 10:40:01 | INFO     | 🕯️ [US30m] New M5 bar closed: 1778816100
2026-05-15 10:44:52 | INFO     | 
══════════════════════════════════════════════════════════════════════
  📊  STATUS V22  [10:44:52 BKK]
  Equity    : $     52.10  (-13.17%)
  DD Daily  : 0.00%   DD Total: 13.17%   Mode: NORMAL
  Session   : UNKNOWN          H4:NEUTRAL    H1:NEUTRAL   
  Global Pos: 0/3 | Floating Risk: 0.0%/12.0%
  Symbols   : XAUUSDm, EURUSDm, USDJPYm, AUDUSDm, NZDUSDm, USTECm, US30m
  Thresholds: NY=62 LDN=82 NY_EARLY=85 OOS=80
══════════════════════════════════════════════════════════════════════
2026-05-15 10:44:59 | INFO     | 🕯️ [USDJPYm] New M5 bar closed: 1778816400
2026-05-15 10:45:00 | INFO     | 🕯️ [NZDUSDm] New M5 bar closed: 1778816400
2026-05-15 10:45:00 | INFO     | 🕯️ [USTECm] New M5 bar closed: 1778816400
2026-05-15 10:45:00 | INFO     | 🕯️ [XAUUSDm] New M5 bar closed: 1778816400
2026-05-15 10:45:00 | INFO     | 🕯️ [EURUSDm] New M5 bar closed: 1778816400
2026-05-15 10:45:01 | INFO     | 🕯️ [AUDUSDm] New M5 bar closed: 1778816400
2026-05-15 10:45:04 | INFO     | 🕯️ [US30m] New M5 bar closed: 1778816400
2026-05-15 10:49:52 | INFO     | 
══════════════════════════════════════════════════════════════════════
  📊  STATUS V22  [10:49:52 BKK]
  Equity    : $     52.10  (-13.17%)
  DD Daily  : 0.00%   DD Total: 13.17%   Mode: NORMAL
  Session   : UNKNOWN          H4:NEUTRAL    H1:NEUTRAL   
  Global Pos: 0/3 | Floating Risk: 0.0%/12.0%
  Symbols   : XAUUSDm, EURUSDm, USDJPYm, AUDUSDm, NZDUSDm, USTECm, US30m
  Thresholds: NY=62 LDN=82 NY_EARLY=85 OOS=80
══════════════════════════════════════════════════════════════════════
2026-05-15 10:50:00 | INFO     | 🕯️ [USTECm] New M5 bar closed: 1778816700
2026-05-15 10:50:00 | INFO     | 🕯️ [XAUUSDm] New M5 bar closed: 1778816700
2026-05-15 10:50:00 | INFO     | 🕯️ [EURUSDm] New M5 bar closed: 1778816700
2026-05-15 10:50:00 | INFO     | 🕯️ [USDJPYm] New M5 bar closed: 1778816700
2026-05-15 10:50:01 | INFO     | 🕯️ [NZDUSDm] New M5 bar closed: 1778816700
2026-05-15 10:50:02 | INFO     | 🕯️ [AUDUSDm] New M5 bar closed: 1778816700
2026-05-15 10:50:05 | INFO     | 🕯️ [US30m] New M5 bar closed: 1778816700
2026-05-15 10:54:52 | INFO     | 
══════════════════════════════════════════════════════════════════════
  📊  STATUS V22  [10:54:52 BKK]
  Equity    : $     52.10  (-13.17%)
  DD Daily  : 0.00%   DD Total: 13.17%   Mode: NORMAL
  Session   : UNKNOWN          H4:NEUTRAL    H1:NEUTRAL   
  Global Pos: 0/3 | Floating Risk: 0.0%/12.0%
  Symbols   : XAUUSDm, EURUSDm, USDJPYm, AUDUSDm, NZDUSDm, USTECm, US30m
  Thresholds: NY=62 LDN=82 NY_EARLY=85 OOS=80
══════════════════════════════════════════════════════════════════════
2026-05-15 10:55:00 | INFO     | 🕯️ [AUDUSDm] New M5 bar closed: 1778817000
2026-05-15 10:55:00 | INFO     | 🕯️ [USTECm] New M5 bar closed: 1778817000
2026-05-15 10:55:00 | INFO     | 🕯️ [XAUUSDm] New M5 bar closed: 1778817000
2026-05-15 10:55:00 | INFO     | 🕯️ [EURUSDm] New M5 bar closed: 1778817000
2026-05-15 10:55:01 | INFO     | 🕯️ [USDJPYm] New M5 bar closed: 1778817000
2026-05-15 10:55:01 | INFO     | 🕯️ [NZDUSDm] New M5 bar closed: 1778817000
2026-05-15 10:55:05 | INFO     | 🕯️ [US30m] New M5 bar closed: 1778817000
2026-05-15 10:59:52 | INFO     | 
══════════════════════════════════════════════════════════════════════
  📊  STATUS V22  [10:59:52 BKK]
  Equity    : $     52.10  (-13.17%)
  DD Daily  : 0.00%   DD Total: 13.17%   Mode: NORMAL
  Session   : UNKNOWN          H4:NEUTRAL    H1:NEUTRAL   
  Global Pos: 0/3 | Floating Risk: 0.0%/12.0%
  Symbols   : XAUUSDm, EURUSDm, USDJPYm, AUDUSDm, NZDUSDm, USTECm, US30m
  Thresholds: NY=62 LDN=82 NY_EARLY=85 OOS=80
══════════════════════════════════════════════════════════════════════
2026-05-15 11:00:00 | INFO     | 🕯️ [USDJPYm] New M5 bar closed: 1778817300
2026-05-15 11:00:00 | INFO     | 🕯️ [AUDUSDm] New M5 bar closed: 1778817300
2026-05-15 11:00:00 | INFO     | 🕯️ [USTECm] New M5 bar closed: 1778817300
2026-05-15 11:00:00 | INFO     | 🕯️ [US30m] New M5 bar closed: 1778817300
2026-05-15 11:00:00 | INFO     | 🕯️ [XAUUSDm] New M5 bar closed: 1778817300
2026-05-15 11:00:01 | INFO     | 🕯️ [EURUSDm] New M5 bar closed: 1778817300
2026-05-15 11:00:01 | INFO     | 🕯️ [NZDUSDm] New M5 bar closed: 1778817300
2026-05-15 11:04:52 | INFO     | 
══════════════════════════════════════════════════════════════════════
  📊  STATUS V22  [11:04:52 BKK]
  Equity    : $     52.10  (-13.17%)
  DD Daily  : 0.00%   DD Total: 13.17%   Mode: NORMAL
  Session   : UNKNOWN          H4:NEUTRAL    H1:NEUTRAL   
  Global Pos: 0/3 | Floating Risk: 0.0%/12.0%
  Symbols   : XAUUSDm, EURUSDm, USDJPYm, AUDUSDm, NZDUSDm, USTECm, US30m
  Thresholds: NY=62 LDN=82 NY_EARLY=85 OOS=80
══════════════════════════════════════════════════════════════════════
2026-05-15 11:04:59 | INFO     | 🕯️ [XAUUSDm] New M5 bar closed: 1778817600
2026-05-15 11:05:00 | INFO     | 🕯️ [EURUSDm] New M5 bar closed: 1778817600
2026-05-15 11:05:00 | INFO     | 🕯️ [USDJPYm] New M5 bar closed: 1778817600
2026-05-15 11:05:00 | INFO     | 🕯️ [AUDUSDm] New M5 bar closed: 1778817600
2026-05-15 11:05:00 | INFO     | 🕯️ [USTECm] New M5 bar closed: 1778817600
2026-05-15 11:05:00 | INFO     | 🕯️ [US30m] New M5 bar closed: 1778817600
2026-05-15 11:05:01 | INFO     | 🕯️ [NZDUSDm] New M5 bar closed: 1778817600
2026-05-15 11:09:52 | INFO     | 
══════════════════════════════════════════════════════════════════════
  📊  STATUS V22  [11:09:52 BKK]
  Equity    : $     52.10  (-13.17%)
  DD Daily  : 0.00%   DD Total: 13.17%   Mode: NORMAL
  Session   : UNKNOWN          H4:NEUTRAL    H1:NEUTRAL   
  Global Pos: 0/3 | Floating Risk: 0.0%/12.0%
  Symbols   : XAUUSDm, EURUSDm, USDJPYm, AUDUSDm, NZDUSDm, USTECm, US30m
  Thresholds: NY=62 LDN=82 NY_EARLY=85 OOS=80
══════════════════════════════════════════════════════════════════════
2026-05-15 11:10:00 | INFO     | 🕯️ [EURUSDm] New M5 bar closed: 1778817900
2026-05-15 11:10:00 | INFO     | 🕯️ [AUDUSDm] New M5 bar closed: 1778817900
2026-05-15 11:10:00 | INFO     | 🕯️ [NZDUSDm] New M5 bar closed: 1778817900
2026-05-15 11:10:00 | INFO     | 🕯️ [USTECm] New M5 bar closed: 1778817900
2026-05-15 11:10:00 | INFO     | 🕯️ [US30m] New M5 bar closed: 1778817900
2026-05-15 11:10:01 | INFO     | 🕯️ [XAUUSDm] New M5 bar closed: 1778817900
2026-05-15 11:10:01 | INFO     | 🕯️ [USDJPYm] New M5 bar closed: 1778817900
2026-05-15 11:14:52 | INFO     | 
══════════════════════════════════════════════════════════════════════
  📊  STATUS V22  [11:14:52 BKK]
  Equity    : $     52.10  (-13.17%)
  DD Daily  : 0.00%   DD Total: 13.17%   Mode: NORMAL
  Session   : UNKNOWN          H4:NEUTRAL    H1:NEUTRAL   
  Global Pos: 0/3 | Floating Risk: 0.0%/12.0%
  Symbols   : XAUUSDm, EURUSDm, USDJPYm, AUDUSDm, NZDUSDm, USTECm, US30m
  Thresholds: NY=62 LDN=82 NY_EARLY=85 OOS=80
══════════════════════════════════════════════════════════════════════
2026-05-15 11:15:00 | INFO     | 🕯️ [EURUSDm] New M5 bar closed: 1778818200
2026-05-15 11:15:00 | INFO     | 🕯️ [NZDUSDm] New M5 bar closed: 1778818200
2026-05-15 11:15:00 | INFO     | 🕯️ [USTECm] New M5 bar closed: 1778818200
2026-05-15 11:15:01 | INFO     | 🕯️ [XAUUSDm] New M5 bar closed: 1778818200
2026-05-15 11:15:01 | INFO     | 🕯️ [USDJPYm] New M5 bar closed: 1778818200
2026-05-15 11:15:01 | INFO     | 🕯️ [AUDUSDm] New M5 bar closed: 1778818200
2026-05-15 11:15:21 | INFO     | 🕯️ [US30m] New M5 bar closed: 1778818200
2026-05-15 11:19:52 | INFO     | 
══════════════════════════════════════════════════════════════════════
  📊  STATUS V22  [11:19:52 BKK]
  Equity    : $     52.10  (-13.17%)
  DD Daily  : 0.00%   DD Total: 13.17%   Mode: NORMAL
  Session   : UNKNOWN          H4:NEUTRAL    H1:NEUTRAL   
  Global Pos: 0/3 | Floating Risk: 0.0%/12.0%
  Symbols   : XAUUSDm, EURUSDm, USDJPYm, AUDUSDm, NZDUSDm, USTECm, US30m
  Thresholds: NY=62 LDN=82 NY_EARLY=85 OOS=80
══════════════════════════════════════════════════════════════════════
2026-05-15 11:20:00 | INFO     | 🕯️ [XAUUSDm] New M5 bar closed: 1778818500
2026-05-15 11:20:00 | INFO     | 🕯️ [USTECm] New M5 bar closed: 1778818500
2026-05-15 11:20:01 | INFO     | 🕯️ [EURUSDm] New M5 bar closed: 1778818500
2026-05-15 11:20:01 | INFO     | 🕯️ [USDJPYm] New M5 bar closed: 1778818500
2026-05-15 11:20:01 | INFO     | 🕯️ [AUDUSDm] New M5 bar closed: 1778818500
2026-05-15 11:20:01 | INFO     | 🕯️ [NZDUSDm] New M5 bar closed: 1778818500
2026-05-15 11:20:02 | INFO     | 🕯️ [US30m] New M5 bar closed: 1778818500
2026-05-15 11:24:52 | INFO     | 
══════════════════════════════════════════════════════════════════════
  📊  STATUS V22  [11:24:52 BKK]
  Equity    : $     52.10  (-13.17%)
  DD Daily  : 0.00%   DD Total: 13.17%   Mode: NORMAL
  Session   : UNKNOWN          H4:NEUTRAL    H1:NEUTRAL   
  Global Pos: 0/3 | Floating Risk: 0.0%/12.0%
  Symbols   : XAUUSDm, EURUSDm, USDJPYm, AUDUSDm, NZDUSDm, USTECm, US30m
  Thresholds: NY=62 LDN=82 NY_EARLY=85 OOS=80
══════════════════════════════════════════════════════════════════════
2026-05-15 11:25:00 | INFO     | 🕯️ [EURUSDm] New M5 bar closed: 1778818800
2026-05-15 11:25:00 | INFO     | 🕯️ [AUDUSDm] New M5 bar closed: 1778818800
2026-05-15 11:25:00 | INFO     | 🕯️ [NZDUSDm] New M5 bar closed: 1778818800
2026-05-15 11:25:00 | INFO     | 🕯️ [USTECm] New M5 bar closed: 1778818800
2026-05-15 11:25:00 | INFO     | 🕯️ [US30m] New M5 bar closed: 1778818800
2026-05-15 11:25:01 | INFO     | 🕯️ [XAUUSDm] New M5 bar closed: 1778818800
2026-05-15 11:25:01 | INFO     | 🕯️ [USDJPYm] New M5 bar closed: 1778818800
2026-05-15 11:29:52 | INFO     | 
══════════════════════════════════════════════════════════════════════
  📊  STATUS V22  [11:29:52 BKK]
  Equity    : $     52.10  (-13.17%)
  DD Daily  : 0.00%   DD Total: 13.17%   Mode: NORMAL
  Session   : UNKNOWN          H4:NEUTRAL    H1:NEUTRAL   
  Global Pos: 0/3 | Floating Risk: 0.0%/12.0%
  Symbols   : XAUUSDm, EURUSDm, USDJPYm, AUDUSDm, NZDUSDm, USTECm, US30m
  Thresholds: NY=62 LDN=82 NY_EARLY=85 OOS=80
══════════════════════════════════════════════════════════════════════
2026-05-15 11:30:00 | INFO     | 🕯️ [XAUUSDm] New M5 bar closed: 1778819100
2026-05-15 11:30:00 | INFO     | 🕯️ [EURUSDm] New M5 bar closed: 1778819100
2026-05-15 11:30:00 | INFO     | 🕯️ [NZDUSDm] New M5 bar closed: 1778819100
2026-05-15 11:30:00 | INFO     | 🕯️ [USTECm] New M5 bar closed: 1778819100
2026-05-15 11:30:00 | INFO     | 🕯️ [US30m] New M5 bar closed: 1778819100
2026-05-15 11:30:01 | INFO     | 🕯️ [USDJPYm] New M5 bar closed: 1778819100
2026-05-15 11:30:01 | INFO     | 🕯️ [AUDUSDm] New M5 bar closed: 1778819100
2026-05-15 11:34:53 | INFO     | 
══════════════════════════════════════════════════════════════════════
  📊  STATUS V22  [11:34:53 BKK]
  Equity    : $     52.10  (-13.17%)
  DD Daily  : 0.00%   DD Total: 13.17%   Mode: NORMAL
  Session   : UNKNOWN          H4:NEUTRAL    H1:NEUTRAL   
  Global Pos: 0/3 | Floating Risk: 0.0%/12.0%
  Symbols   : XAUUSDm, EURUSDm, USDJPYm, AUDUSDm, NZDUSDm, USTECm, US30m
  Thresholds: NY=62 LDN=82 NY_EARLY=85 OOS=80
══════════════════════════════════════════════════════════════════════
2026-05-15 11:35:00 | INFO     | 🕯️ [XAUUSDm] New M5 bar closed: 1778819400
2026-05-15 11:35:00 | INFO     | 🕯️ [EURUSDm] New M5 bar closed: 1778819400
2026-05-15 11:35:00 | INFO     | 🕯️ [USDJPYm] New M5 bar closed: 1778819400
2026-05-15 11:35:00 | INFO     | 🕯️ [AUDUSDm] New M5 bar closed: 1778819400
2026-05-15 11:35:00 | INFO     | 🕯️ [NZDUSDm] New M5 bar closed: 1778819400
2026-05-15 11:35:00 | INFO     | 🕯️ [USTECm] New M5 bar closed: 1778819400
2026-05-15 11:35:01 | INFO     | 🕯️ [US30m] New M5 bar closed: 1778819400
2026-05-15 11:39:53 | INFO     | 
══════════════════════════════════════════════════════════════════════
  📊  STATUS V22  [11:39:53 BKK]
  Equity    : $     52.10  (-13.17%)
  DD Daily  : 0.00%   DD Total: 13.17%   Mode: NORMAL
  Session   : UNKNOWN          H4:NEUTRAL    H1:NEUTRAL   
  Global Pos: 0/3 | Floating Risk: 0.0%/12.0%
  Symbols   : XAUUSDm, EURUSDm, USDJPYm, AUDUSDm, NZDUSDm, USTECm, US30m
  Thresholds: NY=62 LDN=82 NY_EARLY=85 OOS=80
══════════════════════════════════════════════════════════════════════
2026-05-15 11:39:59 | INFO     | 🕯️ [NZDUSDm] New M5 bar closed: 1778819700
2026-05-15 11:39:59 | INFO     | 🕯️ [USTECm] New M5 bar closed: 1778819700
2026-05-15 11:40:00 | INFO     | 🕯️ [XAUUSDm] New M5 bar closed: 1778819700
2026-05-15 11:40:00 | INFO     | 🕯️ [EURUSDm] New M5 bar closed: 1778819700
2026-05-15 11:40:00 | INFO     | 🕯️ [USDJPYm] New M5 bar closed: 1778819700
2026-05-15 11:40:01 | INFO     | 🕯️ [US30m] New M5 bar closed: 1778819700
2026-05-15 11:40:01 | INFO     | 🕯️ [AUDUSDm] New M5 bar closed: 1778819700
2026-05-15 11:44:53 | INFO     | 
══════════════════════════════════════════════════════════════════════
  📊  STATUS V22  [11:44:53 BKK]
  Equity    : $     52.10  (-13.17%)
  DD Daily  : 0.00%   DD Total: 13.17%   Mode: NORMAL
  Session   : UNKNOWN          H4:NEUTRAL    H1:NEUTRAL   
  Global Pos: 0/3 | Floating Risk: 0.0%/12.0%
  Symbols   : XAUUSDm, EURUSDm, USDJPYm, AUDUSDm, NZDUSDm, USTECm, US30m
  Thresholds: NY=62 LDN=82 NY_EARLY=85 OOS=80
══════════════════════════════════════════════════════════════════════
2026-05-15 11:44:59 | INFO     | 🕯️ [USTECm] New M5 bar closed: 1778820000
2026-05-15 11:45:00 | INFO     | 🕯️ [XAUUSDm] New M5 bar closed: 1778820000
2026-05-15 11:45:00 | INFO     | 🕯️ [EURUSDm] New M5 bar closed: 1778820000
2026-05-15 11:45:00 | INFO     | 🕯️ [AUDUSDm] New M5 bar closed: 1778820000
2026-05-15 11:45:00 | INFO     | 🕯️ [NZDUSDm] New M5 bar closed: 1778820000
2026-05-15 11:45:02 | INFO     | 🕯️ [US30m] New M5 bar closed: 1778820000
2026-05-15 11:45:02 | INFO     | 🕯️ [USDJPYm] New M5 bar closed: 1778820000
2026-05-15 11:49:53 | INFO     | 
══════════════════════════════════════════════════════════════════════
  📊  STATUS V22  [11:49:53 BKK]
  Equity    : $     52.10  (-13.17%)
  DD Daily  : 0.00%   DD Total: 13.17%   Mode: NORMAL
  Session   : UNKNOWN          H4:NEUTRAL    H1:NEUTRAL   
  Global Pos: 0/3 | Floating Risk: 0.0%/12.0%
  Symbols   : XAUUSDm, EURUSDm, USDJPYm, AUDUSDm, NZDUSDm, USTECm, US30m
  Thresholds: NY=62 LDN=82 NY_EARLY=85 OOS=80
══════════════════════════════════════════════════════════════════════
2026-05-15 11:50:00 | INFO     | 🕯️ [USTECm] New M5 bar closed: 1778820300
2026-05-15 11:50:00 | INFO     | 🕯️ [XAUUSDm] New M5 bar closed: 1778820300
2026-05-15 11:50:00 | INFO     | 🕯️ [USDJPYm] New M5 bar closed: 1778820300
2026-05-15 11:50:00 | INFO     | 🕯️ [AUDUSDm] New M5 bar closed: 1778820300
2026-05-15 11:50:00 | INFO     | 🕯️ [NZDUSDm] New M5 bar closed: 1778820300
2026-05-15 11:50:01 | INFO     | 🕯️ [US30m] New M5 bar closed: 1778820300
2026-05-15 11:50:01 | INFO     | 🕯️ [EURUSDm] New M5 bar closed: 1778820300
2026-05-15 11:54:53 | INFO     | 
══════════════════════════════════════════════════════════════════════
  📊  STATUS V22  [11:54:53 BKK]
  Equity    : $     52.10  (-13.17%)
  DD Daily  : 0.00%   DD Total: 13.17%   Mode: NORMAL
  Session   : UNKNOWN          H4:NEUTRAL    H1:NEUTRAL   
  Global Pos: 0/3 | Floating Risk: 0.0%/12.0%
  Symbols   : XAUUSDm, EURUSDm, USDJPYm, AUDUSDm, NZDUSDm, USTECm, US30m
  Thresholds: NY=62 LDN=82 NY_EARLY=85 OOS=80
══════════════════════════════════════════════════════════════════════
2026-05-15 11:54:59 | INFO     | 🕯️ [AUDUSDm] New M5 bar closed: 1778820600
2026-05-15 11:55:00 | INFO     | 🕯️ [USDJPYm] New M5 bar closed: 1778820600
2026-05-15 11:55:00 | INFO     | 🕯️ [NZDUSDm] New M5 bar closed: 1778820600
2026-05-15 11:55:01 | INFO     | 🕯️ [USTECm] New M5 bar closed: 1778820600
2026-05-15 11:55:01 | INFO     | 🕯️ [US30m] New M5 bar closed: 1778820600
2026-05-15 11:55:01 | INFO     | 🕯️ [XAUUSDm] New M5 bar closed: 1778820600
2026-05-15 11:55:01 | INFO     | 🕯️ [EURUSDm] New M5 bar closed: 1778820600
2026-05-15 11:59:53 | INFO     | 
══════════════════════════════════════════════════════════════════════
  📊  STATUS V22  [11:59:53 BKK]
  Equity    : $     52.10  (-13.17%)
  DD Daily  : 0.00%   DD Total: 13.17%   Mode: NORMAL
  Session   : UNKNOWN          H4:NEUTRAL    H1:NEUTRAL   
  Global Pos: 0/3 | Floating Risk: 0.0%/12.0%
  Symbols   : XAUUSDm, EURUSDm, USDJPYm, AUDUSDm, NZDUSDm, USTECm, US30m
  Thresholds: NY=62 LDN=82 NY_EARLY=85 OOS=80
══════════════════════════════════════════════════════════════════════
2026-05-15 11:59:59 | INFO     | 🕯️ [USDJPYm] New M5 bar closed: 1778820900
2026-05-15 11:59:59 | INFO     | 🕯️ [AUDUSDm] New M5 bar closed: 1778820900
2026-05-15 12:00:00 | INFO     | 🕯️ [NZDUSDm] New M5 bar closed: 1778820900
2026-05-15 12:00:00 | INFO     | 🕯️ [USTECm] New M5 bar closed: 1778820900
2026-05-15 12:00:00 | INFO     | 🕯️ [US30m] New M5 bar closed: 1778820900
2026-05-15 12:00:00 | INFO     | 🕯️ [XAUUSDm] New M5 bar closed: 1778820900
2026-05-15 12:00:00 | INFO     |   [XAUUSDm] WAIT 0/80
2026-05-15 12:00:01 | INFO     | 🕯️ [EURUSDm] New M5 bar closed: 1778820900
2026-05-15 12:00:01 | INFO     |   [EURUSDm] SELL 2/80
2026-05-15 12:04:53 | INFO     | 
══════════════════════════════════════════════════════════════════════
  📊  STATUS V22  [12:04:53 BKK]
  Equity    : $     52.10  (-13.17%)
  DD Daily  : 0.00%   DD Total: 13.17%   Mode: NORMAL
  Session   : PRE_LONDON       H4:NEUTRAL    H1:NEUTRAL   
  Global Pos: 0/3 | Floating Risk: 0.0%/12.0%
  Symbols   : XAUUSDm, EURUSDm, USDJPYm, AUDUSDm, NZDUSDm, USTECm, US30m
  Thresholds: NY=62 LDN=82 NY_EARLY=85 OOS=80
══════════════════════════════════════════════════════════════════════
2026-05-15 12:05:00 | INFO     | 🕯️ [XAUUSDm] New M5 bar closed: 1778821200
2026-05-15 12:05:00 | INFO     |   [XAUUSDm] WAIT 0/80
2026-05-15 12:05:00 | INFO     | 🕯️ [EURUSDm] New M5 bar closed: 1778821200
2026-05-15 12:05:00 | INFO     |   [EURUSDm] WAIT 0/80
2026-05-15 12:05:00 | INFO     | 🕯️ [USDJPYm] New M5 bar closed: 1778821200
2026-05-15 12:05:00 | INFO     |   [USDJPYm] WAIT 0/80
2026-05-15 12:05:00 | INFO     | 🕯️ [AUDUSDm] New M5 bar closed: 1778821200
2026-05-15 12:05:00 | INFO     |   [AUDUSDm] WAIT 0/80
2026-05-15 12:05:00 | INFO     | 🕯️ [NZDUSDm] New M5 bar closed: 1778821200
2026-05-15 12:05:00 | INFO     |   [NZDUSDm] WAIT 0/80
2026-05-15 12:05:00 | INFO     | 🕯️ [USTECm] New M5 bar closed: 1778821200
2026-05-15 12:05:00 | INFO     |   [USTECm] WAIT 0/80
2026-05-15 12:05:00 | INFO     | 🕯️ [US30m] New M5 bar closed: 1778821200
2026-05-15 12:05:00 | INFO     |   [US30m] WAIT 0/80
2026-05-15 12:09:53 | INFO     | 
══════════════════════════════════════════════════════════════════════
  📊  STATUS V22  [12:09:53 BKK]
  Equity    : $     52.10  (-13.17%)
  DD Daily  : 0.00%   DD Total: 13.17%   Mode: NORMAL
  Session   : PRE_LONDON       H4:BULLISH    H1:NEUTRAL   
  Global Pos: 0/3 | Floating Risk: 0.0%/12.0%
  Symbols   : XAUUSDm, EURUSDm, USDJPYm, AUDUSDm, NZDUSDm, USTECm, US30m
  Thresholds: NY=62 LDN=82 NY_EARLY=85 OOS=80
══════════════════════════════════════════════════════════════════════
2026-05-15 12:10:00 | INFO     | 🕯️ [XAUUSDm] New M5 bar closed: 1778821500
2026-05-15 12:10:00 | INFO     |   [XAUUSDm] WAIT 0/80
2026-05-15 12:10:00 | INFO     | 🕯️ [EURUSDm] New M5 bar closed: 1778821500
2026-05-15 12:10:00 | INFO     |   [EURUSDm] WAIT 0/80
2026-05-15 12:10:00 | INFO     | 🕯️ [USDJPYm] New M5 bar closed: 1778821500
2026-05-15 12:10:00 | INFO     |   [USDJPYm] WAIT 0/80
2026-05-15 12:10:00 | INFO     | 🕯️ [AUDUSDm] New M5 bar closed: 1778821500
2026-05-15 12:10:00 | INFO     |   [AUDUSDm] WAIT 0/80
2026-05-15 12:10:00 | INFO     | 🕯️ [USTECm] New M5 bar closed: 1778821500
2026-05-15 12:10:00 | INFO     |   [USTECm] WAIT 0/80
2026-05-15 12:10:00 | INFO     | 🕯️ [US30m] New M5 bar closed: 1778821500
2026-05-15 12:10:00 | INFO     |   [US30m] WAIT 0/80
2026-05-15 12:10:01 | INFO     | 🕯️ [NZDUSDm] New M5 bar closed: 1778821500
2026-05-15 12:10:01 | INFO     |   [NZDUSDm] WAIT 0/80
2026-05-15 12:14:53 | INFO     | 
══════════════════════════════════════════════════════════════════════
  📊  STATUS V22  [12:14:53 BKK]
  Equity    : $     52.10  (-13.17%)
  DD Daily  : 0.00%   DD Total: 13.17%   Mode: NORMAL
  Session   : PRE_LONDON       H4:BEARISH    H1:NEUTRAL   
  Global Pos: 0/3 | Floating Risk: 0.0%/12.0%
  Symbols   : XAUUSDm, EURUSDm, USDJPYm, AUDUSDm, NZDUSDm, USTECm, US30m
  Thresholds: NY=62 LDN=82 NY_EARLY=85 OOS=80
══════════════════════════════════════════════════════════════════════
2026-05-15 12:15:00 | INFO     | 🕯️ [XAUUSDm] New M5 bar closed: 1778821800
2026-05-15 12:15:00 | INFO     |   [XAUUSDm] SELL 19/80
2026-05-15 12:15:00 | INFO     | 🕯️ [EURUSDm] New M5 bar closed: 1778821800
2026-05-15 12:15:00 | INFO     |   [EURUSDm] WAIT 0/80
2026-05-15 12:15:00 | INFO     | 🕯️ [USDJPYm] New M5 bar closed: 1778821800
2026-05-15 12:15:00 | INFO     |   [USDJPYm] WAIT 0/80
2026-05-15 12:15:00 | INFO     | 🕯️ [AUDUSDm] New M5 bar closed: 1778821800
2026-05-15 12:15:00 | INFO     |   [AUDUSDm] WAIT 0/80
2026-05-15 12:15:00 | INFO     | 🕯️ [NZDUSDm] New M5 bar closed: 1778821800
2026-05-15 12:15:00 | INFO     |   [NZDUSDm] SELL 52/80
2026-05-15 12:15:00 | INFO     | 🕯️ [USTECm] New M5 bar closed: 1778821800
2026-05-15 12:15:00 | INFO     |   [USTECm] WAIT 0/80
2026-05-15 12:15:02 | INFO     | 🕯️ [US30m] New M5 bar closed: 1778821800
2026-05-15 12:15:02 | INFO     |   [US30m] WAIT 0/80
2026-05-15 12:19:53 | INFO     | 
══════════════════════════════════════════════════════════════════════
  📊  STATUS V22  [12:19:53 BKK]
  Equity    : $     52.10  (-13.17%)
  DD Daily  : 0.00%   DD Total: 13.17%   Mode: NORMAL
  Session   : PRE_LONDON       H4:BULLISH    H1:NEUTRAL   
  Global Pos: 0/3 | Floating Risk: 0.0%/12.0%
  Symbols   : XAUUSDm, EURUSDm, USDJPYm, AUDUSDm, NZDUSDm, USTECm, US30m
  Thresholds: NY=62 LDN=82 NY_EARLY=85 OOS=80
══════════════════════════════════════════════════════════════════════
2026-05-15 12:20:00 | INFO     | 🕯️ [EURUSDm] New M5 bar closed: 1778822100
2026-05-15 12:20:00 | INFO     |   [EURUSDm] WAIT 0/80
2026-05-15 12:20:00 | INFO     | 🕯️ [USDJPYm] New M5 bar closed: 1778822100
2026-05-15 12:20:00 | INFO     |   [USDJPYm] WAIT 0/80
2026-05-15 12:20:00 | INFO     | 🕯️ [AUDUSDm] New M5 bar closed: 1778822100
2026-05-15 12:20:00 | INFO     |   [AUDUSDm] WAIT 0/80
2026-05-15 12:20:00 | INFO     | 🕯️ [USTECm] New M5 bar closed: 1778822100
2026-05-15 12:20:00 | INFO     |   [USTECm] WAIT 0/80
2026-05-15 12:20:00 | INFO     | 🕯️ [US30m] New M5 bar closed: 1778822100
2026-05-15 12:20:00 | INFO     |   [US30m] WAIT 0/80
2026-05-15 12:20:01 | INFO     | 🕯️ [XAUUSDm] New M5 bar closed: 1778822100
2026-05-15 12:20:01 | INFO     |   [XAUUSDm] WAIT 0/80
2026-05-15 12:20:01 | INFO     | 🕯️ [NZDUSDm] New M5 bar closed: 1778822100
2026-05-15 12:20:01 | INFO     |   [NZDUSDm] SELL 39/80
2026-05-15 12:24:54 | INFO     | 
══════════════════════════════════════════════════════════════════════
  📊  STATUS V22  [12:24:54 BKK]
  Equity    : $     52.10  (-13.17%)
  DD Daily  : 0.00%   DD Total: 13.17%   Mode: NORMAL
  Session   : PRE_LONDON       H4:BEARISH    H1:NEUTRAL   
  Global Pos: 0/3 | Floating Risk: 0.0%/12.0%
  Symbols   : XAUUSDm, EURUSDm, USDJPYm, AUDUSDm, NZDUSDm, USTECm, US30m
  Thresholds: NY=62 LDN=82 NY_EARLY=85 OOS=80
══════════════════════════════════════════════════════════════════════
2026-05-15 12:25:00 | INFO     | 🕯️ [EURUSDm] New M5 bar closed: 1778822400
2026-05-15 12:25:00 | INFO     |   [EURUSDm] WAIT 0/80
2026-05-15 12:25:00 | INFO     | 🕯️ [USDJPYm] New M5 bar closed: 1778822400
2026-05-15 12:25:00 | INFO     |   [USDJPYm] WAIT 0/80
2026-05-15 12:25:00 | INFO     | 🕯️ [NZDUSDm] New M5 bar closed: 1778822400
2026-05-15 12:25:00 | INFO     |   [NZDUSDm] WAIT 0/80
2026-05-15 12:25:00 | INFO     | 🕯️ [USTECm] New M5 bar closed: 1778822400
2026-05-15 12:25:00 | INFO     |   [USTECm] WAIT 0/80
2026-05-15 12:25:01 | INFO     | 🕯️ [XAUUSDm] New M5 bar closed: 1778822400
2026-05-15 12:25:01 | INFO     |   [XAUUSDm] WAIT 0/80
2026-05-15 12:25:01 | INFO     | 🕯️ [AUDUSDm] New M5 bar closed: 1778822400
2026-05-15 12:25:01 | INFO     |   [AUDUSDm] SELL -4/80
2026-05-15 12:25:02 | INFO     | 🕯️ [US30m] New M5 bar closed: 1778822400
2026-05-15 12:25:02 | INFO     |   [US30m] WAIT 0/80
2026-05-15 12:29:54 | INFO     | 
══════════════════════════════════════════════════════════════════════
  📊  STATUS V22  [12:29:54 BKK]
  Equity    : $     52.10  (-13.17%)
  DD Daily  : 0.00%   DD Total: 13.17%   Mode: NORMAL
  Session   : PRE_LONDON       H4:BULLISH    H1:NEUTRAL   
  Global Pos: 0/3 | Floating Risk: 0.0%/12.0%
  Symbols   : XAUUSDm, EURUSDm, USDJPYm, AUDUSDm, NZDUSDm, USTECm, US30m
  Thresholds: NY=62 LDN=82 NY_EARLY=85 OOS=80
══════════════════════════════════════════════════════════════════════
2026-05-15 12:29:59 | INFO     | 🕯️ [NZDUSDm] New M5 bar closed: 1778822700
2026-05-15 12:29:59 | INFO     |   [NZDUSDm] SELL 33/80
2026-05-15 12:30:00 | INFO     | 🕯️ [USTECm] New M5 bar closed: 1778822700
2026-05-15 12:30:00 | INFO     |   [USTECm] WAIT 0/80
2026-05-15 12:30:00 | INFO     | 🕯️ [XAUUSDm] New M5 bar closed: 1778822700
2026-05-15 12:30:00 | WARNING  | ⛔ [XAUUSDm] HARD_BLOCK:360.0>350.0pts
2026-05-15 12:30:00 | INFO     | 🕯️ [EURUSDm] New M5 bar closed: 1778822700
2026-05-15 12:30:00 | INFO     |   [EURUSDm] SELL -9/80
2026-05-15 12:30:00 | INFO     | 🕯️ [USDJPYm] New M5 bar closed: 1778822700
2026-05-15 12:30:00 | INFO     |   [USDJPYm] SELL 26/80
2026-05-15 12:30:00 | INFO     | 🕯️ [AUDUSDm] New M5 bar closed: 1778822700
2026-05-15 12:30:00 | INFO     |   [AUDUSDm] WAIT 0/80
2026-05-15 12:30:01 | INFO     | 🕯️ [US30m] New M5 bar closed: 1778822700
2026-05-15 12:30:01 | INFO     |   [US30m] WAIT 0/80
2026-05-15 12:34:54 | INFO     | 
══════════════════════════════════════════════════════════════════════
  📊  STATUS V22  [12:34:54 BKK]
  Equity    : $     52.10  (-13.17%)
  DD Daily  : 0.00%   DD Total: 13.17%   Mode: NORMAL
  Session   : PRE_LONDON       H4:BULLISH    H1:NEUTRAL   
  Global Pos: 0/3 | Floating Risk: 0.0%/12.0%
  Symbols   : XAUUSDm, EURUSDm, USDJPYm, AUDUSDm, NZDUSDm, USTECm, US30m
  Thresholds: NY=62 LDN=82 NY_EARLY=85 OOS=80
══════════════════════════════════════════════════════════════════════
2026-05-15 12:34:59 | INFO     | 🕯️ [USDJPYm] New M5 bar closed: 1778823000
2026-05-15 12:34:59 | INFO     |   [USDJPYm] WAIT 0/80
2026-05-15 12:35:00 | INFO     | 🕯️ [USTECm] New M5 bar closed: 1778823000
2026-05-15 12:35:00 | INFO     |   [USTECm] WAIT 0/80
2026-05-15 12:35:00 | INFO     | 🕯️ [US30m] New M5 bar closed: 1778823000
2026-05-15 12:35:00 | INFO     |   [US30m] WAIT 0/80
2026-05-15 12:35:00 | INFO     | 🕯️ [XAUUSDm] New M5 bar closed: 1778823000
2026-05-15 12:35:00 | INFO     |   [XAUUSDm] WAIT 0/80
2026-05-15 12:35:00 | INFO     | 🕯️ [AUDUSDm] New M5 bar closed: 1778823000
2026-05-15 12:35:00 | INFO     |   [AUDUSDm] WAIT 0/80
2026-05-15 12:35:01 | INFO     | 🕯️ [NZDUSDm] New M5 bar closed: 1778823000
2026-05-15 12:35:01 | INFO     |   [NZDUSDm] SELL 33/80
2026-05-15 12:35:01 | INFO     | 🕯️ [EURUSDm] New M5 bar closed: 1778823000
2026-05-15 12:35:01 | INFO     |   [EURUSDm] WAIT 0/80
2026-05-15 12:39:54 | INFO     | 
══════════════════════════════════════════════════════════════════════
  📊  STATUS V22  [12:39:54 BKK]
  Equity    : $     52.10  (-13.17%)
  DD Daily  : 0.00%   DD Total: 13.17%   Mode: NORMAL
  Session   : PRE_LONDON       H4:NEUTRAL    H1:NEUTRAL   
  Global Pos: 0/3 | Floating Risk: 0.0%/12.0%
  Symbols   : XAUUSDm, EURUSDm, USDJPYm, AUDUSDm, NZDUSDm, USTECm, US30m
  Thresholds: NY=62 LDN=82 NY_EARLY=85 OOS=80
══════════════════════════════════════════════════════════════════════
2026-05-15 12:40:00 | INFO     | 🕯️ [XAUUSDm] New M5 bar closed: 1778823300
2026-05-15 12:40:00 | WARNING  | ⛔ [XAUUSDm] HARD_BLOCK:360.0>350.0pts
2026-05-15 12:40:00 | INFO     | 🕯️ [EURUSDm] New M5 bar closed: 1778823300
2026-05-15 12:40:00 | INFO     |   [EURUSDm] WAIT 0/80
2026-05-15 12:40:00 | INFO     | 🕯️ [USDJPYm] New M5 bar closed: 1778823300
2026-05-15 12:40:00 | INFO     |   [USDJPYm] WAIT 0/80
2026-05-15 12:40:01 | INFO     | 🕯️ [AUDUSDm] New M5 bar closed: 1778823300
2026-05-15 12:40:01 | INFO     |   [AUDUSDm] WAIT 0/80
2026-05-15 12:40:01 | INFO     | 🕯️ [NZDUSDm] New M5 bar closed: 1778823300
2026-05-15 12:40:01 | INFO     |   [NZDUSDm] WAIT 0/80
2026-05-15 12:40:01 | INFO     | 🕯️ [USTECm] New M5 bar closed: 1778823300
2026-05-15 12:40:01 | INFO     |   [USTECm] WAIT 0/80
2026-05-15 12:40:01 | INFO     | 🕯️ [US30m] New M5 bar closed: 1778823300
2026-05-15 12:40:01 | INFO     |   [US30m] SELL -21/80
2026-05-15 12:44:54 | INFO     | 
══════════════════════════════════════════════════════════════════════
  📊  STATUS V22  [12:44:54 BKK]
  Equity    : $     52.10  (-13.17%)
  DD Daily  : 0.00%   DD Total: 13.17%   Mode: NORMAL
  Session   : PRE_LONDON       H4:BULLISH    H1:NEUTRAL   
  Global Pos: 0/3 | Floating Risk: 0.0%/12.0%
  Symbols   : XAUUSDm, EURUSDm, USDJPYm, AUDUSDm, NZDUSDm, USTECm, US30m
  Thresholds: NY=62 LDN=82 NY_EARLY=85 OOS=80
══════════════════════════════════════════════════════════════════════
2026-05-15 12:44:59 | INFO     | 🕯️ [USDJPYm] New M5 bar closed: 1778823600
2026-05-15 12:44:59 | INFO     |   [USDJPYm] WAIT 0/80
2026-05-15 12:45:00 | INFO     | 🕯️ [USTECm] New M5 bar closed: 1778823600
2026-05-15 12:45:00 | INFO     |   [USTECm] WAIT 0/80
2026-05-15 12:45:00 | INFO     | 🕯️ [US30m] New M5 bar closed: 1778823600
2026-05-15 12:45:00 | INFO     |   [US30m] SELL -19/80
2026-05-15 12:45:00 | INFO     | 🕯️ [XAUUSDm] New M5 bar closed: 1778823600
2026-05-15 12:45:00 | INFO     |   [XAUUSDm] SELL 13/80
2026-05-15 12:45:00 | INFO     | 🕯️ [EURUSDm] New M5 bar closed: 1778823600
2026-05-15 12:45:00 | INFO     |   [EURUSDm] WAIT 0/80
2026-05-15 12:45:01 | INFO     | 🕯️ [AUDUSDm] New M5 bar closed: 1778823600
2026-05-15 12:45:01 | INFO     |   [AUDUSDm] WAIT 0/80
2026-05-15 12:45:01 | INFO     | 🕯️ [NZDUSDm] New M5 bar closed: 1778823600
2026-05-15 12:45:01 | INFO     |   [NZDUSDm] WAIT 0/80
2026-05-15 12:49:54 | INFO     | 
══════════════════════════════════════════════════════════════════════
  📊  STATUS V22  [12:49:54 BKK]
  Equity    : $     52.10  (-13.17%)
  DD Daily  : 0.00%   DD Total: 13.17%   Mode: NORMAL
  Session   : PRE_LONDON       H4:BEARISH    H1:NEUTRAL   
  Global Pos: 0/3 | Floating Risk: 0.0%/12.0%
  Symbols   : XAUUSDm, EURUSDm, USDJPYm, AUDUSDm, NZDUSDm, USTECm, US30m
  Thresholds: NY=62 LDN=82 NY_EARLY=85 OOS=80
══════════════════════════════════════════════════════════════════════
2026-05-15 12:49:59 | INFO     | 🕯️ [XAUUSDm] New M5 bar closed: 1778823900
2026-05-15 12:49:59 | INFO     |   [XAUUSDm] WAIT 0/80
2026-05-15 12:50:00 | INFO     | 🕯️ [USDJPYm] New M5 bar closed: 1778823900
2026-05-15 12:50:00 | INFO     |   [USDJPYm] WAIT 0/80
2026-05-15 12:50:00 | INFO     | 🕯️ [AUDUSDm] New M5 bar closed: 1778823900
2026-05-15 12:50:00 | INFO     |   [AUDUSDm] WAIT 0/80
2026-05-15 12:50:00 | INFO     | 🕯️ [NZDUSDm] New M5 bar closed: 1778823900
2026-05-15 12:50:00 | INFO     |   [NZDUSDm] WAIT 0/80
2026-05-15 12:50:00 | INFO     | 🕯️ [USTECm] New M5 bar closed: 1778823900
2026-05-15 12:50:00 | INFO     |   [USTECm] WAIT 0/80
2026-05-15 12:50:00 | INFO     | 🕯️ [US30m] New M5 bar closed: 1778823900
2026-05-15 12:50:00 | INFO     |   [US30m] WAIT 0/80
2026-05-15 12:50:01 | INFO     | 🕯️ [EURUSDm] New M5 bar closed: 1778823900
2026-05-15 12:50:01 | INFO     |   [EURUSDm] WAIT 0/80
2026-05-15 12:54:54 | INFO     | 
══════════════════════════════════════════════════════════════════════
  📊  STATUS V22  [12:54:54 BKK]
  Equity    : $     52.10  (-13.17%)
  DD Daily  : 0.00%   DD Total: 13.17%   Mode: NORMAL
  Session   : PRE_LONDON       H4:NEUTRAL    H1:NEUTRAL   
  Global Pos: 0/3 | Floating Risk: 0.0%/12.0%
  Symbols   : XAUUSDm, EURUSDm, USDJPYm, AUDUSDm, NZDUSDm, USTECm, US30m
  Thresholds: NY=62 LDN=82 NY_EARLY=85 OOS=80
══════════════════════════════════════════════════════════════════════
2026-05-15 12:54:59 | INFO     | 🕯️ [XAUUSDm] New M5 bar closed: 1778824200
2026-05-15 12:54:59 | INFO     |   [XAUUSDm] WAIT 0/80
2026-05-15 12:55:00 | INFO     | 🕯️ [USDJPYm] New M5 bar closed: 1778824200
2026-05-15 12:55:00 | INFO     |   [USDJPYm] WAIT 0/80
2026-05-15 12:55:00 | INFO     | 🕯️ [AUDUSDm] New M5 bar closed: 1778824200
2026-05-15 12:55:00 | INFO     |   [AUDUSDm] WAIT 0/80
2026-05-15 12:55:00 | INFO     | 🕯️ [NZDUSDm] New M5 bar closed: 1778824200
2026-05-15 12:55:00 | INFO     |   [NZDUSDm] WAIT 0/80
2026-05-15 12:55:00 | INFO     | 🕯️ [USTECm] New M5 bar closed: 1778824200
2026-05-15 12:55:00 | INFO     |   [USTECm] WAIT 0/80
2026-05-15 12:55:00 | INFO     | 🕯️ [US30m] New M5 bar closed: 1778824200
2026-05-15 12:55:00 | INFO     |   [US30m] WAIT 0/80
2026-05-15 12:55:01 | INFO     | 🕯️ [EURUSDm] New M5 bar closed: 1778824200
2026-05-15 12:55:01 | INFO     |   [EURUSDm] SELL 13/80
2026-05-15 12:59:54 | INFO     | 
══════════════════════════════════════════════════════════════════════
  📊  STATUS V22  [12:59:54 BKK]
  Equity    : $     52.10  (-13.17%)
  DD Daily  : 0.00%   DD Total: 13.17%   Mode: NORMAL
  Session   : PRE_LONDON       H4:NEUTRAL    H1:NEUTRAL   
  Global Pos: 0/3 | Floating Risk: 0.0%/12.0%
  Symbols   : XAUUSDm, EURUSDm, USDJPYm, AUDUSDm, NZDUSDm, USTECm, US30m
  Thresholds: NY=62 LDN=82 NY_EARLY=85 OOS=80
══════════════════════════════════════════════════════════════════════
2026-05-15 13:00:00 | INFO     | 🕯️ [XAUUSDm] New M5 bar closed: 1778824500
2026-05-15 13:00:00 | WARNING  | ⛔ [XAUUSDm] HARD_BLOCK:360.0>350.0pts
2026-05-15 13:00:00 | INFO     | 🕯️ [EURUSDm] New M5 bar closed: 1778824500
2026-05-15 13:00:00 | INFO     |   [EURUSDm] WAIT 0/80
2026-05-15 13:00:00 | INFO     | 🕯️ [USDJPYm] New M5 bar closed: 1778824500
2026-05-15 13:00:00 | INFO     |   [USDJPYm] WAIT 0/80
2026-05-15 13:00:00 | INFO     | 🕯️ [AUDUSDm] New M5 bar closed: 1778824500
2026-05-15 13:00:00 | INFO     |   [AUDUSDm] WAIT 0/80
2026-05-15 13:00:00 | INFO     | 🕯️ [NZDUSDm] New M5 bar closed: 1778824500
2026-05-15 13:00:00 | INFO     |   [NZDUSDm] WAIT 0/80
2026-05-15 13:00:00 | INFO     | 🕯️ [USTECm] New M5 bar closed: 1778824500
2026-05-15 13:00:00 | INFO     |   [USTECm] WAIT 0/80
2026-05-15 13:00:00 | INFO     | 🕯️ [US30m] New M5 bar closed: 1778824500
2026-05-15 13:00:00 | INFO     |   [US30m] WAIT 0/80
2026-05-15 13:04:54 | INFO     | 
══════════════════════════════════════════════════════════════════════
  📊  STATUS V22  [13:04:54 BKK]
  Equity    : $     52.24  (-12.93%)
  DD Daily  : 0.00%   DD Total: 12.93%   Mode: NORMAL
  Session   : PRE_LONDON       H4:BULLISH    H1:NEUTRAL   
  Global Pos: 0/3 | Floating Risk: 0.0%/12.0%
  Symbols   : XAUUSDm, EURUSDm, USDJPYm, AUDUSDm, NZDUSDm, USTECm, US30m
  Thresholds: NY=62 LDN=82 NY_EARLY=85 OOS=80
══════════════════════════════════════════════════════════════════════
2026-05-15 13:05:00 | INFO     | 🕯️ [XAUUSDm] New M5 bar closed: 1778824800
2026-05-15 13:05:00 | INFO     |   [XAUUSDm] WAIT 0/80
2026-05-15 13:05:00 | INFO     | 🕯️ [USDJPYm] New M5 bar closed: 1778824800
2026-05-15 13:05:00 | INFO     |   [USDJPYm] WAIT 0/80
2026-05-15 13:05:00 | INFO     | 🕯️ [AUDUSDm] New M5 bar closed: 1778824800
2026-05-15 13:05:00 | INFO     |   [AUDUSDm] SELL 0/80
2026-05-15 13:05:00 | INFO     | 🕯️ [USTECm] New M5 bar closed: 1778824800
2026-05-15 13:05:00 | INFO     |   [USTECm] WAIT 0/80
2026-05-15 13:05:00 | INFO     | 🕯️ [US30m] New M5 bar closed: 1778824800
2026-05-15 13:05:00 | INFO     |   [US30m] WAIT 0/80
2026-05-15 13:05:01 | INFO     | 🕯️ [EURUSDm] New M5 bar closed: 1778824800
2026-05-15 13:05:01 | INFO     |   [EURUSDm] SELL 16/80
2026-05-15 13:05:01 | INFO     | 🕯️ [NZDUSDm] New M5 bar closed: 1778824800
2026-05-15 13:05:01 | INFO     |   [NZDUSDm] WAIT 0/80
2026-05-15 13:09:54 | INFO     | 
══════════════════════════════════════════════════════════════════════
  📊  STATUS V22  [13:09:54 BKK]
  Equity    : $     52.24  (-12.93%)
  DD Daily  : 0.00%   DD Total: 12.93%   Mode: NORMAL
  Session   : PRE_LONDON       H4:BEARISH    H1:NEUTRAL   
  Global Pos: 0/3 | Floating Risk: 0.0%/12.0%
  Symbols   : XAUUSDm, EURUSDm, USDJPYm, AUDUSDm, NZDUSDm, USTECm, US30m
  Thresholds: NY=62 LDN=82 NY_EARLY=85 OOS=80
══════════════════════════════════════════════════════════════════════
2026-05-15 13:10:00 | INFO     | 🕯️ [XAUUSDm] New M5 bar closed: 1778825100
2026-05-15 13:10:00 | INFO     |   [XAUUSDm] WAIT 0/80
2026-05-15 13:10:00 | INFO     | 🕯️ [USDJPYm] New M5 bar closed: 1778825100
2026-05-15 13:10:00 | INFO     |   [USDJPYm] WAIT 0/80
2026-05-15 13:10:00 | INFO     | 🕯️ [AUDUSDm] New M5 bar closed: 1778825100
2026-05-15 13:10:00 | INFO     |   [AUDUSDm] SELL 0/80
2026-05-15 13:10:00 | INFO     | 🕯️ [NZDUSDm] New M5 bar closed: 1778825100
2026-05-15 13:10:00 | INFO     |   [NZDUSDm] BUY 0/80
2026-05-15 13:10:00 | INFO     | 🕯️ [USTECm] New M5 bar closed: 1778825100
2026-05-15 13:10:00 | INFO     |   [USTECm] WAIT 0/80
2026-05-15 13:10:00 | INFO     | 🕯️ [US30m] New M5 bar closed: 1778825100
2026-05-15 13:10:00 | INFO     |   [US30m] SELL -10/80
2026-05-15 13:10:01 | INFO     | 🕯️ [EURUSDm] New M5 bar closed: 1778825100
2026-05-15 13:10:01 | INFO     |   [EURUSDm] WAIT 0/80
2026-05-15 13:14:55 | INFO     | 
══════════════════════════════════════════════════════════════════════
  📊  STATUS V22  [13:14:55 BKK]
  Equity    : $     52.24  (-12.93%)
  DD Daily  : 0.00%   DD Total: 12.93%   Mode: NORMAL
  Session   : PRE_LONDON       H4:NEUTRAL    H1:NEUTRAL   
  Global Pos: 0/3 | Floating Risk: 0.0%/12.0%
  Symbols   : XAUUSDm, EURUSDm, USDJPYm, AUDUSDm, NZDUSDm, USTECm, US30m
  Thresholds: NY=62 LDN=82 NY_EARLY=85 OOS=80
══════════════════════════════════════════════════════════════════════
2026-05-15 13:14:59 | INFO     | 🕯️ [USTECm] New M5 bar closed: 1778825400
2026-05-15 13:14:59 | INFO     |   [USTECm] WAIT 0/80
2026-05-15 13:15:00 | INFO     | 🕯️ [US30m] New M5 bar closed: 1778825400
2026-05-15 13:15:00 | INFO     |   [US30m] SELL -26/80
2026-05-15 13:15:00 | INFO     | 🕯️ [XAUUSDm] New M5 bar closed: 1778825400
2026-05-15 13:15:00 | INFO     |   [XAUUSDm] WAIT 0/80
2026-05-15 13:15:00 | INFO     | 🕯️ [EURUSDm] New M5 bar closed: 1778825400
2026-05-15 13:15:00 | INFO     |   [EURUSDm] WAIT 0/80
2026-05-15 13:15:00 | INFO     | 🕯️ [USDJPYm] New M5 bar closed: 1778825400
2026-05-15 13:15:00 | INFO     |   [USDJPYm] SELL 26/80
2026-05-15 13:15:00 | INFO     | 🕯️ [AUDUSDm] New M5 bar closed: 1778825400
2026-05-15 13:15:00 | INFO     |   [AUDUSDm] WAIT 0/80
2026-05-15 13:15:00 | INFO     | 🕯️ [NZDUSDm] New M5 bar closed: 1778825400
2026-05-15 13:15:00 | INFO     |   [NZDUSDm] WAIT 0/80
2026-05-15 13:19:55 | INFO     | 
══════════════════════════════════════════════════════════════════════
  📊  STATUS V22  [13:19:55 BKK]
  Equity    : $     52.24  (-12.93%)
  DD Daily  : 0.00%   DD Total: 12.93%   Mode: NORMAL
  Session   : PRE_LONDON       H4:BEARISH    H1:NEUTRAL   
  Global Pos: 0/3 | Floating Risk: 0.0%/12.0%
  Symbols   : XAUUSDm, EURUSDm, USDJPYm, AUDUSDm, NZDUSDm, USTECm, US30m
  Thresholds: NY=62 LDN=82 NY_EARLY=85 OOS=80
══════════════════════════════════════════════════════════════════════
2026-05-15 13:19:59 | INFO     | 🕯️ [NZDUSDm] New M5 bar closed: 1778825700
2026-05-15 13:19:59 | INFO     |   [NZDUSDm] BUY 0/80
2026-05-15 13:20:00 | INFO     | 🕯️ [USTECm] New M5 bar closed: 1778825700
2026-05-15 13:20:00 | INFO     |   [USTECm] WAIT 0/80
2026-05-15 13:20:00 | INFO     | 🕯️ [US30m] New M5 bar closed: 1778825700
2026-05-15 13:20:00 | INFO     |   [US30m] WAIT 0/80
2026-05-15 13:20:00 | INFO     | 🕯️ [XAUUSDm] New M5 bar closed: 1778825700
2026-05-15 13:20:00 | INFO     |   [XAUUSDm] WAIT 0/80
2026-05-15 13:20:00 | INFO     | 🕯️ [EURUSDm] New M5 bar closed: 1778825700
2026-05-15 13:20:00 | INFO     |   [EURUSDm] WAIT 0/80
2026-05-15 13:20:00 | INFO     | 🕯️ [USDJPYm] New M5 bar closed: 1778825700
2026-05-15 13:20:00 | INFO     |   [USDJPYm] WAIT 0/80
2026-05-15 13:20:00 | INFO     | 🕯️ [AUDUSDm] New M5 bar closed: 1778825700
2026-05-15 13:20:00 | INFO     |   [AUDUSDm] WAIT 0/80
2026-05-15 13:24:55 | INFO     | 
══════════════════════════════════════════════════════════════════════
  📊  STATUS V22  [13:24:55 BKK]
  Equity    : $     52.24  (-12.93%)
  DD Daily  : 0.00%   DD Total: 12.93%   Mode: NORMAL
  Session   : PRE_LONDON       H4:NEUTRAL    H1:NEUTRAL   
  Global Pos: 0/3 | Floating Risk: 0.0%/12.0%
  Symbols   : XAUUSDm, EURUSDm, USDJPYm, AUDUSDm, NZDUSDm, USTECm, US30m
  Thresholds: NY=62 LDN=82 NY_EARLY=85 OOS=80
══════════════════════════════════════════════════════════════════════
2026-05-15 13:25:00 | INFO     | 🕯️ [USTECm] New M5 bar closed: 1778826000
2026-05-15 13:25:00 | INFO     |   [USTECm] WAIT 0/80
2026-05-15 13:25:00 | INFO     | 🕯️ [US30m] New M5 bar closed: 1778826000
2026-05-15 13:25:00 | INFO     |   [US30m] WAIT 0/80
2026-05-15 13:25:00 | INFO     | 🕯️ [XAUUSDm] New M5 bar closed: 1778826000
2026-05-15 13:25:00 | INFO     |   [XAUUSDm] WAIT 0/80
2026-05-15 13:25:00 | INFO     | 🕯️ [EURUSDm] New M5 bar closed: 1778826000
2026-05-15 13:25:00 | INFO     |   [EURUSDm] WAIT 0/80
2026-05-15 13:25:00 | INFO     | 🕯️ [USDJPYm] New M5 bar closed: 1778826000
2026-05-15 13:25:00 | INFO     |   [USDJPYm] WAIT 0/80
2026-05-15 13:25:00 | INFO     | 🕯️ [AUDUSDm] New M5 bar closed: 1778826000
2026-05-15 13:25:00 | INFO     |   [AUDUSDm] WAIT 0/80
2026-05-15 13:25:01 | INFO     | 🕯️ [NZDUSDm] New M5 bar closed: 1778826000
2026-05-15 13:25:01 | INFO     |   [NZDUSDm] WAIT 0/80
2026-05-15 13:29:55 | INFO     | 
══════════════════════════════════════════════════════════════════════
  📊  STATUS V22  [13:29:55 BKK]
  Equity    : $     52.24  (-12.93%)
  DD Daily  : 0.00%   DD Total: 12.93%   Mode: NORMAL
  Session   : PRE_LONDON       H4:BEARISH    H1:NEUTRAL   
  Global Pos: 0/3 | Floating Risk: 0.0%/12.0%
  Symbols   : XAUUSDm, EURUSDm, USDJPYm, AUDUSDm, NZDUSDm, USTECm, US30m
  Thresholds: NY=62 LDN=82 NY_EARLY=85 OOS=80
══════════════════════════════════════════════════════════════════════
2026-05-15 13:29:59 | INFO     | 🕯️ [AUDUSDm] New M5 bar closed: 1778826300
2026-05-15 13:29:59 | INFO     |   [AUDUSDm] WAIT 0/80
2026-05-15 13:30:00 | INFO     | 🕯️ [NZDUSDm] New M5 bar closed: 1778826300
2026-05-15 13:30:00 | INFO     |   [NZDUSDm] WAIT 0/80
2026-05-15 13:30:00 | INFO     | 🕯️ [USTECm] New M5 bar closed: 1778826300
2026-05-15 13:30:00 | INFO     |   [USTECm] WAIT 0/80
2026-05-15 13:30:00 | INFO     | 🕯️ [US30m] New M5 bar closed: 1778826300
2026-05-15 13:30:00 | INFO     |   [US30m] SELL -21/80
2026-05-15 13:30:00 | INFO     | 🕯️ [XAUUSDm] New M5 bar closed: 1778826300
2026-05-15 13:30:00 | INFO     |   [XAUUSDm] WAIT 0/80
2026-05-15 13:30:00 | INFO     | 🕯️ [EURUSDm] New M5 bar closed: 1778826300
2026-05-15 13:30:00 | INFO     |   [EURUSDm] WAIT 0/80
2026-05-15 13:30:00 | INFO     | 🕯️ [USDJPYm] New M5 bar closed: 1778826300
2026-05-15 13:30:00 | INFO     |   [USDJPYm] WAIT 0/80
2026-05-15 13:34:55 | INFO     | 
══════════════════════════════════════════════════════════════════════
  📊  STATUS V22  [13:34:55 BKK]
  Equity    : $     52.24  (-12.93%)
  DD Daily  : 0.00%   DD Total: 12.93%   Mode: NORMAL
  Session   : PRE_LONDON       H4:NEUTRAL    H1:NEUTRAL   
  Global Pos: 0/3 | Floating Risk: 0.0%/12.0%
  Symbols   : XAUUSDm, EURUSDm, USDJPYm, AUDUSDm, NZDUSDm, USTECm, US30m
  Thresholds: NY=62 LDN=82 NY_EARLY=85 OOS=80
══════════════════════════════════════════════════════════════════════
2026-05-15 13:34:59 | INFO     | 🕯️ [USDJPYm] New M5 bar closed: 1778826600
2026-05-15 13:34:59 | INFO     |   [USDJPYm] SELL 34/80
2026-05-15 13:35:00 | INFO     | 🕯️ [NZDUSDm] New M5 bar closed: 1778826600
2026-05-15 13:35:00 | INFO     |   [NZDUSDm] WAIT 0/80
2026-05-15 13:35:00 | INFO     | 🕯️ [USTECm] New M5 bar closed: 1778826600
2026-05-15 13:35:00 | INFO     |   [USTECm] WAIT 0/80
2026-05-15 13:35:00 | INFO     | 🕯️ [US30m] New M5 bar closed: 1778826600
2026-05-15 13:35:00 | INFO     |   [US30m] WAIT 0/80
2026-05-15 13:35:00 | INFO     | 🕯️ [XAUUSDm] New M5 bar closed: 1778826600
2026-05-15 13:35:00 | INFO     |   [XAUUSDm] WAIT 0/80
2026-05-15 13:35:00 | INFO     | 🕯️ [EURUSDm] New M5 bar closed: 1778826600
2026-05-15 13:35:00 | INFO     |   [EURUSDm] WAIT 0/80
2026-05-15 13:35:01 | INFO     | 🕯️ [AUDUSDm] New M5 bar closed: 1778826600
2026-05-15 13:35:01 | INFO     |   [AUDUSDm] WAIT 0/80
2026-05-15 13:39:55 | INFO     | 
══════════════════════════════════════════════════════════════════════
  📊  STATUS V22  [13:39:55 BKK]
  Equity    : $     52.24  (-12.93%)
  DD Daily  : 0.00%   DD Total: 12.93%   Mode: NORMAL
  Session   : PRE_LONDON       H4:NEUTRAL    H1:NEUTRAL   
  Global Pos: 0/3 | Floating Risk: 0.0%/12.0%
  Symbols   : XAUUSDm, EURUSDm, USDJPYm, AUDUSDm, NZDUSDm, USTECm, US30m
  Thresholds: NY=62 LDN=82 NY_EARLY=85 OOS=80
══════════════════════════════════════════════════════════════════════
2026-05-15 13:40:00 | INFO     | 🕯️ [USTECm] New M5 bar closed: 1778826900
2026-05-15 13:40:00 | INFO     |   [USTECm] WAIT 0/80
2026-05-15 13:40:00 | INFO     | 🕯️ [US30m] New M5 bar closed: 1778826900
2026-05-15 13:40:00 | INFO     |   [US30m] BUY 39/80
2026-05-15 13:40:00 | INFO     | 🕯️ [XAUUSDm] New M5 bar closed: 1778826900
2026-05-15 13:40:00 | INFO     |   [XAUUSDm] WAIT 0/80
2026-05-15 13:40:00 | INFO     | 🕯️ [EURUSDm] New M5 bar closed: 1778826900
2026-05-15 13:40:01 | INFO     |   [EURUSDm] WAIT 0/80
2026-05-15 13:40:01 | INFO     | 🕯️ [USDJPYm] New M5 bar closed: 1778826900
2026-05-15 13:40:01 | INFO     |   [USDJPYm] SELL -1/80
2026-05-15 13:40:01 | INFO     | 🕯️ [AUDUSDm] New M5 bar closed: 1778826900
2026-05-15 13:40:01 | INFO     |   [AUDUSDm] WAIT 0/80
2026-05-15 13:40:01 | INFO     | 🕯️ [NZDUSDm] New M5 bar closed: 1778826900
2026-05-15 13:40:01 | INFO     |   [NZDUSDm] WAIT 0/80
2026-05-15 13:44:55 | INFO     | 
══════════════════════════════════════════════════════════════════════
  📊  STATUS V22  [13:44:55 BKK]
  Equity    : $     52.24  (-12.93%)
  DD Daily  : 0.00%   DD Total: 12.93%   Mode: NORMAL
  Session   : PRE_LONDON       H4:BEARISH    H1:NEUTRAL   
  Global Pos: 0/3 | Floating Risk: 0.0%/12.0%
  Symbols   : XAUUSDm, EURUSDm, USDJPYm, AUDUSDm, NZDUSDm, USTECm, US30m
  Thresholds: NY=62 LDN=82 NY_EARLY=85 OOS=80
══════════════════════════════════════════════════════════════════════
2026-05-15 13:45:00 | INFO     | 🕯️ [XAUUSDm] New M5 bar closed: 1778827200
2026-05-15 13:45:00 | INFO     |   [XAUUSDm] WAIT 0/80
2026-05-15 13:45:00 | INFO     | 🕯️ [USDJPYm] New M5 bar closed: 1778827200
2026-05-15 13:45:00 | INFO     |   [USDJPYm] WAIT 0/80
2026-05-15 13:45:00 | INFO     | 🕯️ [AUDUSDm] New M5 bar closed: 1778827200
2026-05-15 13:45:00 | INFO     |   [AUDUSDm] WAIT 0/80
2026-05-15 13:45:00 | INFO     | 🕯️ [USTECm] New M5 bar closed: 1778827200
2026-05-15 13:45:00 | INFO     |   [USTECm] SELL -32/80
2026-05-15 13:45:00 | INFO     | 🕯️ [US30m] New M5 bar closed: 1778827200
2026-05-15 13:45:00 | INFO     |   [US30m] BUY 38/80
2026-05-15 13:45:01 | INFO     | 🕯️ [EURUSDm] New M5 bar closed: 1778827200
2026-05-15 13:45:01 | INFO     |   [EURUSDm] WAIT 0/80
2026-05-15 13:45:01 | INFO     | 🕯️ [NZDUSDm] New M5 bar closed: 1778827200
2026-05-15 13:45:01 | INFO     |   [NZDUSDm] WAIT 0/80
2026-05-15 13:49:55 | INFO     | 
══════════════════════════════════════════════════════════════════════
  📊  STATUS V22  [13:49:55 BKK]
  Equity    : $     52.24  (-12.93%)
  DD Daily  : 0.00%   DD Total: 12.93%   Mode: NORMAL
  Session   : PRE_LONDON       H4:BEARISH    H1:NEUTRAL   
  Global Pos: 0/3 | Floating Risk: 0.0%/12.0%
  Symbols   : XAUUSDm, EURUSDm, USDJPYm, AUDUSDm, NZDUSDm, USTECm, US30m
  Thresholds: NY=62 LDN=82 NY_EARLY=85 OOS=80
══════════════════════════════════════════════════════════════════════
2026-05-15 13:50:00 | INFO     | 🕯️ [XAUUSDm] New M5 bar closed: 1778827500
2026-05-15 13:50:00 | INFO     |   [XAUUSDm] WAIT 0/80
2026-05-15 13:50:00 | INFO     | 🕯️ [EURUSDm] New M5 bar closed: 1778827500
2026-05-15 13:50:00 | INFO     |   [EURUSDm] WAIT 0/80
2026-05-15 13:50:00 | INFO     | 🕯️ [USDJPYm] New M5 bar closed: 1778827500
2026-05-15 13:50:00 | INFO     |   [USDJPYm] WAIT 0/80
2026-05-15 13:50:00 | INFO     | 🕯️ [AUDUSDm] New M5 bar closed: 1778827500
2026-05-15 13:50:00 | INFO     |   [AUDUSDm] WAIT 0/80
2026-05-15 13:50:00 | INFO     | 🕯️ [NZDUSDm] New M5 bar closed: 1778827500
2026-05-15 13:50:00 | INFO     |   [NZDUSDm] WAIT 0/80
2026-05-15 13:50:00 | INFO     | 🕯️ [USTECm] New M5 bar closed: 1778827500
2026-05-15 13:50:00 | INFO     |   [USTECm] WAIT 0/80
2026-05-15 13:50:02 | INFO     | 🕯️ [US30m] New M5 bar closed: 1778827500
2026-05-15 13:50:02 | INFO     |   [US30m] WAIT 0/80
2026-05-15 13:54:55 | INFO     | 
══════════════════════════════════════════════════════════════════════
  📊  STATUS V22  [13:54:55 BKK]
  Equity    : $     52.24  (-12.93%)
  DD Daily  : 0.00%   DD Total: 12.93%   Mode: NORMAL
  Session   : PRE_LONDON       H4:BULLISH    H1:NEUTRAL   
  Global Pos: 0/3 | Floating Risk: 0.0%/12.0%
  Symbols   : XAUUSDm, EURUSDm, USDJPYm, AUDUSDm, NZDUSDm, USTECm, US30m
  Thresholds: NY=62 LDN=82 NY_EARLY=85 OOS=80
══════════════════════════════════════════════════════════════════════
2026-05-15 13:55:00 | INFO     | 🕯️ [XAUUSDm] New M5 bar closed: 1778827800
2026-05-15 13:55:00 | INFO     |   [XAUUSDm] WAIT 0/80
2026-05-15 13:55:00 | INFO     | 🕯️ [USDJPYm] New M5 bar closed: 1778827800
2026-05-15 13:55:00 | INFO     |   [USDJPYm] WAIT 0/80
2026-05-15 13:55:00 | INFO     | 🕯️ [NZDUSDm] New M5 bar closed: 1778827800
2026-05-15 13:55:00 | INFO     |   [NZDUSDm] WAIT 0/80
2026-05-15 13:55:00 | INFO     | 🕯️ [USTECm] New M5 bar closed: 1778827800
2026-05-15 13:55:00 | INFO     |   [USTECm] WAIT 0/80
2026-05-15 13:55:00 | INFO     | 🕯️ [US30m] New M5 bar closed: 1778827800
2026-05-15 13:55:00 | INFO     |   [US30m] WAIT 0/80
2026-05-15 13:55:01 | INFO     | 🕯️ [EURUSDm] New M5 bar closed: 1778827800
2026-05-15 13:55:01 | INFO     |   [EURUSDm] WAIT 0/80
2026-05-15 13:55:01 | INFO     | 🕯️ [AUDUSDm] New M5 bar closed: 1778827800
2026-05-15 13:55:01 | INFO     |   [AUDUSDm] WAIT 0/80
2026-05-15 13:59:55 | INFO     | 
══════════════════════════════════════════════════════════════════════
  📊  STATUS V22  [13:59:55 BKK]
  Equity    : $     52.24  (-12.93%)
  DD Daily  : 0.00%   DD Total: 12.93%   Mode: NORMAL
  Session   : PRE_LONDON       H4:NEUTRAL    H1:NEUTRAL   
  Global Pos: 0/3 | Floating Risk: 0.0%/12.0%
  Symbols   : XAUUSDm, EURUSDm, USDJPYm, AUDUSDm, NZDUSDm, USTECm, US30m
  Thresholds: NY=62 LDN=82 NY_EARLY=85 OOS=80
══════════════════════════════════════════════════════════════════════
2026-05-15 13:59:59 | INFO     | 🕯️ [US30m] New M5 bar closed: 1778828100
2026-05-15 13:59:59 | INFO     |   [US30m] WAIT 0/80
2026-05-15 14:00:00 | INFO     | 🕯️ [XAUUSDm] New M5 bar closed: 1778828100
2026-05-15 14:00:00 | INFO     |   [XAUUSDm] WAIT 0/80
2026-05-15 14:00:00 | INFO     | 🕯️ [EURUSDm] New M5 bar closed: 1778828100
2026-05-15 14:00:00 | INFO     |   [EURUSDm] WAIT 0/80
2026-05-15 14:00:00 | INFO     | 🕯️ [USDJPYm] New M5 bar closed: 1778828100
2026-05-15 14:00:00 | INFO     |   [USDJPYm] WAIT 0/80
2026-05-15 14:00:00 | INFO     | 🕯️ [AUDUSDm] New M5 bar closed: 1778828100
2026-05-15 14:00:00 | INFO     |   [AUDUSDm] SELL -3/80
2026-05-15 14:00:00 | INFO     | 🕯️ [NZDUSDm] New M5 bar closed: 1778828100
2026-05-15 14:00:00 | INFO     |   [NZDUSDm] WAIT 0/80
2026-05-15 14:00:00 | INFO     | 🕯️ [USTECm] New M5 bar closed: 1778828100
2026-05-15 14:00:00 | INFO     |   [USTECm] WAIT 0/80
2026-05-15 14:04:56 | INFO     | 
══════════════════════════════════════════════════════════════════════
  📊  STATUS V22  [14:04:56 BKK]
  Equity    : $     52.24  (-12.93%)
  DD Daily  : 0.00%   DD Total: 12.93%   Mode: NORMAL
  Session   : PRE_LONDON       H4:BULLISH    H1:NEUTRAL   
  Global Pos: 0/3 | Floating Risk: 0.0%/12.0%
  Symbols   : XAUUSDm, EURUSDm, USDJPYm, AUDUSDm, NZDUSDm, USTECm, US30m
  Thresholds: NY=62 LDN=82 NY_EARLY=85 OOS=80
══════════════════════════════════════════════════════════════════════
2026-05-15 14:04:59 | INFO     | 🕯️ [US30m] New M5 bar closed: 1778828400
2026-05-15 14:04:59 | INFO     |   [US30m] WAIT 0/80
2026-05-15 14:05:00 | INFO     | 🕯️ [XAUUSDm] New M5 bar closed: 1778828400
2026-05-15 14:05:00 | INFO     |   [XAUUSDm] WAIT 0/80
2026-05-15 14:05:00 | INFO     | 🕯️ [EURUSDm] New M5 bar closed: 1778828400
2026-05-15 14:05:00 | INFO     |   [EURUSDm] SELL 22/80
2026-05-15 14:05:00 | INFO     | 🕯️ [USDJPYm] New M5 bar closed: 1778828400
2026-05-15 14:05:00 | INFO     |   [USDJPYm] WAIT 0/80
2026-05-15 14:05:00 | INFO     | 🕯️ [AUDUSDm] New M5 bar closed: 1778828400
2026-05-15 14:05:00 | INFO     |   [AUDUSDm] WAIT 0/80
2026-05-15 14:05:00 | INFO     | 🕯️ [NZDUSDm] New M5 bar closed: 1778828400
2026-05-15 14:05:00 | INFO     |   [NZDUSDm] BUY 0/80
2026-05-15 14:05:00 | INFO     | 🕯️ [USTECm] New M5 bar closed: 1778828400
2026-05-15 14:05:00 | INFO     |   [USTECm] WAIT 0/80
2026-05-15 14:09:56 | INFO     | 
══════════════════════════════════════════════════════════════════════
  📊  STATUS V22  [14:09:56 BKK]
  Equity    : $     52.24  (-12.93%)
  DD Daily  : 0.00%   DD Total: 12.93%   Mode: NORMAL
  Session   : LONDON           H4:BULLISH    H1:NEUTRAL   
  Global Pos: 0/3 | Floating Risk: 0.0%/12.0%
  Symbols   : XAUUSDm, EURUSDm, USDJPYm, AUDUSDm, NZDUSDm, USTECm, US30m
  Thresholds: NY=62 LDN=82 NY_EARLY=85 OOS=80
══════════════════════════════════════════════════════════════════════
2026-05-15 14:09:59 | INFO     | 🕯️ [USTECm] New M5 bar closed: 1778828700
2026-05-15 14:09:59 | INFO     |   [USTECm] WAIT 0/80
2026-05-15 14:10:00 | INFO     | 🕯️ [US30m] New M5 bar closed: 1778828700
2026-05-15 14:10:00 | INFO     |   [US30m] WAIT 0/80
2026-05-15 14:10:00 | INFO     | 🕯️ [XAUUSDm] New M5 bar closed: 1778828700
2026-05-15 14:10:00 | INFO     |   [XAUUSDm] WAIT 0/80
2026-05-15 14:10:00 | INFO     | 🕯️ [EURUSDm] New M5 bar closed: 1778828700
2026-05-15 14:10:00 | INFO     |   [EURUSDm] WAIT 0/80
2026-05-15 14:10:00 | INFO     | 🕯️ [USDJPYm] New M5 bar closed: 1778828700
2026-05-15 14:10:00 | INFO     |   [USDJPYm] WAIT 0/80
2026-05-15 14:10:00 | INFO     | 🕯️ [AUDUSDm] New M5 bar closed: 1778828700
2026-05-15 14:10:00 | INFO     |   [AUDUSDm] WAIT 0/80
2026-05-15 14:10:00 | INFO     | 🕯️ [NZDUSDm] New M5 bar closed: 1778828700
2026-05-15 14:10:00 | INFO     |   [NZDUSDm] WAIT 0/80
2026-05-15 14:14:56 | INFO     | 
══════════════════════════════════════════════════════════════════════
  📊  STATUS V22  [14:14:56 BKK]
  Equity    : $     52.24  (-12.93%)
  DD Daily  : 0.00%   DD Total: 12.93%   Mode: NORMAL
  Session   : LONDON           H4:BEARISH    H1:NEUTRAL   
  Global Pos: 0/3 | Floating Risk: 0.0%/12.0%
  Symbols   : XAUUSDm, EURUSDm, USDJPYm, AUDUSDm, NZDUSDm, USTECm, US30m
  Thresholds: NY=62 LDN=82 NY_EARLY=85 OOS=80
══════════════════════════════════════════════════════════════════════
2026-05-15 14:14:59 | INFO     | 🕯️ [NZDUSDm] New M5 bar closed: 1778829000
2026-05-15 14:14:59 | INFO     |   [NZDUSDm] WAIT 0/80
2026-05-15 14:15:00 | INFO     | 🕯️ [USTECm] New M5 bar closed: 1778829000
2026-05-15 14:15:00 | INFO     |   [USTECm] WAIT 0/80
2026-05-15 14:15:00 | INFO     | 🕯️ [US30m] New M5 bar closed: 1778829000
2026-05-15 14:15:00 | INFO     |   [US30m] WAIT 0/80
2026-05-15 14:15:00 | INFO     | 🕯️ [XAUUSDm] New M5 bar closed: 1778829000
2026-05-15 14:15:00 | INFO     |   [XAUUSDm] WAIT 0/80
2026-05-15 14:15:00 | INFO     | 🕯️ [EURUSDm] New M5 bar closed: 1778829000
2026-05-15 14:15:00 | INFO     |   [EURUSDm] WAIT 0/80
2026-05-15 14:15:00 | INFO     | 🕯️ [USDJPYm] New M5 bar closed: 1778829000
2026-05-15 14:15:00 | INFO     |   [USDJPYm] WAIT 0/80
2026-05-15 14:15:00 | INFO     | 🕯️ [AUDUSDm] New M5 bar closed: 1778829000
2026-05-15 14:15:00 | INFO     |   [AUDUSDm] WAIT 0/80
2026-05-15 14:19:56 | INFO     | 
══════════════════════════════════════════════════════════════════════
  📊  STATUS V22  [14:19:56 BKK]
  Equity    : $     52.24  (-12.93%)
  DD Daily  : 0.00%   DD Total: 12.93%   Mode: NORMAL
  Session   : LONDON           H4:NEUTRAL    H1:NEUTRAL   
  Global Pos: 0/3 | Floating Risk: 0.0%/12.0%
  Symbols   : XAUUSDm, EURUSDm, USDJPYm, AUDUSDm, NZDUSDm, USTECm, US30m
  Thresholds: NY=62 LDN=82 NY_EARLY=85 OOS=80
══════════════════════════════════════════════════════════════════════
2026-05-15 14:20:00 | INFO     | 🕯️ [USTECm] New M5 bar closed: 1778829300
2026-05-15 14:20:00 | INFO     |   [USTECm] BUY 36/80
2026-05-15 14:20:00 | INFO     | 🕯️ [US30m] New M5 bar closed: 1778829300
2026-05-15 14:20:00 | INFO     |   [US30m] WAIT 0/80
2026-05-15 14:20:00 | INFO     | 🕯️ [XAUUSDm] New M5 bar closed: 1778829300
2026-05-15 14:20:00 | INFO     |   [XAUUSDm] WAIT 0/80
2026-05-15 14:20:00 | INFO     | 🕯️ [EURUSDm] New M5 bar closed: 1778829300
2026-05-15 14:20:00 | INFO     |   [EURUSDm] WAIT 0/80
2026-05-15 14:20:00 | INFO     | 🕯️ [USDJPYm] New M5 bar closed: 1778829300
2026-05-15 14:20:00 | INFO     |   [USDJPYm] WAIT 0/80
2026-05-15 14:20:01 | INFO     | 🕯️ [AUDUSDm] New M5 bar closed: 1778829300
2026-05-15 14:20:01 | INFO     |   [AUDUSDm] WAIT 0/80
2026-05-15 14:20:01 | INFO     | 🕯️ [NZDUSDm] New M5 bar closed: 1778829300
2026-05-15 14:20:01 | INFO     |   [NZDUSDm] WAIT 0/80
2026-05-15 14:24:56 | INFO     | 
══════════════════════════════════════════════════════════════════════
  📊  STATUS V22  [14:24:56 BKK]
  Equity    : $     52.24  (-12.93%)
  DD Daily  : 0.00%   DD Total: 12.93%   Mode: NORMAL
  Session   : LONDON           H4:BEARISH    H1:NEUTRAL   
  Global Pos: 0/3 | Floating Risk: 0.0%/12.0%
  Symbols   : XAUUSDm, EURUSDm, USDJPYm, AUDUSDm, NZDUSDm, USTECm, US30m
  Thresholds: NY=62 LDN=82 NY_EARLY=85 OOS=80
══════════════════════════════════════════════════════════════════════
2026-05-15 14:24:59 | INFO     | 🕯️ [EURUSDm] New M5 bar closed: 1778829600
2026-05-15 14:24:59 | INFO     |   [EURUSDm] WAIT 0/80
2026-05-15 14:25:00 | INFO     | 🕯️ [NZDUSDm] New M5 bar closed: 1778829600
2026-05-15 14:25:00 | INFO     |   [NZDUSDm] WAIT 0/80
2026-05-15 14:25:00 | INFO     | 🕯️ [USTECm] New M5 bar closed: 1778829600
2026-05-15 14:25:00 | INFO     |   [USTECm] BUY 40/80
2026-05-15 14:25:00 | INFO     | 🕯️ [US30m] New M5 bar closed: 1778829600
2026-05-15 14:25:00 | INFO     |   [US30m] WAIT 0/80
2026-05-15 14:25:00 | INFO     | 🕯️ [XAUUSDm] New M5 bar closed: 1778829600
2026-05-15 14:25:00 | INFO     |   [XAUUSDm] BUY 1/80
2026-05-15 14:25:00 | INFO     | 🕯️ [USDJPYm] New M5 bar closed: 1778829600
2026-05-15 14:25:00 | INFO     |   [USDJPYm] WAIT 0/80
2026-05-15 14:25:01 | INFO     | 🕯️ [AUDUSDm] New M5 bar closed: 1778829600
2026-05-15 14:25:01 | INFO     |   [AUDUSDm] WAIT 0/80
2026-05-15 14:29:56 | INFO     | 
══════════════════════════════════════════════════════════════════════
  📊  STATUS V22  [14:29:56 BKK]
  Equity    : $     52.24  (-12.93%)
  DD Daily  : 0.00%   DD Total: 12.93%   Mode: NORMAL
  Session   : LONDON           H4:NEUTRAL    H1:NEUTRAL   
  Global Pos: 0/3 | Floating Risk: 0.0%/12.0%
  Symbols   : XAUUSDm, EURUSDm, USDJPYm, AUDUSDm, NZDUSDm, USTECm, US30m
  Thresholds: NY=62 LDN=82 NY_EARLY=85 OOS=80
══════════════════════════════════════════════════════════════════════
2026-05-15 14:29:59 | INFO     | 🕯️ [XAUUSDm] New M5 bar closed: 1778829900
2026-05-15 14:29:59 | INFO     |   [XAUUSDm] WAIT 0/80
2026-05-15 14:29:59 | INFO     | 🕯️ [EURUSDm] New M5 bar closed: 1778829900
2026-05-15 14:29:59 | INFO     |   [EURUSDm] WAIT 0/80
2026-05-15 14:30:00 | INFO     | 🕯️ [AUDUSDm] New M5 bar closed: 1778829900
2026-05-15 14:30:00 | INFO     |   [AUDUSDm] BUY 6/80
2026-05-15 14:30:00 | INFO     | 🕯️ [NZDUSDm] New M5 bar closed: 1778829900
2026-05-15 14:30:00 | INFO     |   [NZDUSDm] SELL 64/80
2026-05-15 14:30:00 | INFO     | 🕯️ [USTECm] New M5 bar closed: 1778829900
2026-05-15 14:30:00 | INFO     |   [USTECm] WAIT 0/80
2026-05-15 14:30:00 | INFO     | 🕯️ [US30m] New M5 bar closed: 1778829900
2026-05-15 14:30:00 | INFO     |   [US30m] WAIT 0/80
2026-05-15 14:30:01 | INFO     | 🕯️ [USDJPYm] New M5 bar closed: 1778829900
2026-05-15 14:30:01 | INFO     |   [USDJPYm] WAIT 0/80
2026-05-15 14:34:56 | INFO     | 
══════════════════════════════════════════════════════════════════════
  📊  STATUS V22  [14:34:56 BKK]
  Equity    : $     52.24  (-12.93%)
  DD Daily  : 0.00%   DD Total: 12.93%   Mode: NORMAL
  Session   : LONDON           H4:NEUTRAL    H1:NEUTRAL   
  Global Pos: 0/3 | Floating Risk: 0.0%/12.0%
  Symbols   : XAUUSDm, EURUSDm, USDJPYm, AUDUSDm, NZDUSDm, USTECm, US30m
  Thresholds: NY=62 LDN=82 NY_EARLY=85 OOS=80
══════════════════════════════════════════════════════════════════════
2026-05-15 14:34:59 | INFO     | 🕯️ [EURUSDm] New M5 bar closed: 1778830200
2026-05-15 14:35:00 | INFO     |   [EURUSDm] WAIT 0/80
2026-05-15 14:35:00 | INFO     | 🕯️ [USDJPYm] New M5 bar closed: 1778830200
2026-05-15 14:35:00 | INFO     |   [USDJPYm] WAIT 0/80
2026-05-15 14:35:00 | INFO     | 🕯️ [NZDUSDm] New M5 bar closed: 1778830200
2026-05-15 14:35:00 | INFO     |   [NZDUSDm] WAIT 0/80
2026-05-15 14:35:00 | INFO     | 🕯️ [USTECm] New M5 bar closed: 1778830200
2026-05-15 14:35:00 | INFO     |   [USTECm] WAIT 0/80
2026-05-15 14:35:00 | INFO     | 🕯️ [XAUUSDm] New M5 bar closed: 1778830200
2026-05-15 14:35:00 | INFO     |   [XAUUSDm] WAIT 0/80
2026-05-15 14:35:01 | INFO     | 🕯️ [AUDUSDm] New M5 bar closed: 1778830200
2026-05-15 14:35:01 | INFO     |   [AUDUSDm] WAIT 0/80
2026-05-15 14:35:01 | INFO     | 🕯️ [US30m] New M5 bar closed: 1778830200
2026-05-15 14:35:01 | INFO     |   [US30m] WAIT 0/80
2026-05-15 14:39:56 | INFO     | 
══════════════════════════════════════════════════════════════════════
  📊  STATUS V22  [14:39:56 BKK]
  Equity    : $     52.24  (-12.93%)
  DD Daily  : 0.00%   DD Total: 12.93%   Mode: NORMAL
  Session   : LONDON           H4:BULLISH    H1:NEUTRAL   
  Global Pos: 0/3 | Floating Risk: 0.0%/12.0%
  Symbols   : XAUUSDm, EURUSDm, USDJPYm, AUDUSDm, NZDUSDm, USTECm, US30m
  Thresholds: NY=62 LDN=82 NY_EARLY=85 OOS=80
══════════════════════════════════════════════════════════════════════
2026-05-15 14:39:59 | INFO     | 🕯️ [XAUUSDm] New M5 bar closed: 1778830500
2026-05-15 14:39:59 | INFO     |   [XAUUSDm] WAIT 0/80
2026-05-15 14:40:00 | INFO     | 🕯️ [EURUSDm] New M5 bar closed: 1778830500
2026-05-15 14:40:00 | INFO     |   [EURUSDm] WAIT 0/80
2026-05-15 14:40:00 | INFO     | 🕯️ [USDJPYm] New M5 bar closed: 1778830500
2026-05-15 14:40:00 | INFO     |   [USDJPYm] WAIT 0/80
2026-05-15 14:40:00 | INFO     | 🕯️ [AUDUSDm] New M5 bar closed: 1778830500
2026-05-15 14:40:00 | INFO     |   [AUDUSDm] WAIT 0/80
2026-05-15 14:40:00 | INFO     | 🕯️ [NZDUSDm] New M5 bar closed: 1778830500
2026-05-15 14:40:00 | INFO     |   [NZDUSDm] WAIT 0/80
2026-05-15 14:40:00 | INFO     | 🕯️ [USTECm] New M5 bar closed: 1778830500
2026-05-15 14:40:00 | INFO     |   [USTECm] WAIT 0/80
2026-05-15 14:40:00 | INFO     | 🕯️ [US30m] New M5 bar closed: 1778830500
2026-05-15 14:40:00 | INFO     |   [US30m] WAIT 0/80
2026-05-15 14:44:56 | INFO     | 
══════════════════════════════════════════════════════════════════════
  📊  STATUS V22  [14:44:56 BKK]
  Equity    : $     52.24  (-12.93%)
  DD Daily  : 0.00%   DD Total: 12.93%   Mode: NORMAL
  Session   : LONDON           H4:BULLISH    H1:NEUTRAL   
  Global Pos: 0/3 | Floating Risk: 0.0%/12.0%
  Symbols   : XAUUSDm, EURUSDm, USDJPYm, AUDUSDm, NZDUSDm, USTECm, US30m
  Thresholds: NY=62 LDN=82 NY_EARLY=85 OOS=80
══════════════════════════════════════════════════════════════════════
2026-05-15 14:45:00 | INFO     | 🕯️ [XAUUSDm] New M5 bar closed: 1778830800
2026-05-15 14:45:00 | INFO     |   [XAUUSDm] WAIT 0/80
2026-05-15 14:45:00 | INFO     | 🕯️ [EURUSDm] New M5 bar closed: 1778830800
2026-05-15 14:45:00 | INFO     |   [EURUSDm] WAIT 0/80
2026-05-15 14:45:00 | INFO     | 🕯️ [AUDUSDm] New M5 bar closed: 1778830800
2026-05-15 14:45:00 | INFO     |   [AUDUSDm] WAIT 0/80
2026-05-15 14:45:00 | INFO     | 🕯️ [NZDUSDm] New M5 bar closed: 1778830800
2026-05-15 14:45:00 | INFO     |   [NZDUSDm] WAIT 0/80
2026-05-15 14:45:00 | INFO     | 🕯️ [USTECm] New M5 bar closed: 1778830800
2026-05-15 14:45:00 | INFO     |   [USTECm] WAIT 0/80
2026-05-15 14:45:00 | INFO     | 🕯️ [US30m] New M5 bar closed: 1778830800
2026-05-15 14:45:00 | INFO     |   [US30m] WAIT 0/80
2026-05-15 14:45:01 | INFO     | 🕯️ [USDJPYm] New M5 bar closed: 1778830800
2026-05-15 14:45:01 | INFO     |   [USDJPYm] WAIT 0/80
2026-05-15 14:49:56 | INFO     | 
══════════════════════════════════════════════════════════════════════
  📊  STATUS V22  [14:49:56 BKK]
  Equity    : $     52.24  (-12.93%)
  DD Daily  : 0.00%   DD Total: 12.93%   Mode: NORMAL
  Session   : LONDON           H4:NEUTRAL    H1:NEUTRAL   
  Global Pos: 0/3 | Floating Risk: 0.0%/12.0%
  Symbols   : XAUUSDm, EURUSDm, USDJPYm, AUDUSDm, NZDUSDm, USTECm, US30m
  Thresholds: NY=62 LDN=82 NY_EARLY=85 OOS=80
══════════════════════════════════════════════════════════════════════
2026-05-15 14:50:00 | INFO     | 🕯️ [XAUUSDm] New M5 bar closed: 1778831100
2026-05-15 14:50:00 | INFO     |   [XAUUSDm] WAIT 0/80
2026-05-15 14:50:00 | INFO     | 🕯️ [EURUSDm] New M5 bar closed: 1778831100
2026-05-15 14:50:00 | INFO     |   [EURUSDm] WAIT 0/80
2026-05-15 14:50:00 | INFO     | 🕯️ [USDJPYm] New M5 bar closed: 1778831100
2026-05-15 14:50:00 | INFO     |   [USDJPYm] WAIT 0/80
2026-05-15 14:50:00 | INFO     | 🕯️ [NZDUSDm] New M5 bar closed: 1778831100
2026-05-15 14:50:00 | INFO     |   [NZDUSDm] WAIT 0/80
2026-05-15 14:50:00 | INFO     | 🕯️ [USTECm] New M5 bar closed: 1778831100
2026-05-15 14:50:00 | INFO     |   [USTECm] WAIT 0/80
2026-05-15 14:50:00 | INFO     | 🕯️ [US30m] New M5 bar closed: 1778831100
2026-05-15 14:50:00 | INFO     |   [US30m] WAIT 0/80
2026-05-15 14:50:01 | INFO     | 🕯️ [AUDUSDm] New M5 bar closed: 1778831100
2026-05-15 14:50:01 | INFO     |   [AUDUSDm] WAIT 0/80
2026-05-15 14:53:55 | WARNING  | Signal 2 → shutdown
2026-05-15 14:53:56 | WARNING  | 🚨 SHUTDOWN — EXIT
2026-05-15 14:53:56 | WARNING  | 🚨 Final: equity$52.24 balance$52.24
2026-05-15 14:53:56 | WARNING  | 🚨 SHUTDOWN COMPLETE.
2026-05-15 14:53:56 | INFO     | MT5 offline. Bot V.23 terminated.
2026-05-15 15:40:35 | INFO     | Bot V.23 starting
2026-05-15 15:40:35 | INFO     | ✅ DB V22 schema ready
2026-05-15 15:40:35 | WARNING  | 🔌 Reconnect #1 in 5s
2026-05-15 15:40:39 | INFO     | ✅ Reconnected on attempt #1
2026-05-15 15:40:39 | INFO     | Startup orphan SL scan…
2026-05-15 15:40:39 | INFO     | 🌐 Round-Robin scanner ACTIVE | XAUUSDm, EURUSDm, USDJPYm, AUDUSDm, NZDUSDm, USTECm, US30m
2026-05-15 15:40:39 | INFO     | 🕯️ [XAUUSDm] New M5 bar closed: 1778834100
2026-05-15 15:40:40 | INFO     |   [XAUUSDm] WAIT 0/80
2026-05-15 15:40:40 | INFO     | 🕯️ [EURUSDm] New M5 bar closed: 1778834100
2026-05-15 15:40:40 | INFO     |   [EURUSDm] WAIT 0/80
2026-05-15 15:40:41 | INFO     | 🕯️ [USDJPYm] New M5 bar closed: 1778834100
2026-05-15 15:40:41 | INFO     |   [USDJPYm] WAIT 0/80
2026-05-15 15:40:41 | INFO     | 🕯️ [AUDUSDm] New M5 bar closed: 1778834100
2026-05-15 15:40:41 | INFO     |   [AUDUSDm] WAIT 0/80
2026-05-15 15:40:41 | INFO     | 🕯️ [NZDUSDm] New M5 bar closed: 1778834100
2026-05-15 15:40:41 | INFO     |   [NZDUSDm] WAIT 0/80
2026-05-15 15:40:41 | INFO     | 🕯️ [USTECm] New M5 bar closed: 1778834100
2026-05-15 15:40:41 | INFO     |   [USTECm] BUY 66/80
2026-05-15 15:40:41 | INFO     | 🕯️ [US30m] New M5 bar closed: 1778834100
2026-05-15 15:40:41 | INFO     |   [US30m] WAIT 0/80
2026-05-15 15:44:59 | INFO     | 🕯️ [XAUUSDm] New M5 bar closed: 1778834400
2026-05-15 15:44:59 | INFO     |   [XAUUSDm] WAIT 0/80
2026-05-15 15:44:59 | INFO     | 🕯️ [EURUSDm] New M5 bar closed: 1778834400
2026-05-15 15:44:59 | INFO     |   [EURUSDm] WAIT 0/80
2026-05-15 15:44:59 | INFO     | 🕯️ [USDJPYm] New M5 bar closed: 1778834400
2026-05-15 15:44:59 | INFO     |   [USDJPYm] WAIT 0/80
2026-05-15 15:44:59 | INFO     | 🕯️ [NZDUSDm] New M5 bar closed: 1778834400
2026-05-15 15:44:59 | INFO     |   [NZDUSDm] WAIT 0/80
2026-05-15 15:45:00 | INFO     | 🕯️ [USTECm] New M5 bar closed: 1778834400
2026-05-15 15:45:00 | INFO     |   [USTECm] WAIT 0/80
2026-05-15 15:45:00 | INFO     | 🕯️ [US30m] New M5 bar closed: 1778834400
2026-05-15 15:45:00 | INFO     |   [US30m] SELL 4/80
2026-05-15 15:45:00 | INFO     | 🕯️ [AUDUSDm] New M5 bar closed: 1778834400
2026-05-15 15:45:00 | INFO     |   [AUDUSDm] WAIT 0/80
2026-05-15 15:45:39 | INFO     | 
══════════════════════════════════════════════════════════════════════
  📊  STATUS V22  [15:45:39 BKK]
  Equity    : $     52.24  (-12.93%)
  DD Daily  : 0.00%   DD Total: 12.93%   Mode: NORMAL
  Session   : LONDON           H4:NEUTRAL    H1:NEUTRAL   
  Global Pos: 0/3 | Floating Risk: 0.0%/12.0%
  Symbols   : XAUUSDm, EURUSDm, USDJPYm, AUDUSDm, NZDUSDm, USTECm, US30m
  Thresholds: NY=62 LDN=82 NY_EARLY=85 OOS=80
══════════════════════════════════════════════════════════════════════
2026-05-15 15:49:59 | INFO     | 🕯️ [NZDUSDm] New M5 bar closed: 1778834700
2026-05-15 15:49:59 | INFO     |   [NZDUSDm] WAIT 0/80
2026-05-15 15:49:59 | INFO     | 🕯️ [USTECm] New M5 bar closed: 1778834700
2026-05-15 15:49:59 | INFO     |   [USTECm] WAIT 0/80
2026-05-15 15:49:59 | INFO     | 🕯️ [US30m] New M5 bar closed: 1778834700
2026-05-15 15:49:59 | INFO     |   [US30m] BUY 54/80
2026-05-15 15:50:00 | INFO     | 🕯️ [XAUUSDm] New M5 bar closed: 1778834700
2026-05-15 15:50:00 | INFO     |   [XAUUSDm] WAIT 0/80
2026-05-15 15:50:00 | INFO     | 🕯️ [EURUSDm] New M5 bar closed: 1778834700
2026-05-15 15:50:00 | INFO     |   [EURUSDm] WAIT 0/80
2026-05-15 15:50:00 | INFO     | 🕯️ [USDJPYm] New M5 bar closed: 1778834700
2026-05-15 15:50:00 | INFO     |   [USDJPYm] WAIT 0/80
2026-05-15 15:50:00 | INFO     | 🕯️ [AUDUSDm] New M5 bar closed: 1778834700
2026-05-15 15:50:00 | INFO     |   [AUDUSDm] WAIT 0/80
2026-05-15 15:50:40 | INFO     | 
══════════════════════════════════════════════════════════════════════
  📊  STATUS V22  [15:50:40 BKK]
  Equity    : $     52.24  (-12.93%)
  DD Daily  : 0.00%   DD Total: 12.93%   Mode: NORMAL
  Session   : LONDON           H4:NEUTRAL    H1:NEUTRAL   
  Global Pos: 0/3 | Floating Risk: 0.0%/12.0%
  Symbols   : XAUUSDm, EURUSDm, USDJPYm, AUDUSDm, NZDUSDm, USTECm, US30m
  Thresholds: NY=62 LDN=82 NY_EARLY=85 OOS=80
══════════════════════════════════════════════════════════════════════
2026-05-15 15:54:59 | INFO     | 🕯️ [XAUUSDm] New M5 bar closed: 1778835000
2026-05-15 15:54:59 | INFO     |   [XAUUSDm] WAIT 0/80
2026-05-15 15:54:59 | INFO     | 🕯️ [USDJPYm] New M5 bar closed: 1778835000
2026-05-15 15:54:59 | INFO     |   [USDJPYm] WAIT 0/80
2026-05-15 15:55:00 | INFO     | 🕯️ [AUDUSDm] New M5 bar closed: 1778835000
2026-05-15 15:55:00 | INFO     |   [AUDUSDm] WAIT 0/80
2026-05-15 15:55:00 | INFO     | 🕯️ [NZDUSDm] New M5 bar closed: 1778835000
2026-05-15 15:55:00 | INFO     |   [NZDUSDm] WAIT 0/80
2026-05-15 15:55:00 | INFO     | 🕯️ [USTECm] New M5 bar closed: 1778835000
2026-05-15 15:55:00 | INFO     |   [USTECm] WAIT 0/80
2026-05-15 15:55:00 | INFO     | 🕯️ [US30m] New M5 bar closed: 1778835000
2026-05-15 15:55:00 | INFO     |   [US30m] BUY 53/80
2026-05-15 15:55:00 | INFO     | 🕯️ [EURUSDm] New M5 bar closed: 1778835000
2026-05-15 15:55:00 | INFO     |   [EURUSDm] WAIT 0/80
2026-05-15 15:55:40 | INFO     | 
══════════════════════════════════════════════════════════════════════
  📊  STATUS V22  [15:55:40 BKK]
  Equity    : $     52.24  (-12.93%)
  DD Daily  : 0.00%   DD Total: 12.93%   Mode: NORMAL
  Session   : LONDON           H4:NEUTRAL    H1:NEUTRAL   
  Global Pos: 0/3 | Floating Risk: 0.0%/12.0%
  Symbols   : XAUUSDm, EURUSDm, USDJPYm, AUDUSDm, NZDUSDm, USTECm, US30m
  Thresholds: NY=62 LDN=82 NY_EARLY=85 OOS=80
══════════════════════════════════════════════════════════════════════
2026-05-15 15:59:59 | INFO     | 🕯️ [EURUSDm] New M5 bar closed: 1778835300
2026-05-15 15:59:59 | INFO     |   [EURUSDm] WAIT 0/80
2026-05-15 15:59:59 | INFO     | 🕯️ [USDJPYm] New M5 bar closed: 1778835300
2026-05-15 15:59:59 | INFO     |   [USDJPYm] BUY 16/80
2026-05-15 15:59:59 | INFO     | 🕯️ [AUDUSDm] New M5 bar closed: 1778835300
2026-05-15 15:59:59 | INFO     |   [AUDUSDm] WAIT 0/80
2026-05-15 15:59:59 | INFO     | 🕯️ [NZDUSDm] New M5 bar closed: 1778835300
2026-05-15 15:59:59 | INFO     |   [NZDUSDm] WAIT 0/80
2026-05-15 15:59:59 | INFO     | 🕯️ [USTECm] New M5 bar closed: 1778835300
2026-05-15 15:59:59 | INFO     |   [USTECm] WAIT 0/80
2026-05-15 15:59:59 | INFO     | 🕯️ [US30m] New M5 bar closed: 1778835300
2026-05-15 15:59:59 | INFO     |   [US30m] BUY 53/80
2026-05-15 16:00:00 | INFO     | 🕯️ [XAUUSDm] New M5 bar closed: 1778835300
2026-05-15 16:00:00 | INFO     |   [XAUUSDm] WAIT 0/80
2026-05-15 16:00:41 | INFO     | 
══════════════════════════════════════════════════════════════════════
  📊  STATUS V22  [16:00:41 BKK]
  Equity    : $     52.24  (-12.93%)
  DD Daily  : 0.00%   DD Total: 12.93%   Mode: NORMAL
  Session   : LONDON           H4:NEUTRAL    H1:BEARISH   
  Global Pos: 0/3 | Floating Risk: 0.0%/12.0%
  Symbols   : XAUUSDm, EURUSDm, USDJPYm, AUDUSDm, NZDUSDm, USTECm, US30m
  Thresholds: NY=62 LDN=82 NY_EARLY=85 OOS=80
══════════════════════════════════════════════════════════════════════
2026-05-15 16:04:59 | INFO     | 🕯️ [USTECm] New M5 bar closed: 1778835600
2026-05-15 16:04:59 | INFO     |   [USTECm] WAIT 0/80
2026-05-15 16:04:59 | INFO     | 🕯️ [US30m] New M5 bar closed: 1778835600
2026-05-15 16:04:59 | INFO     |   [US30m] WAIT 0/80
2026-05-15 16:04:59 | INFO     | 🕯️ [XAUUSDm] New M5 bar closed: 1778835600
2026-05-15 16:04:59 | INFO     |   [XAUUSDm] WAIT 0/80
2026-05-15 16:04:59 | INFO     | 🕯️ [EURUSDm] New M5 bar closed: 1778835600
2026-05-15 16:04:59 | INFO     |   [EURUSDm] WAIT 0/80
2026-05-15 16:05:00 | INFO     | 🕯️ [USDJPYm] New M5 bar closed: 1778835600
2026-05-15 16:05:00 | INFO     |   [USDJPYm] BUY 15/80
2026-05-15 16:05:00 | INFO     | 🕯️ [AUDUSDm] New M5 bar closed: 1778835600
2026-05-15 16:05:00 | INFO     |   [AUDUSDm] WAIT 0/80
2026-05-15 16:05:00 | INFO     | 🕯️ [NZDUSDm] New M5 bar closed: 1778835600
2026-05-15 16:05:00 | INFO     |   [NZDUSDm] WAIT 0/80
2026-05-15 16:05:41 | INFO     | 
══════════════════════════════════════════════════════════════════════
  📊  STATUS V22  [16:05:41 BKK]
  Equity    : $     52.24  (-12.93%)
  DD Daily  : 0.00%   DD Total: 12.93%   Mode: NORMAL
  Session   : LONDON           H4:BEARISH    H1:NEUTRAL   
  Global Pos: 0/3 | Floating Risk: 0.0%/12.0%
  Symbols   : XAUUSDm, EURUSDm, USDJPYm, AUDUSDm, NZDUSDm, USTECm, US30m
  Thresholds: NY=62 LDN=82 NY_EARLY=85 OOS=80
══════════════════════════════════════════════════════════════════════
2026-05-15 16:09:59 | INFO     | 🕯️ [XAUUSDm] New M5 bar closed: 1778835900
2026-05-15 16:09:59 | INFO     |   [XAUUSDm] WAIT 0/80
2026-05-15 16:09:59 | INFO     | 🕯️ [EURUSDm] New M5 bar closed: 1778835900
2026-05-15 16:09:59 | INFO     |   [EURUSDm] WAIT 0/80
2026-05-15 16:09:59 | INFO     | 🕯️ [USDJPYm] New M5 bar closed: 1778835900
2026-05-15 16:09:59 | INFO     |   [USDJPYm] WAIT 0/80
2026-05-15 16:09:59 | INFO     | 🕯️ [AUDUSDm] New M5 bar closed: 1778835900
2026-05-15 16:09:59 | INFO     |   [AUDUSDm] WAIT 0/80
2026-05-15 16:09:59 | INFO     | 🕯️ [NZDUSDm] New M5 bar closed: 1778835900
2026-05-15 16:09:59 | INFO     |   [NZDUSDm] WAIT 0/80
2026-05-15 16:09:59 | INFO     | 🕯️ [USTECm] New M5 bar closed: 1778835900
2026-05-15 16:10:00 | INFO     |   [USTECm] WAIT 0/80
2026-05-15 16:10:00 | INFO     | 🕯️ [US30m] New M5 bar closed: 1778835900
2026-05-15 16:10:00 | INFO     |   [US30m] WAIT 0/80
2026-05-15 16:10:42 | INFO     | 
══════════════════════════════════════════════════════════════════════
  📊  STATUS V22  [16:10:42 BKK]
  Equity    : $     52.24  (-12.93%)
  DD Daily  : 0.00%   DD Total: 12.93%   Mode: NORMAL
  Session   : LONDON           H4:BULLISH    H1:NEUTRAL   
  Global Pos: 0/3 | Floating Risk: 0.0%/12.0%
  Symbols   : XAUUSDm, EURUSDm, USDJPYm, AUDUSDm, NZDUSDm, USTECm, US30m
  Thresholds: NY=62 LDN=82 NY_EARLY=85 OOS=80
══════════════════════════════════════════════════════════════════════
2026-05-15 16:14:59 | INFO     | 🕯️ [AUDUSDm] New M5 bar closed: 1778836200
2026-05-15 16:14:59 | INFO     |   [AUDUSDm] WAIT 0/80
2026-05-15 16:14:59 | INFO     | 🕯️ [USTECm] New M5 bar closed: 1778836200
2026-05-15 16:14:59 | INFO     |   [USTECm] WAIT 0/80
2026-05-15 16:14:59 | INFO     | 🕯️ [US30m] New M5 bar closed: 1778836200
2026-05-15 16:14:59 | INFO     |   [US30m] WAIT 0/80
2026-05-15 16:15:00 | INFO     | 🕯️ [XAUUSDm] New M5 bar closed: 1778836200
2026-05-15 16:15:00 | INFO     |   [XAUUSDm] WAIT 0/80
2026-05-15 16:15:00 | INFO     | 🕯️ [EURUSDm] New M5 bar closed: 1778836200
2026-05-15 16:15:00 | INFO     |   [EURUSDm] WAIT 0/80
2026-05-15 16:15:00 | INFO     | 🕯️ [USDJPYm] New M5 bar closed: 1778836200
2026-05-15 16:15:00 | INFO     |   [USDJPYm] WAIT 0/80
2026-05-15 16:15:00 | INFO     | 🕯️ [NZDUSDm] New M5 bar closed: 1778836200
2026-05-15 16:15:00 | INFO     |   [NZDUSDm] WAIT 0/80
2026-05-15 16:15:43 | INFO     | 
══════════════════════════════════════════════════════════════════════
  📊  STATUS V22  [16:15:43 BKK]
  Equity    : $     52.24  (-12.93%)
  DD Daily  : 0.00%   DD Total: 12.93%   Mode: NORMAL
  Session   : LONDON           H4:BEARISH    H1:NEUTRAL   
  Global Pos: 0/3 | Floating Risk: 0.0%/12.0%
  Symbols   : XAUUSDm, EURUSDm, USDJPYm, AUDUSDm, NZDUSDm, USTECm, US30m
  Thresholds: NY=62 LDN=82 NY_EARLY=85 OOS=80
══════════════════════════════════════════════════════════════════════
2026-05-15 16:19:59 | INFO     | 🕯️ [XAUUSDm] New M5 bar closed: 1778836500
2026-05-15 16:19:59 | INFO     |   [XAUUSDm] WAIT 0/80
2026-05-15 16:19:59 | INFO     | 🕯️ [EURUSDm] New M5 bar closed: 1778836500
2026-05-15 16:19:59 | INFO     |   [EURUSDm] WAIT 0/80
2026-05-15 16:20:00 | INFO     | 🕯️ [AUDUSDm] New M5 bar closed: 1778836500
2026-05-15 16:20:00 | INFO     |   [AUDUSDm] WAIT 0/80
2026-05-15 16:20:00 | INFO     | 🕯️ [NZDUSDm] New M5 bar closed: 1778836500
2026-05-15 16:20:00 | INFO     |   [NZDUSDm] WAIT 0/80
2026-05-15 16:20:00 | INFO     | 🕯️ [USTECm] New M5 bar closed: 1778836500
2026-05-15 16:20:00 | INFO     |   [USTECm] WAIT 0/80
2026-05-15 16:20:00 | INFO     | 🕯️ [US30m] New M5 bar closed: 1778836500
2026-05-15 16:20:00 | INFO     |   [US30m] WAIT 0/80
2026-05-15 16:20:00 | INFO     | 🕯️ [USDJPYm] New M5 bar closed: 1778836500
2026-05-15 16:20:00 | INFO     |   [USDJPYm] BUY 14/80
2026-05-15 16:20:43 | INFO     | 
══════════════════════════════════════════════════════════════════════
  📊  STATUS V22  [16:20:43 BKK]
  Equity    : $     52.24  (-12.93%)
  DD Daily  : 0.00%   DD Total: 12.93%   Mode: NORMAL
  Session   : LONDON           H4:NEUTRAL    H1:NEUTRAL   
  Global Pos: 0/3 | Floating Risk: 0.0%/12.0%
  Symbols   : XAUUSDm, EURUSDm, USDJPYm, AUDUSDm, NZDUSDm, USTECm, US30m
  Thresholds: NY=62 LDN=82 NY_EARLY=85 OOS=80
══════════════════════════════════════════════════════════════════════
2026-05-15 16:24:59 | INFO     | 🕯️ [EURUSDm] New M5 bar closed: 1778836800
2026-05-15 16:24:59 | INFO     |   [EURUSDm] SELL 21/80
2026-05-15 16:24:59 | INFO     | 🕯️ [USDJPYm] New M5 bar closed: 1778836800
2026-05-15 16:24:59 | INFO     |   [USDJPYm] BUY 14/80
2026-05-15 16:24:59 | INFO     | 🕯️ [NZDUSDm] New M5 bar closed: 1778836800
2026-05-15 16:24:59 | INFO     |   [NZDUSDm] SELL 49/80
2026-05-15 16:24:59 | INFO     | 🕯️ [USTECm] New M5 bar closed: 1778836800
2026-05-15 16:24:59 | INFO     |   [USTECm] WAIT 0/80
2026-05-15 16:24:59 | INFO     | 🕯️ [US30m] New M5 bar closed: 1778836800
2026-05-15 16:25:00 | INFO     |   [US30m] WAIT 0/80
2026-05-15 16:25:00 | INFO     | 🕯️ [XAUUSDm] New M5 bar closed: 1778836800
2026-05-15 16:25:00 | INFO     |   [XAUUSDm] WAIT 0/80
2026-05-15 16:25:00 | INFO     | 🕯️ [AUDUSDm] New M5 bar closed: 1778836800
2026-05-15 16:25:00 | INFO     |   [AUDUSDm] WAIT 0/80
2026-05-15 16:25:44 | INFO     | 
══════════════════════════════════════════════════════════════════════
  📊  STATUS V22  [16:25:44 BKK]
  Equity    : $     52.24  (-12.93%)
  DD Daily  : 0.00%   DD Total: 12.93%   Mode: NORMAL
  Session   : LONDON           H4:NEUTRAL    H1:NEUTRAL   
  Global Pos: 0/3 | Floating Risk: 0.0%/12.0%
  Symbols   : XAUUSDm, EURUSDm, USDJPYm, AUDUSDm, NZDUSDm, USTECm, US30m
  Thresholds: NY=62 LDN=82 NY_EARLY=85 OOS=80
══════════════════════════════════════════════════════════════════════
2026-05-15 16:29:59 | INFO     | 🕯️ [NZDUSDm] New M5 bar closed: 1778837100
2026-05-15 16:29:59 | INFO     |   [NZDUSDm] WAIT 0/80
2026-05-15 16:29:59 | INFO     | 🕯️ [USTECm] New M5 bar closed: 1778837100
2026-05-15 16:29:59 | INFO     |   [USTECm] WAIT 0/80
2026-05-15 16:29:59 | INFO     | 🕯️ [US30m] New M5 bar closed: 1778837100
2026-05-15 16:29:59 | INFO     |   [US30m] WAIT 0/80
2026-05-15 16:30:00 | INFO     | 🕯️ [XAUUSDm] New M5 bar closed: 1778837100
2026-05-15 16:30:00 | INFO     |   [XAUUSDm] WAIT 0/80
2026-05-15 16:30:00 | INFO     | 🕯️ [EURUSDm] New M5 bar closed: 1778837100
2026-05-15 16:30:00 | INFO     |   [EURUSDm] BUY 16/80
2026-05-15 16:30:00 | INFO     | 🕯️ [USDJPYm] New M5 bar closed: 1778837100
2026-05-15 16:30:00 | INFO     |   [USDJPYm] WAIT 0/80
2026-05-15 16:30:00 | INFO     | 🕯️ [AUDUSDm] New M5 bar closed: 1778837100
2026-05-15 16:30:00 | INFO     |   [AUDUSDm] SELL 7/80
2026-05-15 16:30:45 | INFO     | 
══════════════════════════════════════════════════════════════════════
  📊  STATUS V22  [16:30:45 BKK]
  Equity    : $     52.24  (-12.93%)
  DD Daily  : 0.00%   DD Total: 12.93%   Mode: NORMAL
  Session   : LONDON           H4:NEUTRAL    H1:NEUTRAL   
  Global Pos: 0/3 | Floating Risk: 0.0%/12.0%
  Symbols   : XAUUSDm, EURUSDm, USDJPYm, AUDUSDm, NZDUSDm, USTECm, US30m
  Thresholds: NY=62 LDN=82 NY_EARLY=85 OOS=80
══════════════════════════════════════════════════════════════════════
2026-05-15 16:34:59 | INFO     | 🕯️ [XAUUSDm] New M5 bar closed: 1778837400
2026-05-15 16:34:59 | INFO     |   [XAUUSDm] WAIT 0/80
2026-05-15 16:34:59 | INFO     | 🕯️ [USDJPYm] New M5 bar closed: 1778837400
2026-05-15 16:34:59 | INFO     |   [USDJPYm] WAIT 0/80
2026-05-15 16:34:59 | INFO     | 🕯️ [AUDUSDm] New M5 bar closed: 1778837400
2026-05-15 16:34:59 | INFO     |   [AUDUSDm] WAIT 0/80
2026-05-15 16:35:00 | INFO     | 🕯️ [NZDUSDm] New M5 bar closed: 1778837400
2026-05-15 16:35:00 | INFO     |   [NZDUSDm] WAIT 0/80
2026-05-15 16:35:00 | INFO     | 🕯️ [USTECm] New M5 bar closed: 1778837400
2026-05-15 16:35:00 | INFO     |   [USTECm] WAIT 0/80
2026-05-15 16:35:00 | INFO     | 🕯️ [US30m] New M5 bar closed: 1778837400
2026-05-15 16:35:00 | INFO     |   [US30m] WAIT 0/80
2026-05-15 16:35:00 | INFO     | 🕯️ [EURUSDm] New M5 bar closed: 1778837400
2026-05-15 16:35:00 | INFO     |   [EURUSDm] BUY 20/80
2026-05-15 16:35:45 | INFO     | 
══════════════════════════════════════════════════════════════════════
  📊  STATUS V22  [16:35:45 BKK]
  Equity    : $     52.24  (-12.93%)
  DD Daily  : 0.00%   DD Total: 12.93%   Mode: NORMAL
  Session   : LONDON           H4:NEUTRAL    H1:NEUTRAL   
  Global Pos: 0/3 | Floating Risk: 0.0%/12.0%
  Symbols   : XAUUSDm, EURUSDm, USDJPYm, AUDUSDm, NZDUSDm, USTECm, US30m
  Thresholds: NY=62 LDN=82 NY_EARLY=85 OOS=80
══════════════════════════════════════════════════════════════════════
2026-05-15 16:39:59 | INFO     | 🕯️ [EURUSDm] New M5 bar closed: 1778837700
2026-05-15 16:39:59 | INFO     |   [EURUSDm] SELL 25/80
2026-05-15 16:39:59 | INFO     | 🕯️ [AUDUSDm] New M5 bar closed: 1778837700
2026-05-15 16:39:59 | INFO     |   [AUDUSDm] WAIT 0/80
2026-05-15 16:39:59 | INFO     | 🕯️ [NZDUSDm] New M5 bar closed: 1778837700
2026-05-15 16:39:59 | INFO     |   [NZDUSDm] WAIT 0/80
2026-05-15 16:39:59 | INFO     | 🕯️ [USTECm] New M5 bar closed: 1778837700
2026-05-15 16:39:59 | INFO     |   [USTECm] WAIT 0/80
2026-05-15 16:39:59 | INFO     | 🕯️ [US30m] New M5 bar closed: 1778837700
2026-05-15 16:39:59 | INFO     |   [US30m] WAIT 0/80
2026-05-15 16:40:00 | INFO     | 🕯️ [XAUUSDm] New M5 bar closed: 1778837700
2026-05-15 16:40:00 | INFO     |   [XAUUSDm] WAIT 0/80
2026-05-15 16:40:00 | INFO     | 🕯️ [USDJPYm] New M5 bar closed: 1778837700
2026-05-15 16:40:00 | INFO     |   [USDJPYm] WAIT 0/80
2026-05-15 16:40:46 | INFO     | 
══════════════════════════════════════════════════════════════════════
  📊  STATUS V22  [16:40:46 BKK]
  Equity    : $     52.24  (-12.93%)
  DD Daily  : 0.00%   DD Total: 12.93%   Mode: NORMAL
  Session   : LONDON           H4:NEUTRAL    H1:NEUTRAL   
  Global Pos: 0/3 | Floating Risk: 0.0%/12.0%
  Symbols   : XAUUSDm, EURUSDm, USDJPYm, AUDUSDm, NZDUSDm, USTECm, US30m
  Thresholds: NY=62 LDN=82 NY_EARLY=85 OOS=80
══════════════════════════════════════════════════════════════════════
2026-05-15 16:44:59 | INFO     | 🕯️ [USTECm] New M5 bar closed: 1778838000
2026-05-15 16:44:59 | INFO     |   [USTECm] WAIT 0/80
2026-05-15 16:44:59 | INFO     | 🕯️ [US30m] New M5 bar closed: 1778838000
2026-05-15 16:44:59 | INFO     |   [US30m] WAIT 0/80
2026-05-15 16:44:59 | INFO     | 🕯️ [XAUUSDm] New M5 bar closed: 1778838000
2026-05-15 16:44:59 | INFO     |   [XAUUSDm] WAIT 0/80
2026-05-15 16:45:00 | INFO     | 🕯️ [USDJPYm] New M5 bar closed: 1778838000
2026-05-15 16:45:00 | INFO     |   [USDJPYm] WAIT 0/80
2026-05-15 16:45:00 | INFO     | 🕯️ [AUDUSDm] New M5 bar closed: 1778838000
2026-05-15 16:45:00 | INFO     |   [AUDUSDm] WAIT 0/80
2026-05-15 16:45:00 | INFO     | 🕯️ [NZDUSDm] New M5 bar closed: 1778838000
2026-05-15 16:45:00 | INFO     |   [NZDUSDm] WAIT 0/80
2026-05-15 16:45:01 | INFO     | 🕯️ [EURUSDm] New M5 bar closed: 1778838000
2026-05-15 16:45:01 | INFO     |   [EURUSDm] WAIT 0/80
2026-05-15 16:45:46 | INFO     | 
══════════════════════════════════════════════════════════════════════
  📊  STATUS V22  [16:45:46 BKK]
  Equity    : $     52.24  (-12.93%)
  DD Daily  : 0.00%   DD Total: 12.93%   Mode: NORMAL
  Session   : LONDON           H4:NEUTRAL    H1:NEUTRAL   
  Global Pos: 0/3 | Floating Risk: 0.0%/12.0%
  Symbols   : XAUUSDm, EURUSDm, USDJPYm, AUDUSDm, NZDUSDm, USTECm, US30m
  Thresholds: NY=62 LDN=82 NY_EARLY=85 OOS=80
══════════════════════════════════════════════════════════════════════
2026-05-15 16:49:59 | INFO     | 🕯️ [XAUUSDm] New M5 bar closed: 1778838300
2026-05-15 16:49:59 | INFO     |   [XAUUSDm] WAIT 0/80
2026-05-15 16:49:59 | INFO     | 🕯️ [EURUSDm] New M5 bar closed: 1778838300
2026-05-15 16:49:59 | INFO     |   [EURUSDm] WAIT 0/80
2026-05-15 16:49:59 | INFO     | 🕯️ [USDJPYm] New M5 bar closed: 1778838300
2026-05-15 16:49:59 | INFO     |   [USDJPYm] WAIT 0/80
2026-05-15 16:49:59 | INFO     | 🕯️ [AUDUSDm] New M5 bar closed: 1778838300
2026-05-15 16:49:59 | INFO     |   [AUDUSDm] WAIT 0/80
2026-05-15 16:50:00 | INFO     | 🕯️ [NZDUSDm] New M5 bar closed: 1778838300
2026-05-15 16:50:00 | INFO     |   [NZDUSDm] WAIT 0/80
2026-05-15 16:50:00 | INFO     | 🕯️ [USTECm] New M5 bar closed: 1778838300
2026-05-15 16:50:00 | INFO     |   [USTECm] WAIT 0/80
2026-05-15 16:50:00 | INFO     | 🕯️ [US30m] New M5 bar closed: 1778838300
2026-05-15 16:50:00 | INFO     |   [US30m] WAIT 0/80
2026-05-15 16:50:47 | INFO     | 
══════════════════════════════════════════════════════════════════════
  📊  STATUS V22  [16:50:47 BKK]
  Equity    : $     52.24  (-12.93%)
  DD Daily  : 0.00%   DD Total: 12.93%   Mode: NORMAL
  Session   : LONDON           H4:BULLISH    H1:NEUTRAL   
  Global Pos: 0/3 | Floating Risk: 0.0%/12.0%
  Symbols   : XAUUSDm, EURUSDm, USDJPYm, AUDUSDm, NZDUSDm, USTECm, US30m
  Thresholds: NY=62 LDN=82 NY_EARLY=85 OOS=80
══════════════════════════════════════════════════════════════════════
2026-05-15 16:54:59 | INFO     | 🕯️ [XAUUSDm] New M5 bar closed: 1778838600
2026-05-15 16:54:59 | INFO     |   [XAUUSDm] BUY 12/80
2026-05-15 16:54:59 | INFO     | 🕯️ [AUDUSDm] New M5 bar closed: 1778838600
2026-05-15 16:54:59 | INFO     |   [AUDUSDm] WAIT 0/80
2026-05-15 16:54:59 | INFO     | 🕯️ [NZDUSDm] New M5 bar closed: 1778838600
2026-05-15 16:54:59 | INFO     |   [NZDUSDm] WAIT 0/80
2026-05-15 16:54:59 | INFO     | 🕯️ [USTECm] New M5 bar closed: 1778838600
2026-05-15 16:54:59 | INFO     |   [USTECm] WAIT 0/80
2026-05-15 16:54:59 | INFO     | 🕯️ [US30m] New M5 bar closed: 1778838600
2026-05-15 16:54:59 | INFO     |   [US30m] WAIT 0/80
2026-05-15 16:55:00 | INFO     | 🕯️ [EURUSDm] New M5 bar closed: 1778838600
2026-05-15 16:55:00 | INFO     |   [EURUSDm] WAIT 0/80
2026-05-15 16:55:00 | INFO     | 🕯️ [USDJPYm] New M5 bar closed: 1778838600
2026-05-15 16:55:00 | INFO     |   [USDJPYm] WAIT 0/80
2026-05-15 16:55:48 | INFO     | 
══════════════════════════════════════════════════════════════════════
  📊  STATUS V22  [16:55:48 BKK]
  Equity    : $     55.20  (-8.00%)
  DD Daily  : 0.00%   DD Total: 8.00%   Mode: NORMAL
  Session   : LONDON           H4:NEUTRAL    H1:NEUTRAL   
  Global Pos: 0/3 | Floating Risk: 0.0%/12.0%
  Symbols   : XAUUSDm, EURUSDm, USDJPYm, AUDUSDm, NZDUSDm, USTECm, US30m
  Thresholds: NY=62 LDN=82 NY_EARLY=85 OOS=80
══════════════════════════════════════════════════════════════════════
2026-05-15 16:59:59 | INFO     | 🕯️ [USTECm] New M5 bar closed: 1778838900
2026-05-15 16:59:59 | INFO     |   [USTECm] WAIT 0/80
2026-05-15 16:59:59 | INFO     | 🕯️ [US30m] New M5 bar closed: 1778838900
2026-05-15 16:59:59 | INFO     |   [US30m] WAIT 0/80
2026-05-15 16:59:59 | INFO     | 🕯️ [XAUUSDm] New M5 bar closed: 1778838900
2026-05-15 16:59:59 | INFO     |   [XAUUSDm] WAIT 0/80
2026-05-15 17:00:00 | INFO     | 🕯️ [EURUSDm] New M5 bar closed: 1778838900
2026-05-15 17:00:00 | INFO     |   [EURUSDm] WAIT 0/80
2026-05-15 17:00:00 | INFO     | 🕯️ [USDJPYm] New M5 bar closed: 1778838900
2026-05-15 17:00:00 | INFO     |   [USDJPYm] WAIT 0/80
2026-05-15 17:00:00 | INFO     | 🕯️ [AUDUSDm] New M5 bar closed: 1778838900
2026-05-15 17:00:00 | INFO     |   [AUDUSDm] WAIT 0/80
2026-05-15 17:00:00 | INFO     | 🕯️ [NZDUSDm] New M5 bar closed: 1778838900
2026-05-15 17:00:00 | INFO     |   [NZDUSDm] WAIT 0/80
2026-05-15 17:00:48 | INFO     | 
══════════════════════════════════════════════════════════════════════
  📊  STATUS V22  [17:00:48 BKK]
  Equity    : $     55.20  (-8.00%)
  DD Daily  : 0.00%   DD Total: 8.00%   Mode: NORMAL
  Session   : LONDON           H4:BEARISH    H1:NEUTRAL   
  Global Pos: 0/3 | Floating Risk: 0.0%/12.0%
  Symbols   : XAUUSDm, EURUSDm, USDJPYm, AUDUSDm, NZDUSDm, USTECm, US30m
  Thresholds: NY=62 LDN=82 NY_EARLY=85 OOS=80
══════════════════════════════════════════════════════════════════════
2026-05-15 17:04:59 | INFO     | 🕯️ [XAUUSDm] New M5 bar closed: 1778839200
2026-05-15 17:04:59 | INFO     |   [XAUUSDm] WAIT 0/80
2026-05-15 17:04:59 | INFO     | 🕯️ [EURUSDm] New M5 bar closed: 1778839200
2026-05-15 17:04:59 | INFO     |   [EURUSDm] WAIT 0/80
2026-05-15 17:04:59 | INFO     | 🕯️ [USDJPYm] New M5 bar closed: 1778839200
2026-05-15 17:04:59 | INFO     |   [USDJPYm] WAIT 0/80
2026-05-15 17:04:59 | INFO     | 🕯️ [AUDUSDm] New M5 bar closed: 1778839200
2026-05-15 17:04:59 | INFO     |   [AUDUSDm] WAIT 0/80
2026-05-15 17:04:59 | INFO     | 🕯️ [NZDUSDm] New M5 bar closed: 1778839200
2026-05-15 17:04:59 | INFO     |   [NZDUSDm] WAIT 0/80
2026-05-15 17:05:00 | INFO     | 🕯️ [USTECm] New M5 bar closed: 1778839200
2026-05-15 17:05:00 | INFO     |   [USTECm] WAIT 0/80
2026-05-15 17:05:00 | INFO     | 🕯️ [US30m] New M5 bar closed: 1778839200
2026-05-15 17:05:00 | INFO     |   [US30m] WAIT 0/80
2026-05-15 17:05:49 | INFO     | 
══════════════════════════════════════════════════════════════════════
  📊  STATUS V22  [17:05:49 BKK]
  Equity    : $     51.44  (-14.27%)
  DD Daily  : 1.27%   DD Total: 14.27%   Mode: NORMAL
  Session   : LONDON           H4:BULLISH    H1:NEUTRAL   
  Global Pos: 0/3 | Floating Risk: 0.0%/12.0%
  Symbols   : XAUUSDm, EURUSDm, USDJPYm, AUDUSDm, NZDUSDm, USTECm, US30m
  Thresholds: NY=62 LDN=82 NY_EARLY=85 OOS=80
══════════════════════════════════════════════════════════════════════
2026-05-15 17:09:59 | INFO     | 🕯️ [EURUSDm] New M5 bar closed: 1778839500
2026-05-15 17:09:59 | INFO     |   [EURUSDm] WAIT 0/80
2026-05-15 17:09:59 | INFO     | 🕯️ [AUDUSDm] New M5 bar closed: 1778839500
2026-05-15 17:09:59 | INFO     |   [AUDUSDm] WAIT 0/80
2026-05-15 17:09:59 | INFO     | 🕯️ [NZDUSDm] New M5 bar closed: 1778839500
2026-05-15 17:09:59 | INFO     |   [NZDUSDm] WAIT 0/80
2026-05-15 17:09:59 | INFO     | 🕯️ [USTECm] New M5 bar closed: 1778839500
2026-05-15 17:09:59 | INFO     |   [USTECm] WAIT 0/80
2026-05-15 17:09:59 | INFO     | 🕯️ [US30m] New M5 bar closed: 1778839500
2026-05-15 17:09:59 | INFO     |   [US30m] WAIT 0/80
2026-05-15 17:10:00 | INFO     | 🕯️ [XAUUSDm] New M5 bar closed: 1778839500
2026-05-15 17:10:00 | INFO     |   [XAUUSDm] WAIT 0/80
2026-05-15 17:10:00 | INFO     | 🕯️ [USDJPYm] New M5 bar closed: 1778839500
2026-05-15 17:10:00 | INFO     |   [USDJPYm] WAIT 0/80
2026-05-15 17:10:50 | INFO     | 
══════════════════════════════════════════════════════════════════════
  📊  STATUS V22  [17:10:50 BKK]
  Equity    : $     51.44  (-14.27%)
  DD Daily  : 1.27%   DD Total: 14.27%   Mode: NORMAL
  Session   : LONDON           H4:NEUTRAL    H1:NEUTRAL   
  Global Pos: 0/3 | Floating Risk: 0.0%/12.0%
  Symbols   : XAUUSDm, EURUSDm, USDJPYm, AUDUSDm, NZDUSDm, USTECm, US30m
  Thresholds: NY=62 LDN=82 NY_EARLY=85 OOS=80
══════════════════════════════════════════════════════════════════════
2026-05-15 17:14:59 | INFO     | 🕯️ [US30m] New M5 bar closed: 1778839800
2026-05-15 17:14:59 | INFO     |   [US30m] WAIT 0/80
2026-05-15 17:14:59 | INFO     | 🕯️ [XAUUSDm] New M5 bar closed: 1778839800
2026-05-15 17:14:59 | INFO     |   [XAUUSDm] WAIT 0/80
2026-05-15 17:14:59 | INFO     | 🕯️ [EURUSDm] New M5 bar closed: 1778839800
2026-05-15 17:14:59 | INFO     |   [EURUSDm] BUY 17/80
2026-05-15 17:14:59 | INFO     | 🕯️ [USDJPYm] New M5 bar closed: 1778839800
2026-05-15 17:14:59 | INFO     |   [USDJPYm] WAIT 0/80
2026-05-15 17:15:00 | INFO     | 🕯️ [NZDUSDm] New M5 bar closed: 1778839800
2026-05-15 17:15:00 | INFO     |   [NZDUSDm] WAIT 0/80
2026-05-15 17:15:00 | INFO     | 🕯️ [USTECm] New M5 bar closed: 1778839800
2026-05-15 17:15:00 | INFO     |   [USTECm] WAIT 0/80
2026-05-15 17:15:01 | INFO     | 🕯️ [AUDUSDm] New M5 bar closed: 1778839800
2026-05-15 17:15:01 | INFO     |   [AUDUSDm] SELL -7/80
2026-05-15 17:15:50 | INFO     | 
══════════════════════════════════════════════════════════════════════
  📊  STATUS V22  [17:15:50 BKK]
  Equity    : $     51.44  (-14.27%)
  DD Daily  : 1.27%   DD Total: 14.27%   Mode: NORMAL
  Session   : LONDON           H4:NEUTRAL    H1:NEUTRAL   
  Global Pos: 0/3 | Floating Risk: 0.0%/12.0%
  Symbols   : XAUUSDm, EURUSDm, USDJPYm, AUDUSDm, NZDUSDm, USTECm, US30m
  Thresholds: NY=62 LDN=82 NY_EARLY=85 OOS=80
══════════════════════════════════════════════════════════════════════
2026-05-15 17:19:59 | INFO     | 🕯️ [USTECm] New M5 bar closed: 1778840100
2026-05-15 17:19:59 | INFO     |   [USTECm] WAIT 0/80
2026-05-15 17:19:59 | INFO     | 🕯️ [US30m] New M5 bar closed: 1778840100
2026-05-15 17:19:59 | INFO     |   [US30m] BUY 50/80
2026-05-15 17:20:00 | INFO     | 🕯️ [XAUUSDm] New M5 bar closed: 1778840100
2026-05-15 17:20:00 | INFO     |   [XAUUSDm] BUY -3/80
2026-05-15 17:20:00 | INFO     | 🕯️ [EURUSDm] New M5 bar closed: 1778840100
2026-05-15 17:20:00 | INFO     |   [EURUSDm] BUY 16/80
2026-05-15 17:20:00 | INFO     | 🕯️ [USDJPYm] New M5 bar closed: 1778840100
2026-05-15 17:20:00 | INFO     |   [USDJPYm] WAIT 0/80
2026-05-15 17:20:00 | INFO     | 🕯️ [AUDUSDm] New M5 bar closed: 1778840100
2026-05-15 17:20:00 | INFO     |   [AUDUSDm] BUY 5/80
2026-05-15 17:20:00 | INFO     | 🕯️ [NZDUSDm] New M5 bar closed: 1778840100
2026-05-15 17:20:00 | INFO     |   [NZDUSDm] WAIT 0/80
2026-05-15 17:20:51 | INFO     | 
══════════════════════════════════════════════════════════════════════
  📊  STATUS V22  [17:20:51 BKK]
  Equity    : $     51.44  (-14.27%)
  DD Daily  : 1.27%   DD Total: 14.27%   Mode: NORMAL
  Session   : LONDON           H4:BEARISH    H1:NEUTRAL   
  Global Pos: 0/3 | Floating Risk: 0.0%/12.0%
  Symbols   : XAUUSDm, EURUSDm, USDJPYm, AUDUSDm, NZDUSDm, USTECm, US30m
  Thresholds: NY=62 LDN=82 NY_EARLY=85 OOS=80
══════════════════════════════════════════════════════════════════════
2026-05-15 17:24:59 | INFO     | 🕯️ [NZDUSDm] New M5 bar closed: 1778840400
2026-05-15 17:24:59 | INFO     |   [NZDUSDm] WAIT 0/80
2026-05-15 17:24:59 | INFO     | 🕯️ [USTECm] New M5 bar closed: 1778840400
2026-05-15 17:24:59 | INFO     |   [USTECm] WAIT 0/80
2026-05-15 17:24:59 | INFO     | 🕯️ [US30m] New M5 bar closed: 1778840400
2026-05-15 17:24:59 | INFO     |   [US30m] WAIT 0/80
2026-05-15 17:25:00 | INFO     | 🕯️ [XAUUSDm] New M5 bar closed: 1778840400
2026-05-15 17:25:00 | INFO     |   [XAUUSDm] BUY -3/80
2026-05-15 17:25:00 | INFO     | 🕯️ [EURUSDm] New M5 bar closed: 1778840400
2026-05-15 17:25:00 | INFO     |   [EURUSDm] WAIT 0/80
2026-05-15 17:25:00 | INFO     | 🕯️ [USDJPYm] New M5 bar closed: 1778840400
2026-05-15 17:25:00 | INFO     |   [USDJPYm] WAIT 0/80
2026-05-15 17:25:00 | INFO     | 🕯️ [AUDUSDm] New M5 bar closed: 1778840400
2026-05-15 17:25:00 | INFO     |   [AUDUSDm] WAIT 0/80
2026-05-15 17:25:52 | INFO     | 
══════════════════════════════════════════════════════════════════════
  📊  STATUS V22  [17:25:52 BKK]
  Equity    : $     51.44  (-14.27%)
  DD Daily  : 1.27%   DD Total: 14.27%   Mode: NORMAL
  Session   : LONDON           H4:NEUTRAL    H1:NEUTRAL   
  Global Pos: 0/3 | Floating Risk: 0.0%/12.0%
  Symbols   : XAUUSDm, EURUSDm, USDJPYm, AUDUSDm, NZDUSDm, USTECm, US30m
  Thresholds: NY=62 LDN=82 NY_EARLY=85 OOS=80
══════════════════════════════════════════════════════════════════════
2026-05-15 17:29:59 | INFO     | 🕯️ [XAUUSDm] New M5 bar closed: 1778840700
2026-05-15 17:29:59 | INFO     |   [XAUUSDm] WAIT 0/80
2026-05-15 17:29:59 | INFO     | 🕯️ [USDJPYm] New M5 bar closed: 1778840700
2026-05-15 17:29:59 | INFO     |   [USDJPYm] WAIT 0/80
2026-05-15 17:29:59 | INFO     | 🕯️ [AUDUSDm] New M5 bar closed: 1778840700
2026-05-15 17:29:59 | INFO     |   [AUDUSDm] WAIT 0/80
2026-05-15 17:30:00 | INFO     | 🕯️ [USTECm] New M5 bar closed: 1778840700
2026-05-15 17:30:00 | INFO     |   [USTECm] WAIT 0/80
2026-05-15 17:30:00 | INFO     | 🕯️ [US30m] New M5 bar closed: 1778840700
2026-05-15 17:30:00 | INFO     |   [US30m] SELL 14/80
2026-05-15 17:30:00 | INFO     | 🕯️ [EURUSDm] New M5 bar closed: 1778840700
2026-05-15 17:30:00 | INFO     |   [EURUSDm] WAIT 0/80
2026-05-15 17:30:01 | INFO     | 🕯️ [NZDUSDm] New M5 bar closed: 1778840700
2026-05-15 17:30:01 | INFO     |   [NZDUSDm] WAIT 0/80
2026-05-15 17:30:52 | INFO     | 
══════════════════════════════════════════════════════════════════════
  📊  STATUS V22  [17:30:52 BKK]
  Equity    : $     51.44  (-14.27%)
  DD Daily  : 1.27%   DD Total: 14.27%   Mode: NORMAL
  Session   : LONDON           H4:BEARISH    H1:NEUTRAL   
  Global Pos: 0/3 | Floating Risk: 0.0%/12.0%
  Symbols   : XAUUSDm, EURUSDm, USDJPYm, AUDUSDm, NZDUSDm, USTECm, US30m
  Thresholds: NY=62 LDN=82 NY_EARLY=85 OOS=80
══════════════════════════════════════════════════════════════════════
2026-05-15 17:34:59 | INFO     | 🕯️ [XAUUSDm] New M5 bar closed: 1778841000
2026-05-15 17:34:59 | INFO     |   [XAUUSDm] WAIT 0/80
2026-05-15 17:34:59 | INFO     | 🕯️ [EURUSDm] New M5 bar closed: 1778841000
2026-05-15 17:34:59 | INFO     |   [EURUSDm] WAIT 0/80
2026-05-15 17:34:59 | INFO     | 🕯️ [USDJPYm] New M5 bar closed: 1778841000
2026-05-15 17:34:59 | INFO     |   [USDJPYm] WAIT 0/80
2026-05-15 17:34:59 | INFO     | 🕯️ [USTECm] New M5 bar closed: 1778841000
2026-05-15 17:34:59 | INFO     |   [USTECm] WAIT 0/80
2026-05-15 17:34:59 | INFO     | 🕯️ [US30m] New M5 bar closed: 1778841000
2026-05-15 17:34:59 | INFO     |   [US30m] WAIT 0/80
2026-05-15 17:35:00 | INFO     | 🕯️ [AUDUSDm] New M5 bar closed: 1778841000
2026-05-15 17:35:00 | INFO     |   [AUDUSDm] WAIT 0/80
2026-05-15 17:35:00 | INFO     | 🕯️ [NZDUSDm] New M5 bar closed: 1778841000
2026-05-15 17:35:00 | INFO     |   [NZDUSDm] WAIT 0/80
2026-05-15 17:35:53 | INFO     | 
══════════════════════════════════════════════════════════════════════
  📊  STATUS V22  [17:35:53 BKK]
  Equity    : $     51.44  (-14.27%)
  DD Daily  : 1.27%   DD Total: 14.27%   Mode: NORMAL
  Session   : LONDON           H4:BEARISH    H1:NEUTRAL   
  Global Pos: 0/3 | Floating Risk: 0.0%/12.0%
  Symbols   : XAUUSDm, EURUSDm, USDJPYm, AUDUSDm, NZDUSDm, USTECm, US30m
  Thresholds: NY=62 LDN=82 NY_EARLY=85 OOS=80
══════════════════════════════════════════════════════════════════════
2026-05-15 17:39:59 | INFO     | 🕯️ [NZDUSDm] New M5 bar closed: 1778841300
2026-05-15 17:39:59 | INFO     |   [NZDUSDm] WAIT 0/80
2026-05-15 17:39:59 | INFO     | 🕯️ [USTECm] New M5 bar closed: 1778841300
2026-05-15 17:39:59 | INFO     |   [USTECm] WAIT 0/80
2026-05-15 17:39:59 | INFO     | 🕯️ [US30m] New M5 bar closed: 1778841300
2026-05-15 17:39:59 | INFO     |   [US30m] WAIT 0/80
2026-05-15 17:39:59 | INFO     | 🕯️ [XAUUSDm] New M5 bar closed: 1778841300
2026-05-15 17:39:59 | INFO     |   [XAUUSDm] WAIT 0/80
2026-05-15 17:39:59 | INFO     | 🕯️ [EURUSDm] New M5 bar closed: 1778841300
2026-05-15 17:40:00 | INFO     |   [EURUSDm] WAIT 0/80
2026-05-15 17:40:00 | INFO     | 🕯️ [USDJPYm] New M5 bar closed: 1778841300
2026-05-15 17:40:00 | INFO     |   [USDJPYm] WAIT 0/80
2026-05-15 17:40:00 | INFO     | 🕯️ [AUDUSDm] New M5 bar closed: 1778841300
2026-05-15 17:40:00 | INFO     |   [AUDUSDm] WAIT 0/80
2026-05-15 17:40:53 | INFO     | 
══════════════════════════════════════════════════════════════════════
  📊  STATUS V22  [17:40:53 BKK]
  Equity    : $     51.44  (-14.27%)
  DD Daily  : 1.27%   DD Total: 14.27%   Mode: NORMAL
  Session   : LONDON           H4:NEUTRAL    H1:NEUTRAL   
  Global Pos: 0/3 | Floating Risk: 0.0%/12.0%
  Symbols   : XAUUSDm, EURUSDm, USDJPYm, AUDUSDm, NZDUSDm, USTECm, US30m
  Thresholds: NY=62 LDN=82 NY_EARLY=85 OOS=80
══════════════════════════════════════════════════════════════════════
2026-05-15 17:44:59 | INFO     | 🕯️ [XAUUSDm] New M5 bar closed: 1778841600
2026-05-15 17:44:59 | INFO     |   [XAUUSDm] WAIT 0/80
2026-05-15 17:44:59 | INFO     | 🕯️ [EURUSDm] New M5 bar closed: 1778841600
2026-05-15 17:44:59 | INFO     |   [EURUSDm] WAIT 0/80
2026-05-15 17:44:59 | INFO     | 🕯️ [USDJPYm] New M5 bar closed: 1778841600
2026-05-15 17:44:59 | INFO     |   [USDJPYm] WAIT 0/80
2026-05-15 17:44:59 | INFO     | 🕯️ [NZDUSDm] New M5 bar closed: 1778841600
2026-05-15 17:44:59 | INFO     |   [NZDUSDm] SELL 40/80
2026-05-15 17:45:00 | INFO     | 🕯️ [USTECm] New M5 bar closed: 1778841600
2026-05-15 17:45:00 | INFO     |   [USTECm] WAIT 0/80
2026-05-15 17:45:00 | INFO     | 🕯️ [US30m] New M5 bar closed: 1778841600
2026-05-15 17:45:00 | INFO     |   [US30m] WAIT 0/80
2026-05-15 17:45:00 | INFO     | 🕯️ [AUDUSDm] New M5 bar closed: 1778841600
2026-05-15 17:45:00 | INFO     |   [AUDUSDm] WAIT 0/80
2026-05-15 17:45:54 | INFO     | 
══════════════════════════════════════════════════════════════════════
  📊  STATUS V22  [17:45:54 BKK]
  Equity    : $     51.44  (-14.27%)
  DD Daily  : 1.27%   DD Total: 14.27%   Mode: NORMAL
  Session   : LONDON           H4:NEUTRAL    H1:NEUTRAL   
  Global Pos: 0/3 | Floating Risk: 0.0%/12.0%
  Symbols   : XAUUSDm, EURUSDm, USDJPYm, AUDUSDm, NZDUSDm, USTECm, US30m
  Thresholds: NY=62 LDN=82 NY_EARLY=85 OOS=80
══════════════════════════════════════════════════════════════════════
2026-05-15 17:49:59 | INFO     | 🕯️ [NZDUSDm] New M5 bar closed: 1778841900
2026-05-15 17:49:59 | INFO     |   [NZDUSDm] BUY -13/80
2026-05-15 17:49:59 | INFO     | 🕯️ [USTECm] New M5 bar closed: 1778841900
2026-05-15 17:49:59 | INFO     |   [USTECm] WAIT 0/80
2026-05-15 17:49:59 | INFO     | 🕯️ [US30m] New M5 bar closed: 1778841900
2026-05-15 17:49:59 | INFO     |   [US30m] WAIT 0/80
2026-05-15 17:50:00 | INFO     | 🕯️ [XAUUSDm] New M5 bar closed: 1778841900
2026-05-15 17:50:00 | WARNING  | ⛔ [XAUUSDm] HARD_BLOCK:360.0>350.0pts
2026-05-15 17:50:00 | INFO     | 🕯️ [EURUSDm] New M5 bar closed: 1778841900
2026-05-15 17:50:00 | INFO     |   [EURUSDm] WAIT 0/80
2026-05-15 17:50:00 | INFO     | 🕯️ [USDJPYm] New M5 bar closed: 1778841900
2026-05-15 17:50:00 | INFO     |   [USDJPYm] WAIT 0/80
2026-05-15 17:50:00 | INFO     | 🕯️ [AUDUSDm] New M5 bar closed: 1778841900
2026-05-15 17:50:00 | INFO     |   [AUDUSDm] WAIT 0/80
2026-05-15 17:50:55 | INFO     | 
══════════════════════════════════════════════════════════════════════
  📊  STATUS V22  [17:50:55 BKK]
  Equity    : $     51.44  (-14.27%)
  DD Daily  : 1.27%   DD Total: 14.27%   Mode: NORMAL
  Session   : LONDON           H4:NEUTRAL    H1:NEUTRAL   
  Global Pos: 0/3 | Floating Risk: 0.0%/12.0%
  Symbols   : XAUUSDm, EURUSDm, USDJPYm, AUDUSDm, NZDUSDm, USTECm, US30m
  Thresholds: NY=62 LDN=82 NY_EARLY=85 OOS=80
══════════════════════════════════════════════════════════════════════
2026-05-15 17:54:59 | INFO     | 🕯️ [USTECm] New M5 bar closed: 1778842200
2026-05-15 17:54:59 | INFO     |   [USTECm] WAIT 0/80
2026-05-15 17:54:59 | INFO     | 🕯️ [US30m] New M5 bar closed: 1778842200
2026-05-15 17:54:59 | INFO     |   [US30m] WAIT 0/80
2026-05-15 17:54:59 | INFO     | 🕯️ [XAUUSDm] New M5 bar closed: 1778842200
2026-05-15 17:54:59 | INFO     |   [XAUUSDm] WAIT 0/80
2026-05-15 17:54:59 | INFO     | 🕯️ [EURUSDm] New M5 bar closed: 1778842200
2026-05-15 17:54:59 | INFO     |   [EURUSDm] WAIT 0/80
2026-05-15 17:54:59 | INFO     | 🕯️ [USDJPYm] New M5 bar closed: 1778842200
2026-05-15 17:54:59 | INFO     |   [USDJPYm] WAIT 0/80
2026-05-15 17:55:00 | INFO     | 🕯️ [AUDUSDm] New M5 bar closed: 1778842200
2026-05-15 17:55:00 | INFO     |   [AUDUSDm] WAIT 0/80
2026-05-15 17:55:00 | INFO     | 🕯️ [NZDUSDm] New M5 bar closed: 1778842200
2026-05-15 17:55:00 | INFO     |   [NZDUSDm] WAIT 0/80
2026-05-15 17:55:55 | INFO     | 
══════════════════════════════════════════════════════════════════════
  📊  STATUS V22  [17:55:55 BKK]
  Equity    : $     51.44  (-14.27%)
  DD Daily  : 1.27%   DD Total: 14.27%   Mode: NORMAL
  Session   : LONDON           H4:BEARISH    H1:NEUTRAL   
  Global Pos: 0/3 | Floating Risk: 0.0%/12.0%
  Symbols   : XAUUSDm, EURUSDm, USDJPYm, AUDUSDm, NZDUSDm, USTECm, US30m
  Thresholds: NY=62 LDN=82 NY_EARLY=85 OOS=80
══════════════════════════════════════════════════════════════════════
2026-05-15 17:59:59 | INFO     | 🕯️ [XAUUSDm] New M5 bar closed: 1778842500
2026-05-15 17:59:59 | INFO     |   [XAUUSDm] WAIT 0/80
2026-05-15 17:59:59 | INFO     | 🕯️ [EURUSDm] New M5 bar closed: 1778842500
2026-05-15 17:59:59 | INFO     |   [EURUSDm] WAIT 0/80
2026-05-15 17:59:59 | INFO     | 🕯️ [USDJPYm] New M5 bar closed: 1778842500
2026-05-15 17:59:59 | INFO     |   [USDJPYm] WAIT 0/80
2026-05-15 17:59:59 | INFO     | 🕯️ [AUDUSDm] New M5 bar closed: 1778842500
2026-05-15 17:59:59 | INFO     |   [AUDUSDm] SELL 22/80
2026-05-15 17:59:59 | INFO     | 🕯️ [NZDUSDm] New M5 bar closed: 1778842500
2026-05-15 17:59:59 | INFO     |   [NZDUSDm] WAIT 0/80
2026-05-15 17:59:59 | INFO     | 🕯️ [USTECm] New M5 bar closed: 1778842500
2026-05-15 17:59:59 | INFO     |   [USTECm] WAIT 0/80
2026-05-15 17:59:59 | INFO     | 🕯️ [US30m] New M5 bar closed: 1778842500
2026-05-15 17:59:59 | INFO     |   [US30m] WAIT 0/80
2026-05-15 18:00:56 | INFO     | 
══════════════════════════════════════════════════════════════════════
  📊  STATUS V22  [18:00:56 BKK]
  Equity    : $     51.44  (-14.27%)
  DD Daily  : 1.27%   DD Total: 14.27%   Mode: NORMAL
  Session   : LONDON           H4:BULLISH    H1:NEUTRAL   
  Global Pos: 0/3 | Floating Risk: 0.0%/12.0%
  Symbols   : XAUUSDm, EURUSDm, USDJPYm, AUDUSDm, NZDUSDm, USTECm, US30m
  Thresholds: NY=62 LDN=82 NY_EARLY=85 OOS=80
══════════════════════════════════════════════════════════════════════
2026-05-15 18:04:59 | INFO     | 🕯️ [USTECm] New M5 bar closed: 1778842800
2026-05-15 18:04:59 | INFO     | 🕯️ [US30m] New M5 bar closed: 1778842800
2026-05-15 18:04:59 | INFO     | 🕯️ [XAUUSDm] New M5 bar closed: 1778842800
2026-05-15 18:05:00 | INFO     | 🕯️ [EURUSDm] New M5 bar closed: 1778842800
2026-05-15 18:05:00 | INFO     | 🕯️ [USDJPYm] New M5 bar closed: 1778842800
2026-05-15 18:05:00 | INFO     | 🕯️ [AUDUSDm] New M5 bar closed: 1778842800
2026-05-15 18:05:00 | INFO     | 🕯️ [NZDUSDm] New M5 bar closed: 1778842800
2026-05-15 18:05:56 | INFO     | 
══════════════════════════════════════════════════════════════════════
  📊  STATUS V22  [18:05:56 BKK]
  Equity    : $     51.44  (-14.27%)
  DD Daily  : 1.27%   DD Total: 14.27%   Mode: NORMAL
  Session   : LONDON           H4:BULLISH    H1:NEUTRAL   
  Global Pos: 0/3 | Floating Risk: 0.0%/12.0%
  Symbols   : XAUUSDm, EURUSDm, USDJPYm, AUDUSDm, NZDUSDm, USTECm, US30m
  Thresholds: NY=62 LDN=82 NY_EARLY=85 OOS=80
══════════════════════════════════════════════════════════════════════
2026-05-15 18:09:59 | INFO     | 🕯️ [EURUSDm] New M5 bar closed: 1778843100
2026-05-15 18:09:59 | INFO     | 🕯️ [USDJPYm] New M5 bar closed: 1778843100
2026-05-15 18:09:59 | INFO     | 🕯️ [AUDUSDm] New M5 bar closed: 1778843100
2026-05-15 18:10:00 | INFO     | 🕯️ [USTECm] New M5 bar closed: 1778843100
2026-05-15 18:10:00 | INFO     | 🕯️ [US30m] New M5 bar closed: 1778843100
2026-05-15 18:10:00 | INFO     | 🕯️ [XAUUSDm] New M5 bar closed: 1778843100
2026-05-15 18:10:00 | INFO     | 🕯️ [NZDUSDm] New M5 bar closed: 1778843100
2026-05-15 18:10:57 | INFO     | 
══════════════════════════════════════════════════════════════════════
  📊  STATUS V22  [18:10:57 BKK]
  Equity    : $     51.44  (-14.27%)
  DD Daily  : 1.27%   DD Total: 14.27%   Mode: NORMAL
  Session   : LONDON           H4:BULLISH    H1:NEUTRAL   
  Global Pos: 0/3 | Floating Risk: 0.0%/12.0%
  Symbols   : XAUUSDm, EURUSDm, USDJPYm, AUDUSDm, NZDUSDm, USTECm, US30m
  Thresholds: NY=62 LDN=82 NY_EARLY=85 OOS=80
══════════════════════════════════════════════════════════════════════
2026-05-15 18:14:59 | INFO     | 🕯️ [NZDUSDm] New M5 bar closed: 1778843400
2026-05-15 18:14:59 | INFO     | 🕯️ [USTECm] New M5 bar closed: 1778843400
2026-05-15 18:14:59 | INFO     | 🕯️ [US30m] New M5 bar closed: 1778843400
2026-05-15 18:15:00 | INFO     | 🕯️ [XAUUSDm] New M5 bar closed: 1778843400
2026-05-15 18:15:00 | INFO     | 🕯️ [EURUSDm] New M5 bar closed: 1778843400
2026-05-15 18:15:00 | INFO     | 🕯️ [USDJPYm] New M5 bar closed: 1778843400
2026-05-15 18:15:00 | INFO     | 🕯️ [AUDUSDm] New M5 bar closed: 1778843400
2026-05-15 18:15:58 | INFO     | 
══════════════════════════════════════════════════════════════════════
  📊  STATUS V22  [18:15:58 BKK]
  Equity    : $     51.44  (-14.27%)
  DD Daily  : 1.27%   DD Total: 14.27%   Mode: NORMAL
  Session   : LONDON           H4:BULLISH    H1:NEUTRAL   
  Global Pos: 0/3 | Floating Risk: 0.0%/12.0%
  Symbols   : XAUUSDm, EURUSDm, USDJPYm, AUDUSDm, NZDUSDm, USTECm, US30m
  Thresholds: NY=62 LDN=82 NY_EARLY=85 OOS=80
══════════════════════════════════════════════════════════════════════
2026-05-15 18:19:59 | INFO     | 🕯️ [EURUSDm] New M5 bar closed: 1778843700
2026-05-15 18:19:59 | INFO     | 🕯️ [USDJPYm] New M5 bar closed: 1778843700
2026-05-15 18:20:00 | INFO     | 🕯️ [AUDUSDm] New M5 bar closed: 1778843700
2026-05-15 18:20:00 | INFO     | 🕯️ [USTECm] New M5 bar closed: 1778843700
2026-05-15 18:20:00 | INFO     | 🕯️ [US30m] New M5 bar closed: 1778843700
2026-05-15 18:20:00 | INFO     | 🕯️ [XAUUSDm] New M5 bar closed: 1778843700
2026-05-15 18:20:01 | INFO     | 🕯️ [NZDUSDm] New M5 bar closed: 1778843700
2026-05-15 18:20:58 | INFO     | 
══════════════════════════════════════════════════════════════════════
  📊  STATUS V22  [18:20:58 BKK]
  Equity    : $     51.44  (-14.27%)
  DD Daily  : 1.27%   DD Total: 14.27%   Mode: NORMAL
  Session   : LONDON           H4:BULLISH    H1:NEUTRAL   
  Global Pos: 0/3 | Floating Risk: 0.0%/12.0%
  Symbols   : XAUUSDm, EURUSDm, USDJPYm, AUDUSDm, NZDUSDm, USTECm, US30m
  Thresholds: NY=62 LDN=82 NY_EARLY=85 OOS=80
══════════════════════════════════════════════════════════════════════
2026-05-15 18:24:59 | INFO     | 🕯️ [XAUUSDm] New M5 bar closed: 1778844000
2026-05-15 18:24:59 | INFO     | 🕯️ [EURUSDm] New M5 bar closed: 1778844000
2026-05-15 18:24:59 | INFO     | 🕯️ [USDJPYm] New M5 bar closed: 1778844000
2026-05-15 18:24:59 | INFO     | 🕯️ [AUDUSDm] New M5 bar closed: 1778844000
2026-05-15 18:24:59 | INFO     | 🕯️ [USTECm] New M5 bar closed: 1778844000
2026-05-15 18:24:59 | INFO     | 🕯️ [US30m] New M5 bar closed: 1778844000
2026-05-15 18:25:00 | INFO     | 🕯️ [NZDUSDm] New M5 bar closed: 1778844000
2026-05-15 18:25:59 | INFO     | 
══════════════════════════════════════════════════════════════════════
  📊  STATUS V22  [18:25:59 BKK]
  Equity    : $     51.44  (-14.27%)
  DD Daily  : 1.27%   DD Total: 14.27%   Mode: NORMAL
  Session   : LONDON           H4:BULLISH    H1:NEUTRAL   
  Global Pos: 0/3 | Floating Risk: 0.0%/12.0%
  Symbols   : XAUUSDm, EURUSDm, USDJPYm, AUDUSDm, NZDUSDm, USTECm, US30m
  Thresholds: NY=62 LDN=82 NY_EARLY=85 OOS=80
══════════════════════════════════════════════════════════════════════
2026-05-15 18:29:59 | INFO     | 🕯️ [USTECm] New M5 bar closed: 1778844300
2026-05-15 18:29:59 | INFO     | 🕯️ [US30m] New M5 bar closed: 1778844300
2026-05-15 18:29:59 | INFO     | 🕯️ [XAUUSDm] New M5 bar closed: 1778844300
2026-05-15 18:29:59 | INFO     |   [XAUUSDm] WAIT 0/75
2026-05-15 18:29:59 | INFO     | 🕯️ [EURUSDm] New M5 bar closed: 1778844300
2026-05-15 18:30:00 | INFO     |   [EURUSDm] WAIT 0/75
2026-05-15 18:30:00 | INFO     | 🕯️ [USDJPYm] New M5 bar closed: 1778844300
2026-05-15 18:30:00 | INFO     |   [USDJPYm] WAIT 0/75
2026-05-15 18:30:00 | INFO     | 🕯️ [AUDUSDm] New M5 bar closed: 1778844300
2026-05-15 18:30:00 | INFO     |   [AUDUSDm] WAIT 0/75
2026-05-15 18:30:00 | INFO     | 🕯️ [NZDUSDm] New M5 bar closed: 1778844300
2026-05-15 18:30:00 | INFO     |   [NZDUSDm] WAIT 0/75
2026-05-15 18:30:59 | INFO     | 
══════════════════════════════════════════════════════════════════════
  📊  STATUS V22  [18:30:59 BKK]
  Equity    : $     51.44  (-14.27%)
  DD Daily  : 1.27%   DD Total: 14.27%   Mode: NORMAL
  Session   : NY_OPEN_EARLY    H4:BEARISH    H1:NEUTRAL   
  Global Pos: 0/3 | Floating Risk: 0.0%/12.0%
  Symbols   : XAUUSDm, EURUSDm, USDJPYm, AUDUSDm, NZDUSDm, USTECm, US30m
  Thresholds: NY=62 LDN=82 NY_EARLY=85 OOS=80
══════════════════════════════════════════════════════════════════════
2026-05-15 18:34:59 | INFO     | 🕯️ [XAUUSDm] New M5 bar closed: 1778844600
2026-05-15 18:34:59 | INFO     |   [XAUUSDm] WAIT 0/75
2026-05-15 18:34:59 | INFO     | 🕯️ [USDJPYm] New M5 bar closed: 1778844600
2026-05-15 18:34:59 | INFO     |   [USDJPYm] WAIT 0/75
2026-05-15 18:34:59 | INFO     | 🕯️ [AUDUSDm] New M5 bar closed: 1778844600
2026-05-15 18:34:59 | INFO     |   [AUDUSDm] BUY -15/75
2026-05-15 18:34:59 | INFO     | 🕯️ [NZDUSDm] New M5 bar closed: 1778844600
2026-05-15 18:34:59 | INFO     |   [NZDUSDm] WAIT 0/75
2026-05-15 18:35:00 | INFO     | 🕯️ [USTECm] New M5 bar closed: 1778844600
2026-05-15 18:35:00 | INFO     |   [USTECm] WAIT 0/75
2026-05-15 18:35:00 | INFO     | 🕯️ [US30m] New M5 bar closed: 1778844600
2026-05-15 18:35:00 | INFO     |   [US30m] WAIT 0/75
2026-05-15 18:35:00 | INFO     | 🕯️ [EURUSDm] New M5 bar closed: 1778844600
2026-05-15 18:35:00 | INFO     |   [EURUSDm] WAIT 0/75
2026-05-15 18:36:00 | INFO     | 
══════════════════════════════════════════════════════════════════════
  📊  STATUS V22  [18:36:00 BKK]
  Equity    : $     51.44  (-14.27%)
  DD Daily  : 1.27%   DD Total: 14.27%   Mode: NORMAL
  Session   : NY_OPEN_EARLY    H4:NEUTRAL    H1:NEUTRAL   
  Global Pos: 0/3 | Floating Risk: 0.0%/12.0%
  Symbols   : XAUUSDm, EURUSDm, USDJPYm, AUDUSDm, NZDUSDm, USTECm, US30m
  Thresholds: NY=62 LDN=82 NY_EARLY=85 OOS=80
══════════════════════════════════════════════════════════════════════
2026-05-15 18:39:59 | INFO     | 🕯️ [USTECm] New M5 bar closed: 1778844900
2026-05-15 18:39:59 | INFO     |   [USTECm] WAIT 0/75
2026-05-15 18:39:59 | INFO     | 🕯️ [US30m] New M5 bar closed: 1778844900
2026-05-15 18:39:59 | INFO     |   [US30m] WAIT 0/75
2026-05-15 18:40:00 | INFO     | 🕯️ [XAUUSDm] New M5 bar closed: 1778844900
2026-05-15 18:40:00 | INFO     |   [XAUUSDm] WAIT 0/75
2026-05-15 18:40:00 | INFO     | 🕯️ [EURUSDm] New M5 bar closed: 1778844900
2026-05-15 18:40:00 | INFO     |   [EURUSDm] WAIT 0/75
2026-05-15 18:40:00 | INFO     | 🕯️ [USDJPYm] New M5 bar closed: 1778844900
2026-05-15 18:40:00 | INFO     |   [USDJPYm] WAIT 0/75
2026-05-15 18:40:00 | INFO     | 🕯️ [AUDUSDm] New M5 bar closed: 1778844900
2026-05-15 18:40:00 | INFO     |   [AUDUSDm] BUY -15/75
2026-05-15 18:40:00 | INFO     | 🕯️ [NZDUSDm] New M5 bar closed: 1778844900
2026-05-15 18:40:00 | INFO     |   [NZDUSDm] WAIT 0/75
2026-05-15 18:41:01 | INFO     | 
══════════════════════════════════════════════════════════════════════
  📊  STATUS V22  [18:41:01 BKK]
  Equity    : $     51.44  (-14.27%)
  DD Daily  : 1.27%   DD Total: 14.27%   Mode: NORMAL
  Session   : NY_OPEN_EARLY    H4:BEARISH    H1:NEUTRAL   
  Global Pos: 0/3 | Floating Risk: 0.0%/12.0%
  Symbols   : XAUUSDm, EURUSDm, USDJPYm, AUDUSDm, NZDUSDm, USTECm, US30m
  Thresholds: NY=62 LDN=82 NY_EARLY=85 OOS=80
══════════════════════════════════════════════════════════════════════
2026-05-15 18:44:59 | INFO     | 🕯️ [XAUUSDm] New M5 bar closed: 1778845200
2026-05-15 18:44:59 | INFO     |   [XAUUSDm] WAIT 0/75
2026-05-15 18:45:00 | INFO     | 🕯️ [AUDUSDm] New M5 bar closed: 1778845200
2026-05-15 18:45:00 | INFO     |   [AUDUSDm] WAIT 0/75
2026-05-15 18:45:00 | INFO     | 🕯️ [NZDUSDm] New M5 bar closed: 1778845200
2026-05-15 18:45:00 | INFO     |   [NZDUSDm] WAIT 0/75
2026-05-15 18:45:00 | INFO     | 🕯️ [USTECm] New M5 bar closed: 1778845200
2026-05-15 18:45:00 | INFO     |   [USTECm] WAIT 0/75
2026-05-15 18:45:00 | INFO     | 🕯️ [US30m] New M5 bar closed: 1778845200
2026-05-15 18:45:00 | INFO     |   [US30m] WAIT 0/75
2026-05-15 18:45:00 | INFO     | 🕯️ [EURUSDm] New M5 bar closed: 1778845200
2026-05-15 18:45:00 | INFO     |   [EURUSDm] BUY -9/75
2026-05-15 18:45:01 | INFO     | 🕯️ [USDJPYm] New M5 bar closed: 1778845200
2026-05-15 18:45:01 | INFO     |   [USDJPYm] WAIT 0/75
2026-05-15 18:46:01 | INFO     | 
══════════════════════════════════════════════════════════════════════
  📊  STATUS V22  [18:46:01 BKK]
  Equity    : $     51.44  (-14.27%)
  DD Daily  : 1.27%   DD Total: 14.27%   Mode: NORMAL
  Session   : NY_OPEN_EARLY    H4:NEUTRAL    H1:NEUTRAL   
  Global Pos: 0/3 | Floating Risk: 0.0%/12.0%
  Symbols   : XAUUSDm, EURUSDm, USDJPYm, AUDUSDm, NZDUSDm, USTECm, US30m
  Thresholds: NY=62 LDN=82 NY_EARLY=85 OOS=80
══════════════════════════════════════════════════════════════════════
2026-05-15 18:49:59 | INFO     | 🕯️ [XAUUSDm] New M5 bar closed: 1778845500
2026-05-15 18:49:59 | INFO     |   [XAUUSDm] WAIT 0/75
2026-05-15 18:49:59 | INFO     | 🕯️ [AUDUSDm] New M5 bar closed: 1778845500
2026-05-15 18:49:59 | INFO     |   [AUDUSDm] WAIT 0/75
2026-05-15 18:49:59 | INFO     | 🕯️ [USTECm] New M5 bar closed: 1778845500
2026-05-15 18:49:59 | INFO     |   [USTECm] WAIT 0/75
2026-05-15 18:50:00 | INFO     | 🕯️ [US30m] New M5 bar closed: 1778845500
2026-05-15 18:50:00 | INFO     |   [US30m] BUY 68/75
2026-05-15 18:50:00 | INFO     | 🕯️ [EURUSDm] New M5 bar closed: 1778845500
2026-05-15 18:50:00 | INFO     |   [EURUSDm] SELL -12/75
2026-05-15 18:50:00 | INFO     | 🕯️ [USDJPYm] New M5 bar closed: 1778845500
2026-05-15 18:50:00 | INFO     |   [USDJPYm] WAIT 0/75
2026-05-15 18:50:00 | INFO     | 🕯️ [NZDUSDm] New M5 bar closed: 1778845500
2026-05-15 18:50:00 | INFO     |   [NZDUSDm] SELL 35/75
2026-05-15 18:51:02 | INFO     | 
══════════════════════════════════════════════════════════════════════
  📊  STATUS V22  [18:51:02 BKK]
  Equity    : $     51.44  (-14.27%)
  DD Daily  : 1.27%   DD Total: 14.27%   Mode: NORMAL
  Session   : NY_OPEN_EARLY    H4:BEARISH    H1:NEUTRAL   
  Global Pos: 0/3 | Floating Risk: 0.0%/12.0%
  Symbols   : XAUUSDm, EURUSDm, USDJPYm, AUDUSDm, NZDUSDm, USTECm, US30m
  Thresholds: NY=62 LDN=82 NY_EARLY=85 OOS=80
══════════════════════════════════════════════════════════════════════
2026-05-15 18:54:59 | INFO     | 🕯️ [USTECm] New M5 bar closed: 1778845800
2026-05-15 18:54:59 | INFO     |   [USTECm] WAIT 0/75
2026-05-15 18:54:59 | INFO     | 🕯️ [US30m] New M5 bar closed: 1778845800
2026-05-15 18:54:59 | INFO     |   [US30m] WAIT 0/75
2026-05-15 18:55:00 | INFO     | 🕯️ [XAUUSDm] New M5 bar closed: 1778845800
2026-05-15 18:55:00 | INFO     |   [XAUUSDm] WAIT 0/75
2026-05-15 18:55:00 | INFO     | 🕯️ [EURUSDm] New M5 bar closed: 1778845800
2026-05-15 18:55:00 | INFO     |   [EURUSDm] WAIT 0/75
2026-05-15 18:55:00 | INFO     | 🕯️ [USDJPYm] New M5 bar closed: 1778845800
2026-05-15 18:55:00 | INFO     |   [USDJPYm] WAIT 0/75
2026-05-15 18:55:00 | INFO     | 🕯️ [AUDUSDm] New M5 bar closed: 1778845800
2026-05-15 18:55:00 | INFO     |   [AUDUSDm] WAIT 0/75
2026-05-15 18:55:01 | INFO     | 🕯️ [NZDUSDm] New M5 bar closed: 1778845800
2026-05-15 18:55:01 | INFO     |   [NZDUSDm] WAIT 0/75
2026-05-15 18:56:03 | INFO     | 
══════════════════════════════════════════════════════════════════════
  📊  STATUS V22  [18:56:03 BKK]
  Equity    : $     51.44  (-14.27%)
  DD Daily  : 1.27%   DD Total: 14.27%   Mode: NORMAL
  Session   : NY_OPEN_EARLY    H4:BEARISH    H1:NEUTRAL   
  Global Pos: 0/3 | Floating Risk: 0.0%/12.0%
  Symbols   : XAUUSDm, EURUSDm, USDJPYm, AUDUSDm, NZDUSDm, USTECm, US30m
  Thresholds: NY=62 LDN=82 NY_EARLY=85 OOS=80
══════════════════════════════════════════════════════════════════════
2026-05-15 18:59:59 | INFO     | 🕯️ [USTECm] New M5 bar closed: 1778846100
2026-05-15 18:59:59 | INFO     |   [USTECm] WAIT 0/75
2026-05-15 18:59:59 | INFO     | 🕯️ [US30m] New M5 bar closed: 1778846100
2026-05-15 18:59:59 | INFO     |   [US30m] WAIT 0/75
2026-05-15 18:59:59 | INFO     | 🕯️ [XAUUSDm] New M5 bar closed: 1778846100
2026-05-15 18:59:59 | INFO     |   [XAUUSDm] WAIT 0/75
2026-05-15 18:59:59 | INFO     | 🕯️ [EURUSDm] New M5 bar closed: 1778846100
2026-05-15 18:59:59 | INFO     |   [EURUSDm] WAIT 0/75
2026-05-15 18:59:59 | INFO     | 🕯️ [USDJPYm] New M5 bar closed: 1778846100
2026-05-15 18:59:59 | INFO     |   [USDJPYm] WAIT 0/75
2026-05-15 19:00:00 | INFO     | 🕯️ [AUDUSDm] New M5 bar closed: 1778846100
2026-05-15 19:00:00 | INFO     |   [AUDUSDm] WAIT 0/75
2026-05-15 19:00:00 | INFO     | 🕯️ [NZDUSDm] New M5 bar closed: 1778846100
2026-05-15 19:00:00 | INFO     |   [NZDUSDm] WAIT 0/75
2026-05-15 19:01:03 | INFO     | 
══════════════════════════════════════════════════════════════════════
  📊  STATUS V22  [19:01:03 BKK]
  Equity    : $     51.44  (-14.27%)
  DD Daily  : 1.27%   DD Total: 14.27%   Mode: NORMAL
  Session   : NY_OPEN_EARLY    H4:BEARISH    H1:NEUTRAL   
  Global Pos: 0/3 | Floating Risk: 0.0%/12.0%
  Symbols   : XAUUSDm, EURUSDm, USDJPYm, AUDUSDm, NZDUSDm, USTECm, US30m
  Thresholds: NY=62 LDN=82 NY_EARLY=85 OOS=80
══════════════════════════════════════════════════════════════════════
2026-05-15 19:04:59 | INFO     | 🕯️ [NZDUSDm] New M5 bar closed: 1778846400
2026-05-15 19:04:59 | INFO     |   [NZDUSDm] WAIT 0/75
2026-05-15 19:04:59 | INFO     | 🕯️ [USTECm] New M5 bar closed: 1778846400
2026-05-15 19:04:59 | INFO     |   [USTECm] WAIT 0/75
2026-05-15 19:04:59 | INFO     | 🕯️ [US30m] New M5 bar closed: 1778846400
2026-05-15 19:04:59 | INFO     |   [US30m] WAIT 0/75
2026-05-15 19:05:00 | INFO     | 🕯️ [XAUUSDm] New M5 bar closed: 1778846400
2026-05-15 19:05:00 | INFO     |   [XAUUSDm] WAIT 0/75
2026-05-15 19:05:00 | INFO     | 🕯️ [EURUSDm] New M5 bar closed: 1778846400
2026-05-15 19:05:00 | INFO     |   [EURUSDm] WAIT 0/75
2026-05-15 19:05:00 | INFO     | 🕯️ [USDJPYm] New M5 bar closed: 1778846400
2026-05-15 19:05:00 | INFO     |   [USDJPYm] WAIT 0/75
2026-05-15 19:05:00 | INFO     | 🕯️ [AUDUSDm] New M5 bar closed: 1778846400
2026-05-15 19:05:00 | INFO     |   [AUDUSDm] WAIT 0/75
2026-05-15 19:06:04 | INFO     | 
══════════════════════════════════════════════════════════════════════
  📊  STATUS V22  [19:06:04 BKK]
  Equity    : $     51.44  (-14.27%)
  DD Daily  : 1.27%   DD Total: 14.27%   Mode: NORMAL
  Session   : NY_OPEN_EARLY    H4:NEUTRAL    H1:NEUTRAL   
  Global Pos: 0/3 | Floating Risk: 0.0%/12.0%
  Symbols   : XAUUSDm, EURUSDm, USDJPYm, AUDUSDm, NZDUSDm, USTECm, US30m
  Thresholds: NY=62 LDN=82 NY_EARLY=85 OOS=80
══════════════════════════════════════════════════════════════════════
2026-05-15 19:09:59 | INFO     | 🕯️ [USTECm] New M5 bar closed: 1778846700
2026-05-15 19:09:59 | INFO     |   [USTECm] WAIT 0/75
2026-05-15 19:09:59 | INFO     | 🕯️ [US30m] New M5 bar closed: 1778846700
2026-05-15 19:09:59 | INFO     |   [US30m] WAIT 0/75
2026-05-15 19:10:00 | INFO     | 🕯️ [XAUUSDm] New M5 bar closed: 1778846700
2026-05-15 19:10:00 | INFO     |   [XAUUSDm] WAIT 0/75
2026-05-15 19:10:00 | INFO     | 🕯️ [EURUSDm] New M5 bar closed: 1778846700
2026-05-15 19:10:00 | INFO     |   [EURUSDm] WAIT 0/75
2026-05-15 19:10:00 | INFO     | 🕯️ [USDJPYm] New M5 bar closed: 1778846700
2026-05-15 19:10:00 | INFO     |   [USDJPYm] WAIT 0/75
2026-05-15 19:10:00 | INFO     | 🕯️ [AUDUSDm] New M5 bar closed: 1778846700
2026-05-15 19:10:00 | INFO     |   [AUDUSDm] WAIT 0/75
2026-05-15 19:10:00 | INFO     | 🕯️ [NZDUSDm] New M5 bar closed: 1778846700
2026-05-15 19:10:00 | INFO     |   [NZDUSDm] WAIT 0/75
2026-05-15 19:11:05 | INFO     | 
══════════════════════════════════════════════════════════════════════
  📊  STATUS V22  [19:11:05 BKK]
  Equity    : $     51.44  (-14.27%)
  DD Daily  : 1.27%   DD Total: 14.27%   Mode: NORMAL
  Session   : NY_OPEN_EARLY    H4:BEARISH    H1:NEUTRAL   
  Global Pos: 0/3 | Floating Risk: 0.0%/12.0%
  Symbols   : XAUUSDm, EURUSDm, USDJPYm, AUDUSDm, NZDUSDm, USTECm, US30m
  Thresholds: NY=62 LDN=82 NY_EARLY=85 OOS=80
══════════════════════════════════════════════════════════════════════
2026-05-15 19:14:59 | INFO     | 🕯️ [XAUUSDm] New M5 bar closed: 1778847000
2026-05-15 19:14:59 | INFO     | 📰 News: StaticNewsBlock
2026-05-15 19:14:59 | INFO     | 🕯️ [EURUSDm] New M5 bar closed: 1778847000
2026-05-15 19:14:59 | INFO     | 📰 News: StaticNewsBlock
2026-05-15 19:14:59 | INFO     | 🕯️ [USDJPYm] New M5 bar closed: 1778847000
2026-05-15 19:14:59 | INFO     | 📰 News: StaticNewsBlock
2026-05-15 19:15:00 | INFO     | 🕯️ [AUDUSDm] New M5 bar closed: 1778847000
2026-05-15 19:15:00 | INFO     | 📰 News: StaticNewsBlock
2026-05-15 19:15:00 | INFO     | 🕯️ [NZDUSDm] New M5 bar closed: 1778847000
2026-05-15 19:15:00 | INFO     | 📰 News: StaticNewsBlock
2026-05-15 19:15:00 | INFO     | 🕯️ [USTECm] New M5 bar closed: 1778847000
2026-05-15 19:15:00 | INFO     | 📰 News: StaticNewsBlock
2026-05-15 19:15:00 | INFO     | 🕯️ [US30m] New M5 bar closed: 1778847000
2026-05-15 19:15:00 | INFO     | 📰 News: StaticNewsBlock
2026-05-15 19:16:05 | INFO     | 
══════════════════════════════════════════════════════════════════════
  📊  STATUS V22  [19:16:05 BKK]
  Equity    : $     51.44  (-14.27%)
  DD Daily  : 1.27%   DD Total: 14.27%   Mode: NORMAL
  Session   : NY_OPEN_EARLY    H4:BEARISH    H1:NEUTRAL   
  Global Pos: 0/3 | Floating Risk: 0.0%/12.0%
  Symbols   : XAUUSDm, EURUSDm, USDJPYm, AUDUSDm, NZDUSDm, USTECm, US30m
  Thresholds: NY=62 LDN=82 NY_EARLY=85 OOS=80
══════════════════════════════════════════════════════════════════════
2026-05-15 19:19:59 | INFO     | 🕯️ [XAUUSDm] New M5 bar closed: 1778847300
2026-05-15 19:19:59 | INFO     | 📰 News: StaticNewsBlock
2026-05-15 19:19:59 | INFO     | 🕯️ [EURUSDm] New M5 bar closed: 1778847300
2026-05-15 19:19:59 | INFO     | 📰 News: StaticNewsBlock
2026-05-15 19:19:59 | INFO     | 🕯️ [AUDUSDm] New M5 bar closed: 1778847300
2026-05-15 19:19:59 | INFO     | 📰 News: StaticNewsBlock
2026-05-15 19:19:59 | INFO     | 🕯️ [USTECm] New M5 bar closed: 1778847300
2026-05-15 19:19:59 | INFO     | 📰 News: StaticNewsBlock
2026-05-15 19:20:00 | INFO     | 🕯️ [US30m] New M5 bar closed: 1778847300
2026-05-15 19:20:00 | INFO     | 📰 News: StaticNewsBlock
2026-05-15 19:20:00 | INFO     | 🕯️ [USDJPYm] New M5 bar closed: 1778847300
2026-05-15 19:20:00 | INFO     | 📰 News: StaticNewsBlock
2026-05-15 19:20:00 | INFO     | 🕯️ [NZDUSDm] New M5 bar closed: 1778847300
2026-05-15 19:20:00 | INFO     | 📰 News: StaticNewsBlock
2026-05-15 19:21:06 | INFO     | 
══════════════════════════════════════════════════════════════════════
  📊  STATUS V22  [19:21:06 BKK]
  Equity    : $     51.44  (-14.27%)
  DD Daily  : 1.27%   DD Total: 14.27%   Mode: NORMAL
  Session   : NY_OPEN_EARLY    H4:BEARISH    H1:NEUTRAL   
  Global Pos: 0/3 | Floating Risk: 0.0%/12.0%
  Symbols   : XAUUSDm, EURUSDm, USDJPYm, AUDUSDm, NZDUSDm, USTECm, US30m
  Thresholds: NY=62 LDN=82 NY_EARLY=85 OOS=80
══════════════════════════════════════════════════════════════════════
2026-05-15 19:24:59 | INFO     | 🕯️ [USTECm] New M5 bar closed: 1778847600
2026-05-15 19:24:59 | INFO     | 📰 News: StaticNewsBlock
2026-05-15 19:24:59 | INFO     | 🕯️ [XAUUSDm] New M5 bar closed: 1778847600
2026-05-15 19:24:59 | INFO     | 📰 News: StaticNewsBlock
2026-05-15 19:25:00 | INFO     | 🕯️ [EURUSDm] New M5 bar closed: 1778847600
2026-05-15 19:25:00 | INFO     | 📰 News: StaticNewsBlock
2026-05-15 19:25:00 | INFO     | 🕯️ [USDJPYm] New M5 bar closed: 1778847600
2026-05-15 19:25:00 | INFO     | 📰 News: StaticNewsBlock
2026-05-15 19:25:00 | INFO     | 🕯️ [AUDUSDm] New M5 bar closed: 1778847600
2026-05-15 19:25:00 | INFO     | 📰 News: StaticNewsBlock
2026-05-15 19:25:00 | INFO     | 🕯️ [NZDUSDm] New M5 bar closed: 1778847600
2026-05-15 19:25:00 | INFO     | 📰 News: StaticNewsBlock
2026-05-15 19:25:00 | INFO     | 🕯️ [US30m] New M5 bar closed: 1778847600
2026-05-15 19:25:00 | INFO     | 📰 News: StaticNewsBlock
2026-05-15 19:26:07 | INFO     | 
══════════════════════════════════════════════════════════════════════
  📊  STATUS V22  [19:26:07 BKK]
  Equity    : $     51.44  (-14.27%)
  DD Daily  : 1.27%   DD Total: 14.27%   Mode: NORMAL
  Session   : NY_OPEN_EARLY    H4:BEARISH    H1:NEUTRAL   
  Global Pos: 0/3 | Floating Risk: 0.0%/12.0%
  Symbols   : XAUUSDm, EURUSDm, USDJPYm, AUDUSDm, NZDUSDm, USTECm, US30m
  Thresholds: NY=62 LDN=82 NY_EARLY=85 OOS=80
══════════════════════════════════════════════════════════════════════
2026-05-15 19:29:59 | INFO     | 🕯️ [XAUUSDm] New M5 bar closed: 1778847900
2026-05-15 19:29:59 | INFO     | 📰 News: StaticNewsBlock
2026-05-15 19:29:59 | INFO     | 🕯️ [USDJPYm] New M5 bar closed: 1778847900
2026-05-15 19:29:59 | INFO     | 📰 News: StaticNewsBlock
2026-05-15 19:29:59 | INFO     | 🕯️ [AUDUSDm] New M5 bar closed: 1778847900
2026-05-15 19:29:59 | INFO     | 📰 News: StaticNewsBlock
2026-05-15 19:30:00 | INFO     | 🕯️ [NZDUSDm] New M5 bar closed: 1778847900
2026-05-15 19:30:00 | INFO     | 📰 News: StaticNewsBlock
2026-05-15 19:30:00 | INFO     | 🕯️ [USTECm] New M5 bar closed: 1778847900
2026-05-15 19:30:00 | INFO     | 📰 News: StaticNewsBlock
2026-05-15 19:30:00 | INFO     | 🕯️ [US30m] New M5 bar closed: 1778847900
2026-05-15 19:30:00 | INFO     | 📰 News: StaticNewsBlock
2026-05-15 19:30:00 | INFO     | 🕯️ [EURUSDm] New M5 bar closed: 1778847900
2026-05-15 19:30:00 | INFO     | 📰 News: StaticNewsBlock
2026-05-15 19:31:07 | INFO     | 
══════════════════════════════════════════════════════════════════════
  📊  STATUS V22  [19:31:07 BKK]
  Equity    : $     51.44  (-14.27%)
  DD Daily  : 1.27%   DD Total: 14.27%   Mode: NORMAL
  Session   : NY_OPEN_EARLY    H4:BEARISH    H1:NEUTRAL   
  Global Pos: 0/3 | Floating Risk: 0.0%/12.0%
  Symbols   : XAUUSDm, EURUSDm, USDJPYm, AUDUSDm, NZDUSDm, USTECm, US30m
  Thresholds: NY=62 LDN=82 NY_EARLY=85 OOS=80
══════════════════════════════════════════════════════════════════════
2026-05-15 19:34:59 | INFO     | 🕯️ [USDJPYm] New M5 bar closed: 1778848200
2026-05-15 19:34:59 | INFO     | 📰 News: StaticNewsBlock
2026-05-15 19:34:59 | INFO     | 🕯️ [NZDUSDm] New M5 bar closed: 1778848200
2026-05-15 19:34:59 | INFO     | 📰 News: StaticNewsBlock
2026-05-15 19:34:59 | INFO     | 🕯️ [USTECm] New M5 bar closed: 1778848200
2026-05-15 19:34:59 | INFO     | 📰 News: StaticNewsBlock
2026-05-15 19:34:59 | INFO     | 🕯️ [US30m] New M5 bar closed: 1778848200
2026-05-15 19:34:59 | INFO     | 📰 News: StaticNewsBlock
2026-05-15 19:35:00 | INFO     | 🕯️ [XAUUSDm] New M5 bar closed: 1778848200
2026-05-15 19:35:00 | INFO     | 📰 News: StaticNewsBlock
2026-05-15 19:35:00 | INFO     | 🕯️ [EURUSDm] New M5 bar closed: 1778848200
2026-05-15 19:35:00 | INFO     | 📰 News: StaticNewsBlock
2026-05-15 19:35:00 | INFO     | 🕯️ [AUDUSDm] New M5 bar closed: 1778848200
2026-05-15 19:35:00 | INFO     | 📰 News: StaticNewsBlock
2026-05-15 19:36:08 | INFO     | 
══════════════════════════════════════════════════════════════════════
  📊  STATUS V22  [19:36:08 BKK]
  Equity    : $     51.44  (-14.27%)
  DD Daily  : 1.27%   DD Total: 14.27%   Mode: NORMAL
  Session   : NY_OPEN_EARLY    H4:BEARISH    H1:NEUTRAL   
  Global Pos: 0/3 | Floating Risk: 0.0%/12.0%
  Symbols   : XAUUSDm, EURUSDm, USDJPYm, AUDUSDm, NZDUSDm, USTECm, US30m
  Thresholds: NY=62 LDN=82 NY_EARLY=85 OOS=80
══════════════════════════════════════════════════════════════════════
2026-05-15 19:39:59 | INFO     | 🕯️ [XAUUSDm] New M5 bar closed: 1778848500
2026-05-15 19:39:59 | INFO     | 📰 News: StaticNewsBlock
2026-05-15 19:39:59 | INFO     | 🕯️ [EURUSDm] New M5 bar closed: 1778848500
2026-05-15 19:39:59 | INFO     | 📰 News: StaticNewsBlock
2026-05-15 19:40:00 | INFO     | 🕯️ [AUDUSDm] New M5 bar closed: 1778848500
2026-05-15 19:40:00 | INFO     | 📰 News: StaticNewsBlock
2026-05-15 19:40:00 | INFO     | 🕯️ [NZDUSDm] New M5 bar closed: 1778848500
2026-05-15 19:40:00 | INFO     | 📰 News: StaticNewsBlock
2026-05-15 19:40:00 | INFO     | 🕯️ [USTECm] New M5 bar closed: 1778848500
2026-05-15 19:40:00 | INFO     | 📰 News: StaticNewsBlock
2026-05-15 19:40:00 | INFO     | 🕯️ [US30m] New M5 bar closed: 1778848500
2026-05-15 19:40:00 | INFO     | 📰 News: StaticNewsBlock
2026-05-15 19:40:01 | INFO     | 🕯️ [USDJPYm] New M5 bar closed: 1778848500
2026-05-15 19:40:01 | INFO     | 📰 News: StaticNewsBlock
2026-05-15 19:41:08 | INFO     | 
══════════════════════════════════════════════════════════════════════
  📊  STATUS V22  [19:41:08 BKK]
  Equity    : $     51.44  (-14.27%)
  DD Daily  : 1.27%   DD Total: 14.27%   Mode: NORMAL
  Session   : NY_OPEN_EARLY    H4:BEARISH    H1:NEUTRAL   
  Global Pos: 0/3 | Floating Risk: 0.0%/12.0%
  Symbols   : XAUUSDm, EURUSDm, USDJPYm, AUDUSDm, NZDUSDm, USTECm, US30m
  Thresholds: NY=62 LDN=82 NY_EARLY=85 OOS=80
══════════════════════════════════════════════════════════════════════
2026-05-15 19:44:59 | INFO     | 🕯️ [XAUUSDm] New M5 bar closed: 1778848800
2026-05-15 19:44:59 | INFO     | 📰 News: StaticNewsBlock
2026-05-15 19:44:59 | INFO     | 🕯️ [AUDUSDm] New M5 bar closed: 1778848800
2026-05-15 19:44:59 | INFO     | 📰 News: StaticNewsBlock
2026-05-15 19:44:59 | INFO     | 🕯️ [USTECm] New M5 bar closed: 1778848800
2026-05-15 19:44:59 | INFO     | 📰 News: StaticNewsBlock
2026-05-15 19:44:59 | INFO     | 🕯️ [US30m] New M5 bar closed: 1778848800
2026-05-15 19:44:59 | INFO     | 📰 News: StaticNewsBlock
2026-05-15 19:45:00 | INFO     | 🕯️ [EURUSDm] New M5 bar closed: 1778848800
2026-05-15 19:45:00 | INFO     | 📰 News: StaticNewsBlock
2026-05-15 19:45:00 | INFO     | 🕯️ [USDJPYm] New M5 bar closed: 1778848800
2026-05-15 19:45:00 | INFO     | 📰 News: StaticNewsBlock
2026-05-15 19:45:00 | INFO     | 🕯️ [NZDUSDm] New M5 bar closed: 1778848800
2026-05-15 19:45:00 | INFO     | 📰 News: StaticNewsBlock
2026-05-15 19:46:09 | INFO     | 
══════════════════════════════════════════════════════════════════════
  📊  STATUS V22  [19:46:09 BKK]
  Equity    : $     51.44  (-14.27%)
  DD Daily  : 1.27%   DD Total: 14.27%   Mode: NORMAL
  Session   : NY_OPEN_EARLY    H4:BEARISH    H1:NEUTRAL   
  Global Pos: 0/3 | Floating Risk: 0.0%/12.0%
  Symbols   : XAUUSDm, EURUSDm, USDJPYm, AUDUSDm, NZDUSDm, USTECm, US30m
  Thresholds: NY=62 LDN=82 NY_EARLY=85 OOS=80
══════════════════════════════════════════════════════════════════════
2026-05-15 19:49:59 | INFO     | 🕯️ [USTECm] New M5 bar closed: 1778849100
2026-05-15 19:49:59 | INFO     |   [USTECm] WAIT 0/64
2026-05-15 19:49:59 | INFO     | 🕯️ [US30m] New M5 bar closed: 1778849100
2026-05-15 19:49:59 | INFO     |   [US30m] WAIT 0/64
2026-05-15 19:49:59 | INFO     | 🕯️ [XAUUSDm] New M5 bar closed: 1778849100
2026-05-15 19:49:59 | INFO     |   [XAUUSDm] WAIT 0/64
2026-05-15 19:50:00 | INFO     | 🕯️ [EURUSDm] New M5 bar closed: 1778849100
2026-05-15 19:50:00 | INFO     |   [EURUSDm] SELL 53/64
2026-05-15 19:50:00 | INFO     | 🕯️ [USDJPYm] New M5 bar closed: 1778849100
2026-05-15 19:50:00 | INFO     |   [USDJPYm] WAIT 0/64
2026-05-15 19:50:00 | INFO     | 🕯️ [AUDUSDm] New M5 bar closed: 1778849100
2026-05-15 19:50:00 | INFO     |   [AUDUSDm] BUY 20/64
2026-05-15 19:50:00 | INFO     | 🕯️ [NZDUSDm] New M5 bar closed: 1778849100
2026-05-15 19:50:00 | INFO     |   [NZDUSDm] WAIT 0/64
2026-05-15 19:51:10 | INFO     | 
══════════════════════════════════════════════════════════════════════
  📊  STATUS V22  [19:51:10 BKK]
  Equity    : $     51.44  (-14.27%)
  DD Daily  : 1.27%   DD Total: 14.27%   Mode: NORMAL
  Session   : NEW_YORK         H4:BEARISH    H1:NEUTRAL   
  Global Pos: 0/3 | Floating Risk: 0.0%/12.0%
  Symbols   : XAUUSDm, EURUSDm, USDJPYm, AUDUSDm, NZDUSDm, USTECm, US30m
  Thresholds: NY=62 LDN=82 NY_EARLY=85 OOS=80
══════════════════════════════════════════════════════════════════════
2026-05-15 19:54:59 | INFO     | 🕯️ [XAUUSDm] New M5 bar closed: 1778849400
2026-05-15 19:54:59 | INFO     |   [XAUUSDm] WAIT 0/64
2026-05-15 19:54:59 | INFO     | 🕯️ [EURUSDm] New M5 bar closed: 1778849400
2026-05-15 19:54:59 | INFO     |   [EURUSDm] BUY 10/64
2026-05-15 19:54:59 | INFO     | 🕯️ [USDJPYm] New M5 bar closed: 1778849400
2026-05-15 19:54:59 | INFO     |   [USDJPYm] WAIT 0/64
2026-05-15 19:54:59 | INFO     | 🕯️ [AUDUSDm] New M5 bar closed: 1778849400
2026-05-15 19:54:59 | INFO     |   [AUDUSDm] WAIT 0/64
2026-05-15 19:54:59 | INFO     | 🕯️ [NZDUSDm] New M5 bar closed: 1778849400
2026-05-15 19:54:59 | INFO     |   [NZDUSDm] SELL 32/64
2026-05-15 19:55:00 | INFO     | 🕯️ [USTECm] New M5 bar closed: 1778849400
2026-05-15 19:55:00 | INFO     |   [USTECm] WAIT 0/64
2026-05-15 19:55:00 | INFO     | 🕯️ [US30m] New M5 bar closed: 1778849400
2026-05-15 19:55:00 | INFO     |   [US30m] WAIT 0/64
2026-05-15 19:56:10 | INFO     | 
══════════════════════════════════════════════════════════════════════
  📊  STATUS V22  [19:56:10 BKK]
  Equity    : $     51.44  (-14.27%)
  DD Daily  : 1.27%   DD Total: 14.27%   Mode: NORMAL
  Session   : NEW_YORK         H4:BULLISH    H1:NEUTRAL   
  Global Pos: 0/3 | Floating Risk: 0.0%/12.0%
  Symbols   : XAUUSDm, EURUSDm, USDJPYm, AUDUSDm, NZDUSDm, USTECm, US30m
  Thresholds: NY=62 LDN=82 NY_EARLY=85 OOS=80
══════════════════════════════════════════════════════════════════════
2026-05-15 19:59:59 | INFO     | 🕯️ [USDJPYm] New M5 bar closed: 1778849700
2026-05-15 19:59:59 | INFO     |   [USDJPYm] WAIT 0/64
2026-05-15 19:59:59 | INFO     | 🕯️ [AUDUSDm] New M5 bar closed: 1778849700
2026-05-15 19:59:59 | INFO     |   [AUDUSDm] SELL 16/64
2026-05-15 19:59:59 | INFO     | 🕯️ [NZDUSDm] New M5 bar closed: 1778849700
2026-05-15 19:59:59 | INFO     |   [NZDUSDm] WAIT 0/64
2026-05-15 19:59:59 | INFO     | 🕯️ [USTECm] New M5 bar closed: 1778849700
2026-05-15 19:59:59 | INFO     |   [USTECm] WAIT 0/64
2026-05-15 19:59:59 | INFO     | 🕯️ [US30m] New M5 bar closed: 1778849700
2026-05-15 19:59:59 | INFO     |   [US30m] WAIT 0/64
2026-05-15 20:00:00 | INFO     | 🕯️ [XAUUSDm] New M5 bar closed: 1778849700
2026-05-15 20:00:00 | INFO     |   [XAUUSDm] WAIT 0/64
2026-05-15 20:00:00 | INFO     | 🕯️ [EURUSDm] New M5 bar closed: 1778849700
2026-05-15 20:00:00 | INFO     |   [EURUSDm] BUY -8/64
2026-05-15 20:01:11 | INFO     | 
══════════════════════════════════════════════════════════════════════
  📊  STATUS V22  [20:01:11 BKK]
  Equity    : $     51.44  (-14.27%)
  DD Daily  : 1.27%   DD Total: 14.27%   Mode: NORMAL
  Session   : NEW_YORK         H4:BEARISH    H1:NEUTRAL   
  Global Pos: 0/3 | Floating Risk: 0.0%/12.0%
  Symbols   : XAUUSDm, EURUSDm, USDJPYm, AUDUSDm, NZDUSDm, USTECm, US30m
  Thresholds: NY=62 LDN=82 NY_EARLY=85 OOS=80
══════════════════════════════════════════════════════════════════════
2026-05-15 20:04:59 | INFO     | 🕯️ [US30m] New M5 bar closed: 1778850000
2026-05-15 20:04:59 | INFO     |   [US30m] WAIT 0/64
2026-05-15 20:04:59 | INFO     | 🕯️ [XAUUSDm] New M5 bar closed: 1778850000
2026-05-15 20:04:59 | INFO     |   [XAUUSDm] WAIT 0/64
2026-05-15 20:04:59 | INFO     | 🕯️ [EURUSDm] New M5 bar closed: 1778850000
2026-05-15 20:04:59 | INFO     |   [EURUSDm] WAIT 0/64
2026-05-15 20:04:59 | INFO     | 🕯️ [USDJPYm] New M5 bar closed: 1778850000
2026-05-15 20:04:59 | INFO     |   [USDJPYm] WAIT 0/64
2026-05-15 20:05:00 | INFO     | 🕯️ [AUDUSDm] New M5 bar closed: 1778850000
2026-05-15 20:05:00 | INFO     |   [AUDUSDm] WAIT 0/64
2026-05-15 20:05:00 | INFO     | 🕯️ [NZDUSDm] New M5 bar closed: 1778850000
2026-05-15 20:05:00 | INFO     |   [NZDUSDm] WAIT 0/64
2026-05-15 20:05:00 | INFO     | 🕯️ [USTECm] New M5 bar closed: 1778850000
2026-05-15 20:05:00 | INFO     |   [USTECm] WAIT 0/64
2026-05-15 20:06:11 | INFO     | 
══════════════════════════════════════════════════════════════════════
  📊  STATUS V22  [20:06:11 BKK]
  Equity    : $     51.44  (-14.27%)
  DD Daily  : 1.27%   DD Total: 14.27%   Mode: NORMAL
  Session   : NEW_YORK         H4:BULLISH    H1:NEUTRAL   
  Global Pos: 0/3 | Floating Risk: 0.0%/12.0%
  Symbols   : XAUUSDm, EURUSDm, USDJPYm, AUDUSDm, NZDUSDm, USTECm, US30m
  Thresholds: NY=62 LDN=82 NY_EARLY=85 OOS=80
══════════════════════════════════════════════════════════════════════
2026-05-15 20:09:59 | INFO     | 🕯️ [XAUUSDm] New M5 bar closed: 1778850300
2026-05-15 20:09:59 | INFO     |   [XAUUSDm] WAIT 0/64
2026-05-15 20:09:59 | INFO     | 🕯️ [EURUSDm] New M5 bar closed: 1778850300
2026-05-15 20:09:59 | INFO     |   [EURUSDm] WAIT 0/64
2026-05-15 20:09:59 | INFO     | 🕯️ [AUDUSDm] New M5 bar closed: 1778850300
2026-05-15 20:09:59 | INFO     |   [AUDUSDm] WAIT 0/64
2026-05-15 20:09:59 | INFO     | 🕯️ [USTECm] New M5 bar closed: 1778850300
2026-05-15 20:09:59 | INFO     |   [USTECm] WAIT 0/64
2026-05-15 20:10:00 | INFO     | 🕯️ [US30m] New M5 bar closed: 1778850300
2026-05-15 20:10:00 | INFO     |   [US30m] WAIT 0/64
2026-05-15 20:10:00 | INFO     | 🕯️ [USDJPYm] New M5 bar closed: 1778850300
2026-05-15 20:10:00 | INFO     |   [USDJPYm] WAIT 0/64
2026-05-15 20:10:00 | INFO     | 🕯️ [NZDUSDm] New M5 bar closed: 1778850300
2026-05-15 20:10:00 | INFO     |   [NZDUSDm] WAIT 0/64
2026-05-15 20:11:12 | INFO     | 
══════════════════════════════════════════════════════════════════════
  📊  STATUS V22  [20:11:12 BKK]
  Equity    : $     51.44  (-14.27%)
  DD Daily  : 1.27%   DD Total: 14.27%   Mode: NORMAL
  Session   : NEW_YORK         H4:BEARISH    H1:NEUTRAL   
  Global Pos: 0/3 | Floating Risk: 0.0%/12.0%
  Symbols   : XAUUSDm, EURUSDm, USDJPYm, AUDUSDm, NZDUSDm, USTECm, US30m
  Thresholds: NY=62 LDN=82 NY_EARLY=85 OOS=80
══════════════════════════════════════════════════════════════════════
2026-05-15 20:14:59 | INFO     | 🕯️ [USDJPYm] New M5 bar closed: 1778850600
2026-05-15 20:14:59 | INFO     |   [USDJPYm] WAIT 0/64
2026-05-15 20:14:59 | INFO     | 🕯️ [NZDUSDm] New M5 bar closed: 1778850600
2026-05-15 20:14:59 | INFO     |   [NZDUSDm] WAIT 0/64
2026-05-15 20:14:59 | INFO     | 🕯️ [USTECm] New M5 bar closed: 1778850600
2026-05-15 20:14:59 | INFO     |   [USTECm] WAIT 0/64
2026-05-15 20:14:59 | INFO     | 🕯️ [US30m] New M5 bar closed: 1778850600
2026-05-15 20:14:59 | INFO     |   [US30m] WAIT 0/64
2026-05-15 20:15:00 | INFO     | 🕯️ [XAUUSDm] New M5 bar closed: 1778850600
2026-05-15 20:15:00 | INFO     |   [XAUUSDm] WAIT 0/64
2026-05-15 20:15:00 | INFO     | 🕯️ [EURUSDm] New M5 bar closed: 1778850600
2026-05-15 20:15:00 | INFO     |   [EURUSDm] WAIT 0/64
2026-05-15 20:15:00 | INFO     | 🕯️ [AUDUSDm] New M5 bar closed: 1778850600
2026-05-15 20:15:00 | INFO     |   [AUDUSDm] WAIT 0/64
2026-05-15 20:16:13 | INFO     | 
══════════════════════════════════════════════════════════════════════
  📊  STATUS V22  [20:16:13 BKK]
  Equity    : $     51.44  (-14.27%)
  DD Daily  : 1.27%   DD Total: 14.27%   Mode: NORMAL
  Session   : NEW_YORK         H4:NEUTRAL    H1:NEUTRAL   
  Global Pos: 0/3 | Floating Risk: 0.0%/12.0%
  Symbols   : XAUUSDm, EURUSDm, USDJPYm, AUDUSDm, NZDUSDm, USTECm, US30m
  Thresholds: NY=62 LDN=82 NY_EARLY=85 OOS=80
══════════════════════════════════════════════════════════════════════
2026-05-15 20:19:59 | INFO     | 🕯️ [US30m] New M5 bar closed: 1778850900
2026-05-15 20:19:59 | INFO     |   [US30m] WAIT 0/64
2026-05-15 20:19:59 | INFO     | 🕯️ [XAUUSDm] New M5 bar closed: 1778850900
2026-05-15 20:19:59 | INFO     |   [XAUUSDm] BUY 0/64
2026-05-15 20:19:59 | INFO     | 🕯️ [EURUSDm] New M5 bar closed: 1778850900
2026-05-15 20:19:59 | INFO     |   [EURUSDm] WAIT 0/64
2026-05-15 20:19:59 | INFO     | 🕯️ [USDJPYm] New M5 bar closed: 1778850900
2026-05-15 20:19:59 | INFO     |   [USDJPYm] WAIT 0/64
2026-05-15 20:20:00 | INFO     | 🕯️ [AUDUSDm] New M5 bar closed: 1778850900
2026-05-15 20:20:00 | INFO     |   [AUDUSDm] WAIT 0/64
2026-05-15 20:20:00 | INFO     | 🕯️ [NZDUSDm] New M5 bar closed: 1778850900
2026-05-15 20:20:00 | INFO     |   [NZDUSDm] WAIT 0/64
2026-05-15 20:20:00 | INFO     | 🕯️ [USTECm] New M5 bar closed: 1778850900
2026-05-15 20:20:00 | INFO     |   [USTECm] WAIT 0/64
2026-05-15 20:21:13 | INFO     | 
══════════════════════════════════════════════════════════════════════
  📊  STATUS V22  [20:21:13 BKK]
  Equity    : $     51.44  (-14.27%)
  DD Daily  : 1.27%   DD Total: 14.27%   Mode: NORMAL
  Session   : NEW_YORK         H4:BULLISH    H1:NEUTRAL   
  Global Pos: 0/3 | Floating Risk: 0.0%/12.0%
  Symbols   : XAUUSDm, EURUSDm, USDJPYm, AUDUSDm, NZDUSDm, USTECm, US30m
  Thresholds: NY=62 LDN=82 NY_EARLY=85 OOS=80
══════════════════════════════════════════════════════════════════════
2026-05-15 20:24:59 | INFO     | 🕯️ [XAUUSDm] New M5 bar closed: 1778851200
2026-05-15 20:24:59 | INFO     |   [XAUUSDm] WAIT 0/64
2026-05-15 20:24:59 | INFO     | 🕯️ [EURUSDm] New M5 bar closed: 1778851200
2026-05-15 20:24:59 | INFO     |   [EURUSDm] WAIT 0/64
2026-05-15 20:24:59 | INFO     | 🕯️ [USDJPYm] New M5 bar closed: 1778851200
2026-05-15 20:24:59 | INFO     |   [USDJPYm] WAIT 0/64
2026-05-15 20:24:59 | INFO     | 🕯️ [AUDUSDm] New M5 bar closed: 1778851200
2026-05-15 20:24:59 | INFO     |   [AUDUSDm] SELL -5/64
2026-05-15 20:24:59 | INFO     | 🕯️ [NZDUSDm] New M5 bar closed: 1778851200
2026-05-15 20:24:59 | INFO     |   [NZDUSDm] WAIT 0/64
2026-05-15 20:24:59 | INFO     | 🕯️ [USTECm] New M5 bar closed: 1778851200
2026-05-15 20:24:59 | INFO     |   [USTECm] WAIT 0/64
2026-05-15 20:24:59 | INFO     | 🕯️ [US30m] New M5 bar closed: 1778851200
2026-05-15 20:24:59 | INFO     |   [US30m] SELL -19/64
2026-05-15 20:26:14 | INFO     | 
══════════════════════════════════════════════════════════════════════
  📊  STATUS V22  [20:26:14 BKK]
  Equity    : $     51.44  (-14.27%)
  DD Daily  : 1.27%   DD Total: 14.27%   Mode: NORMAL
  Session   : NEW_YORK         H4:BULLISH    H1:NEUTRAL   
  Global Pos: 0/3 | Floating Risk: 0.0%/12.0%
  Symbols   : XAUUSDm, EURUSDm, USDJPYm, AUDUSDm, NZDUSDm, USTECm, US30m
  Thresholds: NY=62 LDN=82 NY_EARLY=85 OOS=80
══════════════════════════════════════════════════════════════════════
2026-05-15 20:29:59 | INFO     | 🕯️ [AUDUSDm] New M5 bar closed: 1778851500
2026-05-15 20:29:59 | INFO     |   [AUDUSDm] WAIT 0/64
2026-05-15 20:29:59 | INFO     | 🕯️ [NZDUSDm] New M5 bar closed: 1778851500
2026-05-15 20:29:59 | INFO     |   [NZDUSDm] WAIT 0/64
2026-05-15 20:29:59 | INFO     | 🕯️ [USTECm] New M5 bar closed: 1778851500
2026-05-15 20:29:59 | INFO     |   [USTECm] WAIT 0/64
2026-05-15 20:29:59 | INFO     | 🕯️ [US30m] New M5 bar closed: 1778851500
2026-05-15 20:29:59 | INFO     |   [US30m] WAIT 0/64
2026-05-15 20:30:00 | INFO     | 🕯️ [XAUUSDm] New M5 bar closed: 1778851500
2026-05-15 20:30:00 | INFO     |   [XAUUSDm] WAIT 0/64
2026-05-15 20:30:00 | INFO     | 🕯️ [EURUSDm] New M5 bar closed: 1778851500
2026-05-15 20:30:00 | INFO     |   [EURUSDm] WAIT 0/64
2026-05-15 20:30:00 | INFO     | 🕯️ [USDJPYm] New M5 bar closed: 1778851500
2026-05-15 20:30:00 | INFO     |   [USDJPYm] WAIT 0/64
2026-05-15 20:31:15 | INFO     | 
══════════════════════════════════════════════════════════════════════
  📊  STATUS V22  [20:31:15 BKK]
  Equity    : $     51.44  (-14.27%)
  DD Daily  : 1.27%   DD Total: 14.27%   Mode: NORMAL
  Session   : NEW_YORK         H4:NEUTRAL    H1:NEUTRAL   
  Global Pos: 0/3 | Floating Risk: 0.0%/12.0%
  Symbols   : XAUUSDm, EURUSDm, USDJPYm, AUDUSDm, NZDUSDm, USTECm, US30m
  Thresholds: NY=62 LDN=82 NY_EARLY=85 OOS=80
══════════════════════════════════════════════════════════════════════
2026-05-15 20:34:59 | INFO     | 🕯️ [USTECm] New M5 bar closed: 1778851800
2026-05-15 20:34:59 | INFO     |   [USTECm] WAIT 0/64
2026-05-15 20:34:59 | INFO     | 🕯️ [US30m] New M5 bar closed: 1778851800
2026-05-15 20:34:59 | INFO     |   [US30m] WAIT 0/64
2026-05-15 20:34:59 | INFO     | 🕯️ [XAUUSDm] New M5 bar closed: 1778851800
2026-05-15 20:34:59 | INFO     |   [XAUUSDm] WAIT 0/64
2026-05-15 20:34:59 | INFO     | 🕯️ [EURUSDm] New M5 bar closed: 1778851800
2026-05-15 20:34:59 | INFO     |   [EURUSDm] WAIT 0/64
2026-05-15 20:34:59 | INFO     | 🕯️ [USDJPYm] New M5 bar closed: 1778851800
2026-05-15 20:34:59 | INFO     |   [USDJPYm] WAIT 0/64
2026-05-15 20:34:59 | INFO     | 🕯️ [AUDUSDm] New M5 bar closed: 1778851800
2026-05-15 20:34:59 | INFO     |   [AUDUSDm] SELL 16/64
2026-05-15 20:35:00 | INFO     | 🕯️ [NZDUSDm] New M5 bar closed: 1778851800
2026-05-15 20:35:00 | INFO     |   [NZDUSDm] WAIT 0/64
2026-05-15 20:36:15 | INFO     | 
══════════════════════════════════════════════════════════════════════
  📊  STATUS V22  [20:36:15 BKK]
  Equity    : $     51.44  (-14.27%)
  DD Daily  : 1.27%   DD Total: 14.27%   Mode: NORMAL
  Session   : NEW_YORK         H4:BEARISH    H1:NEUTRAL   
  Global Pos: 0/3 | Floating Risk: 0.0%/12.0%
  Symbols   : XAUUSDm, EURUSDm, USDJPYm, AUDUSDm, NZDUSDm, USTECm, US30m
  Thresholds: NY=62 LDN=82 NY_EARLY=85 OOS=80
══════════════════════════════════════════════════════════════════════
2026-05-15 20:39:59 | INFO     | 🕯️ [XAUUSDm] New M5 bar closed: 1778852100
2026-05-15 20:39:59 | INFO     |   [XAUUSDm] WAIT 0/64
2026-05-15 20:39:59 | INFO     | 🕯️ [EURUSDm] New M5 bar closed: 1778852100
2026-05-15 20:39:59 | INFO     |   [EURUSDm] WAIT 0/64
2026-05-15 20:39:59 | INFO     | 🕯️ [USDJPYm] New M5 bar closed: 1778852100
2026-05-15 20:39:59 | INFO     |   [USDJPYm] WAIT 0/64
2026-05-15 20:39:59 | INFO     | 🕯️ [AUDUSDm] New M5 bar closed: 1778852100
2026-05-15 20:39:59 | INFO     |   [AUDUSDm] WAIT 0/64
2026-05-15 20:39:59 | INFO     | 🕯️ [NZDUSDm] New M5 bar closed: 1778852100
2026-05-15 20:39:59 | INFO     |   [NZDUSDm] WAIT 0/64
2026-05-15 20:39:59 | INFO     | 🕯️ [USTECm] New M5 bar closed: 1778852100
2026-05-15 20:39:59 | INFO     |   [USTECm] WAIT 0/64
2026-05-15 20:39:59 | INFO     | 🕯️ [US30m] New M5 bar closed: 1778852100
2026-05-15 20:39:59 | INFO     |   [US30m] WAIT 0/64
2026-05-15 20:41:16 | INFO     | 
══════════════════════════════════════════════════════════════════════
  📊  STATUS V22  [20:41:16 BKK]
  Equity    : $     51.44  (-14.27%)
  DD Daily  : 1.27%   DD Total: 14.27%   Mode: NORMAL
  Session   : NEW_YORK         H4:BULLISH    H1:NEUTRAL   
  Global Pos: 0/3 | Floating Risk: 0.0%/12.0%
  Symbols   : XAUUSDm, EURUSDm, USDJPYm, AUDUSDm, NZDUSDm, USTECm, US30m
  Thresholds: NY=62 LDN=82 NY_EARLY=85 OOS=80
══════════════════════════════════════════════════════════════════════
2026-05-15 20:44:59 | INFO     | 🕯️ [NZDUSDm] New M5 bar closed: 1778852400
2026-05-15 20:44:59 | INFO     |   [NZDUSDm] WAIT 0/64
2026-05-15 20:44:59 | INFO     | 🕯️ [USTECm] New M5 bar closed: 1778852400
2026-05-15 20:44:59 | INFO     |   [USTECm] WAIT 0/64
2026-05-15 20:44:59 | INFO     | 🕯️ [US30m] New M5 bar closed: 1778852400
2026-05-15 20:44:59 | INFO     |   [US30m] WAIT 0/64
2026-05-15 20:44:59 | INFO     | 🕯️ [XAUUSDm] New M5 bar closed: 1778852400
2026-05-15 20:44:59 | INFO     |   [XAUUSDm] WAIT 0/64
2026-05-15 20:45:00 | INFO     | 🕯️ [EURUSDm] New M5 bar closed: 1778852400
2026-05-15 20:45:00 | INFO     |   [EURUSDm] WAIT 0/64
2026-05-15 20:45:00 | INFO     | 🕯️ [USDJPYm] New M5 bar closed: 1778852400
2026-05-15 20:45:00 | INFO     |   [USDJPYm] WAIT 0/64
2026-05-15 20:45:00 | INFO     | 🕯️ [AUDUSDm] New M5 bar closed: 1778852400
2026-05-15 20:45:00 | INFO     |   [AUDUSDm] WAIT 0/64
2026-05-15 20:46:17 | INFO     | 
══════════════════════════════════════════════════════════════════════
  📊  STATUS V22  [20:46:17 BKK]
  Equity    : $     51.44  (-14.27%)
  DD Daily  : 1.27%   DD Total: 14.27%   Mode: NORMAL
  Session   : NEW_YORK         H4:NEUTRAL    H1:NEUTRAL   
  Global Pos: 0/3 | Floating Risk: 0.0%/12.0%
  Symbols   : XAUUSDm, EURUSDm, USDJPYm, AUDUSDm, NZDUSDm, USTECm, US30m
  Thresholds: NY=62 LDN=82 NY_EARLY=85 OOS=80
══════════════════════════════════════════════════════════════════════
2026-05-15 20:49:59 | INFO     | 🕯️ [XAUUSDm] New M5 bar closed: 1778852700
2026-05-15 20:49:59 | INFO     |   🔥 [XAUUSDm] 🔥  SELL(LMT) Score:65/64 | FVG Fresh +9 (Age 3) | FVG Strong +4 | H4 Bear +18 | H1 Agree +12 | M15 BOS +10 | MSS +4 | ADR154% -10 | 🎯 InKZ (thr=64) | ML_Ready:7f
2026-05-15 20:49:59 | INFO     | ⚔️  Risk tier [1.50%] score=65 dd=NORMAL → 1.50%
2026-05-15 20:49:59 | INFO     | 💰 [XAUUSDm] Score:65 DD:NORMAL Risk:1.05% → 0.01 lots
2026-05-15 20:49:59 | WARNING  | ⚠️ [XAUUSDm] Validate: Risk at min lot ($47.32) exceeds Hard Cap 5% ($1.80). TRADE ABORTED.
2026-05-15 20:49:59 | INFO     | 🕯️ [EURUSDm] New M5 bar closed: 1778852700
2026-05-15 20:49:59 | INFO     |   [EURUSDm] WAIT 0/64
2026-05-15 20:49:59 | INFO     | 🕯️ [AUDUSDm] New M5 bar closed: 1778852700
2026-05-15 20:49:59 | INFO     |   [AUDUSDm] WAIT 0/64
2026-05-15 20:49:59 | INFO     | 🕯️ [NZDUSDm] New M5 bar closed: 1778852700
2026-05-15 20:49:59 | INFO     |   [NZDUSDm] WAIT 0/64
2026-05-15 20:50:00 | INFO     | 🕯️ [USTECm] New M5 bar closed: 1778852700
2026-05-15 20:50:00 | INFO     |   [USTECm] BUY 58/64
2026-05-15 20:50:00 | INFO     | 🕯️ [US30m] New M5 bar closed: 1778852700
2026-05-15 20:50:00 | INFO     |   [US30m] WAIT 0/64
2026-05-15 20:50:00 | INFO     | 🕯️ [USDJPYm] New M5 bar closed: 1778852700
2026-05-15 20:50:00 | INFO     |   [USDJPYm] WAIT 0/64
2026-05-15 20:51:17 | INFO     | 
══════════════════════════════════════════════════════════════════════
  📊  STATUS V22  [20:51:17 BKK]
  Equity    : $     51.44  (-14.27%)
  DD Daily  : 1.27%   DD Total: 14.27%   Mode: NORMAL
  Session   : NEW_YORK         H4:NEUTRAL    H1:NEUTRAL   
  Global Pos: 0/3 | Floating Risk: 0.0%/12.0%
  Symbols   : XAUUSDm, EURUSDm, USDJPYm, AUDUSDm, NZDUSDm, USTECm, US30m
  Thresholds: NY=62 LDN=82 NY_EARLY=85 OOS=80
══════════════════════════════════════════════════════════════════════
2026-05-15 20:54:59 | INFO     | 🕯️ [AUDUSDm] New M5 bar closed: 1778853000
2026-05-15 20:54:59 | INFO     |   [AUDUSDm] WAIT 0/64
2026-05-15 20:54:59 | INFO     | 🕯️ [USTECm] New M5 bar closed: 1778853000
2026-05-15 20:54:59 | INFO     |   [USTECm] WAIT 0/64
2026-05-15 20:54:59 | INFO     | 🕯️ [US30m] New M5 bar closed: 1778853000
2026-05-15 20:54:59 | INFO     |   [US30m] BUY 58/64
2026-05-15 20:55:00 | INFO     | 🕯️ [XAUUSDm] New M5 bar closed: 1778853000
2026-05-15 20:55:00 | INFO     |   [XAUUSDm] WAIT 0/64
2026-05-15 20:55:00 | INFO     | 🕯️ [USDJPYm] New M5 bar closed: 1778853000
2026-05-15 20:55:00 | INFO     |   [USDJPYm] WAIT 0/64
2026-05-15 20:55:00 | INFO     | 🕯️ [NZDUSDm] New M5 bar closed: 1778853000
2026-05-15 20:55:00 | INFO     |   [NZDUSDm] WAIT 0/64
2026-05-15 20:55:01 | INFO     | 🕯️ [EURUSDm] New M5 bar closed: 1778853000
2026-05-15 20:55:01 | INFO     |   [EURUSDm] WAIT 0/64
2026-05-15 20:56:18 | INFO     | 
══════════════════════════════════════════════════════════════════════
  📊  STATUS V22  [20:56:18 BKK]
  Equity    : $     51.44  (-14.27%)
  DD Daily  : 1.27%   DD Total: 14.27%   Mode: NORMAL
  Session   : NEW_YORK         H4:BEARISH    H1:NEUTRAL   
  Global Pos: 0/3 | Floating Risk: 0.0%/12.0%
  Symbols   : XAUUSDm, EURUSDm, USDJPYm, AUDUSDm, NZDUSDm, USTECm, US30m
  Thresholds: NY=62 LDN=82 NY_EARLY=85 OOS=80
══════════════════════════════════════════════════════════════════════
2026-05-15 20:59:59 | INFO     | 🕯️ [USTECm] New M5 bar closed: 1778853300
2026-05-15 20:59:59 | INFO     |   [USTECm] WAIT 0/64
2026-05-15 20:59:59 | INFO     | 🕯️ [US30m] New M5 bar closed: 1778853300
2026-05-15 20:59:59 | INFO     |   [US30m] WAIT 0/64
2026-05-15 20:59:59 | INFO     | 🕯️ [XAUUSDm] New M5 bar closed: 1778853300
2026-05-15 20:59:59 | INFO     |   [XAUUSDm] WAIT 0/64
2026-05-15 20:59:59 | INFO     | 🕯️ [EURUSDm] New M5 bar closed: 1778853300
2026-05-15 20:59:59 | INFO     |   [EURUSDm] WAIT 0/64
2026-05-15 20:59:59 | INFO     | 🕯️ [USDJPYm] New M5 bar closed: 1778853300
2026-05-15 20:59:59 | INFO     |   [USDJPYm] WAIT 0/64
2026-05-15 21:00:00 | INFO     | 🕯️ [AUDUSDm] New M5 bar closed: 1778853300
2026-05-15 21:00:00 | INFO     |   [AUDUSDm] WAIT 0/64
2026-05-15 21:00:00 | INFO     | 🕯️ [NZDUSDm] New M5 bar closed: 1778853300
2026-05-15 21:00:00 | INFO     |   [NZDUSDm] WAIT 0/64
2026-05-15 21:01:18 | INFO     | 
══════════════════════════════════════════════════════════════════════
  📊  STATUS V22  [21:01:18 BKK]
  Equity    : $     51.44  (-14.27%)
  DD Daily  : 1.27%   DD Total: 14.27%   Mode: NORMAL
  Session   : NEW_YORK         H4:BEARISH    H1:NEUTRAL   
  Global Pos: 0/3 | Floating Risk: 0.0%/12.0%
  Symbols   : XAUUSDm, EURUSDm, USDJPYm, AUDUSDm, NZDUSDm, USTECm, US30m
  Thresholds: NY=62 LDN=82 NY_EARLY=85 OOS=80
══════════════════════════════════════════════════════════════════════
2026-05-15 21:04:59 | INFO     | 🕯️ [XAUUSDm] New M5 bar closed: 1778853600
2026-05-15 21:04:59 | INFO     |   [XAUUSDm] WAIT 0/64
2026-05-15 21:04:59 | INFO     | 🕯️ [EURUSDm] New M5 bar closed: 1778853600
2026-05-15 21:04:59 | INFO     |   [EURUSDm] WAIT 0/64
2026-05-15 21:04:59 | INFO     | 🕯️ [USDJPYm] New M5 bar closed: 1778853600
2026-05-15 21:04:59 | INFO     |   [USDJPYm] WAIT 0/64
2026-05-15 21:04:59 | INFO     | 🕯️ [AUDUSDm] New M5 bar closed: 1778853600
2026-05-15 21:04:59 | INFO     |   [AUDUSDm] WAIT 0/64
2026-05-15 21:04:59 | INFO     | 🕯️ [NZDUSDm] New M5 bar closed: 1778853600
2026-05-15 21:04:59 | INFO     |   [NZDUSDm] WAIT 0/64
2026-05-15 21:04:59 | INFO     | 🕯️ [USTECm] New M5 bar closed: 1778853600
2026-05-15 21:04:59 | INFO     |   [USTECm] BUY 58/64
2026-05-15 21:05:00 | INFO     | 🕯️ [US30m] New M5 bar closed: 1778853600
2026-05-15 21:05:00 | INFO     |   [US30m] WAIT 0/64
2026-05-15 21:06:19 | INFO     | 
══════════════════════════════════════════════════════════════════════
  📊  STATUS V22  [21:06:19 BKK]
  Equity    : $     51.44  (-14.27%)
  DD Daily  : 1.27%   DD Total: 14.27%   Mode: NORMAL
  Session   : NEW_YORK         H4:BULLISH    H1:NEUTRAL   
  Global Pos: 0/3 | Floating Risk: 0.0%/12.0%
  Symbols   : XAUUSDm, EURUSDm, USDJPYm, AUDUSDm, NZDUSDm, USTECm, US30m
  Thresholds: NY=62 LDN=82 NY_EARLY=85 OOS=80
══════════════════════════════════════════════════════════════════════
2026-05-15 21:09:59 | INFO     | 🕯️ [USDJPYm] New M5 bar closed: 1778853900
2026-05-15 21:09:59 | INFO     |   [USDJPYm] WAIT 0/64
2026-05-15 21:09:59 | INFO     | 🕯️ [AUDUSDm] New M5 bar closed: 1778853900
2026-05-15 21:09:59 | INFO     |   [AUDUSDm] WAIT 0/64
2026-05-15 21:09:59 | INFO     | 🕯️ [NZDUSDm] New M5 bar closed: 1778853900
2026-05-15 21:09:59 | INFO     |   [NZDUSDm] WAIT 0/64
2026-05-15 21:09:59 | INFO     | 🕯️ [USTECm] New M5 bar closed: 1778853900
2026-05-15 21:09:59 | INFO     |   [USTECm] WAIT 0/64
2026-05-15 21:09:59 | INFO     | 🕯️ [US30m] New M5 bar closed: 1778853900
2026-05-15 21:09:59 | INFO     |   [US30m] WAIT 0/64
2026-05-15 21:10:00 | INFO     | 🕯️ [XAUUSDm] New M5 bar closed: 1778853900
2026-05-15 21:10:00 | INFO     |   [XAUUSDm] WAIT 0/64
2026-05-15 21:10:00 | INFO     | 🕯️ [EURUSDm] New M5 bar closed: 1778853900
2026-05-15 21:10:00 | INFO     |   [EURUSDm] WAIT 0/64
2026-05-15 21:11:20 | INFO     | 
══════════════════════════════════════════════════════════════════════
  📊  STATUS V22  [21:11:20 BKK]
  Equity    : $     51.44  (-14.27%)
  DD Daily  : 1.27%   DD Total: 14.27%   Mode: NORMAL
  Session   : NEW_YORK         H4:BEARISH    H1:NEUTRAL   
  Global Pos: 0/3 | Floating Risk: 0.0%/12.0%
  Symbols   : XAUUSDm, EURUSDm, USDJPYm, AUDUSDm, NZDUSDm, USTECm, US30m
  Thresholds: NY=62 LDN=82 NY_EARLY=85 OOS=80
══════════════════════════════════════════════════════════════════════
2026-05-15 21:14:59 | INFO     | 🕯️ [US30m] New M5 bar closed: 1778854200
2026-05-15 21:14:59 | INFO     |   [US30m] WAIT 0/64
2026-05-15 21:14:59 | INFO     | 🕯️ [XAUUSDm] New M5 bar closed: 1778854200
2026-05-15 21:14:59 | INFO     |   [XAUUSDm] WAIT 0/64
2026-05-15 21:14:59 | INFO     | 🕯️ [EURUSDm] New M5 bar closed: 1778854200
2026-05-15 21:14:59 | INFO     |   [EURUSDm] WAIT 0/64
2026-05-15 21:14:59 | INFO     | 🕯️ [USDJPYm] New M5 bar closed: 1778854200
2026-05-15 21:14:59 | INFO     |   [USDJPYm] WAIT 0/64
2026-05-15 21:14:59 | INFO     | 🕯️ [AUDUSDm] New M5 bar closed: 1778854200
2026-05-15 21:14:59 | INFO     |   [AUDUSDm] WAIT 0/64
2026-05-15 21:15:00 | INFO     | 🕯️ [NZDUSDm] New M5 bar closed: 1778854200
2026-05-15 21:15:00 | INFO     |   [NZDUSDm] SELL 33/64
2026-05-15 21:15:00 | INFO     | 🕯️ [USTECm] New M5 bar closed: 1778854200
2026-05-15 21:15:00 | INFO     |   [USTECm] WAIT 0/64
2026-05-15 21:16:20 | INFO     | 
══════════════════════════════════════════════════════════════════════
  📊  STATUS V22  [21:16:20 BKK]
  Equity    : $     51.44  (-14.27%)
  DD Daily  : 1.27%   DD Total: 14.27%   Mode: NORMAL
  Session   : NEW_YORK         H4:BULLISH    H1:NEUTRAL   
  Global Pos: 0/3 | Floating Risk: 0.0%/12.0%
  Symbols   : XAUUSDm, EURUSDm, USDJPYm, AUDUSDm, NZDUSDm, USTECm, US30m
  Thresholds: NY=62 LDN=82 NY_EARLY=85 OOS=80
══════════════════════════════════════════════════════════════════════
2026-05-15 21:19:59 | INFO     | 🕯️ [XAUUSDm] New M5 bar closed: 1778854500
2026-05-15 21:19:59 | INFO     |   [XAUUSDm] WAIT 0/64
2026-05-15 21:19:59 | INFO     | 🕯️ [EURUSDm] New M5 bar closed: 1778854500
2026-05-15 21:19:59 | INFO     |   [EURUSDm] WAIT 0/64
2026-05-15 21:19:59 | INFO     | 🕯️ [USDJPYm] New M5 bar closed: 1778854500
2026-05-15 21:19:59 | INFO     |   [USDJPYm] WAIT 0/64
2026-05-15 21:19:59 | INFO     | 🕯️ [AUDUSDm] New M5 bar closed: 1778854500
2026-05-15 21:19:59 | INFO     |   [AUDUSDm] WAIT 0/64
2026-05-15 21:19:59 | INFO     | 🕯️ [NZDUSDm] New M5 bar closed: 1778854500
2026-05-15 21:19:59 | INFO     |   [NZDUSDm] WAIT 0/64
2026-05-15 21:19:59 | INFO     | 🕯️ [USTECm] New M5 bar closed: 1778854500
2026-05-15 21:19:59 | INFO     |   [USTECm] WAIT 0/64
2026-05-15 21:19:59 | INFO     | 🕯️ [US30m] New M5 bar closed: 1778854500
2026-05-15 21:19:59 | INFO     |   [US30m] WAIT 0/64
2026-05-15 21:21:21 | INFO     | 
══════════════════════════════════════════════════════════════════════
  📊  STATUS V22  [21:21:21 BKK]
  Equity    : $     51.44  (-14.27%)
  DD Daily  : 1.27%   DD Total: 14.27%   Mode: NORMAL
  Session   : NEW_YORK         H4:BULLISH    H1:NEUTRAL   
  Global Pos: 0/3 | Floating Risk: 0.0%/12.0%
  Symbols   : XAUUSDm, EURUSDm, USDJPYm, AUDUSDm, NZDUSDm, USTECm, US30m
  Thresholds: NY=62 LDN=82 NY_EARLY=85 OOS=80
══════════════════════════════════════════════════════════════════════
2026-05-15 21:24:59 | INFO     | 🕯️ [USTECm] New M5 bar closed: 1778854800
2026-05-15 21:24:59 | INFO     |   [USTECm] BUY 40/64
2026-05-15 21:24:59 | INFO     | 🕯️ [US30m] New M5 bar closed: 1778854800
2026-05-15 21:24:59 | INFO     |   [US30m] BUY 40/64
2026-05-15 21:24:59 | INFO     | 🕯️ [XAUUSDm] New M5 bar closed: 1778854800
2026-05-15 21:24:59 | INFO     |   [XAUUSDm] BUY -18/64
2026-05-15 21:25:00 | INFO     | 🕯️ [EURUSDm] New M5 bar closed: 1778854800
2026-05-15 21:25:00 | INFO     |   [EURUSDm] WAIT 0/64
2026-05-15 21:25:00 | INFO     | 🕯️ [USDJPYm] New M5 bar closed: 1778854800
2026-05-15 21:25:00 | INFO     |   [USDJPYm] WAIT 0/64
2026-05-15 21:25:00 | INFO     | 🕯️ [AUDUSDm] New M5 bar closed: 1778854800
2026-05-15 21:25:00 | INFO     |   [AUDUSDm] BUY 12/64
2026-05-15 21:25:00 | INFO     | 🕯️ [NZDUSDm] New M5 bar closed: 1778854800
2026-05-15 21:25:00 | INFO     |   [NZDUSDm] BUY -14/64
2026-05-15 21:26:22 | INFO     | 
══════════════════════════════════════════════════════════════════════
  📊  STATUS V22  [21:26:22 BKK]
  Equity    : $     51.44  (-14.27%)
  DD Daily  : 1.27%   DD Total: 14.27%   Mode: NORMAL
  Session   : NEW_YORK         H4:BEARISH    H1:NEUTRAL   
  Global Pos: 0/3 | Floating Risk: 0.0%/12.0%
  Symbols   : XAUUSDm, EURUSDm, USDJPYm, AUDUSDm, NZDUSDm, USTECm, US30m
  Thresholds: NY=62 LDN=82 NY_EARLY=85 OOS=80
══════════════════════════════════════════════════════════════════════
2026-05-15 21:29:59 | INFO     | 🕯️ [XAUUSDm] New M5 bar closed: 1778855100
2026-05-15 21:29:59 | INFO     |   🔥 [XAUUSDm] 🔥 📍PIN SELL(LMT) Score:74/64 | 📍PINBAR +8 (Pinbar↓@BSL(4557.7240) uwk=0.4ATR body=9%) | Sweep BSL +28 | H4 Bear +18 | H1 Agree +12 | ADR161% -10 | 🎯 InKZ (thr=64) | ML_Ready:7f
2026-05-15 21:29:59 | INFO     | ⚔️  Risk tier [2.00%] score=74 dd=NORMAL → 2.00%
2026-05-15 21:29:59 | INFO     | 💰 [XAUUSDm] Score:74 DD:NORMAL Risk:1.40% → 0.01 lots
2026-05-15 21:29:59 | WARNING  | ⚠️ [XAUUSDm] Validate: Risk at min lot ($21.72) exceeds Hard Cap 5% ($1.80). TRADE ABORTED.
2026-05-15 21:29:59 | INFO     | 🕯️ [EURUSDm] New M5 bar closed: 1778855100
2026-05-15 21:29:59 | INFO     |   [EURUSDm] WAIT 0/64
2026-05-15 21:29:59 | INFO     | 🕯️ [AUDUSDm] New M5 bar closed: 1778855100
2026-05-15 21:29:59 | INFO     |   [AUDUSDm] WAIT 0/64
2026-05-15 21:30:00 | INFO     | 🕯️ [NZDUSDm] New M5 bar closed: 1778855100
2026-05-15 21:30:00 | INFO     |   [NZDUSDm] BUY -19/64
2026-05-15 21:30:00 | INFO     | 🕯️ [USTECm] New M5 bar closed: 1778855100
2026-05-15 21:30:00 | INFO     |   [USTECm] BUY 39/64
2026-05-15 21:30:00 | INFO     | 🕯️ [US30m] New M5 bar closed: 1778855100
2026-05-15 21:30:00 | INFO     |   [US30m] WAIT 0/64
2026-05-15 21:30:00 | INFO     | 🕯️ [USDJPYm] New M5 bar closed: 1778855100
2026-05-15 21:30:00 | INFO     |   [USDJPYm] WAIT 0/64
2026-05-15 21:31:22 | INFO     | 
══════════════════════════════════════════════════════════════════════
  📊  STATUS V22  [21:31:22 BKK]
  Equity    : $     45.86  (-23.57%)
  DD Daily  : 11.98%   DD Total: 23.57%   Mode: NORMAL
  Session   : NEW_YORK         H4:NEUTRAL    H1:NEUTRAL   
  Global Pos: 0/3 | Floating Risk: 0.0%/12.0%
  Symbols   : XAUUSDm, EURUSDm, USDJPYm, AUDUSDm, NZDUSDm, USTECm, US30m
  Thresholds: NY=62 LDN=82 NY_EARLY=85 OOS=80
══════════════════════════════════════════════════════════════════════
2026-05-15 21:34:59 | INFO     | 🕯️ [XAUUSDm] New M5 bar closed: 1778855400
2026-05-15 21:34:59 | INFO     |   [XAUUSDm] WAIT 0/64
2026-05-15 21:34:59 | INFO     | 🕯️ [AUDUSDm] New M5 bar closed: 1778855400
2026-05-15 21:34:59 | INFO     |   [AUDUSDm] WAIT 0/64
2026-05-15 21:34:59 | INFO     | 🕯️ [NZDUSDm] New M5 bar closed: 1778855400
2026-05-15 21:34:59 | INFO     |   [NZDUSDm] BUY -15/64
2026-05-15 21:34:59 | INFO     | 🕯️ [USTECm] New M5 bar closed: 1778855400
2026-05-15 21:34:59 | INFO     |   [USTECm] WAIT 0/64
2026-05-15 21:34:59 | INFO     | 🕯️ [US30m] New M5 bar closed: 1778855400
2026-05-15 21:34:59 | INFO     |   [US30m] WAIT 0/64
2026-05-15 21:35:00 | INFO     | 🕯️ [EURUSDm] New M5 bar closed: 1778855400
2026-05-15 21:35:00 | INFO     |   [EURUSDm] WAIT 0/64
2026-05-15 21:35:00 | INFO     | 🕯️ [USDJPYm] New M5 bar closed: 1778855400
2026-05-15 21:35:00 | INFO     |   [USDJPYm] WAIT 0/64
2026-05-15 21:36:23 | INFO     | 
══════════════════════════════════════════════════════════════════════
  📊  STATUS V22  [21:36:23 BKK]
  Equity    : $     49.26  (-17.90%)
  DD Daily  : 5.45%   DD Total: 17.90%   Mode: NORMAL
  Session   : NEW_YORK         H4:NEUTRAL    H1:NEUTRAL   
  Global Pos: 0/3 | Floating Risk: 0.0%/12.0%
  Symbols   : XAUUSDm, EURUSDm, USDJPYm, AUDUSDm, NZDUSDm, USTECm, US30m
  Thresholds: NY=62 LDN=82 NY_EARLY=85 OOS=80
══════════════════════════════════════════════════════════════════════
2026-05-15 21:37:41 | WARNING  | 🔌 Reconnect #1 in 5s
2026-05-15 21:37:43 | INFO     | ✅ Reconnected on attempt #1
2026-05-15 21:37:45 | WARNING  | 🔌 Reconnect #1 in 5s
2026-05-15 21:37:47 | WARNING  | Signal 2 → shutdown
2026-05-15 21:37:47 | INFO     | ✅ Reconnected on attempt #1
2026-05-15 21:37:47 | WARNING  | 🚨 SHUTDOWN — EXIT
2026-05-15 21:37:48 | WARNING  | 🚨 Final: equity$49.26 balance$49.26
2026-05-15 21:37:48 | WARNING  | 🚨 SHUTDOWN COMPLETE.
2026-05-15 21:37:48 | INFO     | MT5 offline. Bot V.23 terminated.
2026-05-18 00:30:35 | INFO     | Bot V.23 starting
2026-05-18 00:30:35 | INFO     | ✅ DB V22 schema ready
2026-05-18 00:30:35 | WARNING  | 🔌 Reconnect #1 in 5s
2026-05-18 00:30:39 | INFO     | ✅ Reconnected on attempt #1
2026-05-18 00:30:39 | INFO     | Startup orphan SL scan…
2026-05-18 00:30:39 | INFO     | 🌐 Round-Robin scanner ACTIVE | XAUUSDm, EURUSDm, USDJPYm, AUDUSDm, NZDUSDm, USTECm, US30m
2026-05-18 00:30:39 | INFO     | 🕯️ [XAUUSDm] New M5 bar closed: 1778878200
2026-05-18 00:30:40 | INFO     | 🕯️ [EURUSDm] New M5 bar closed: 1778878200
2026-05-18 00:30:40 | INFO     | 🕯️ [USDJPYm] New M5 bar closed: 1778855400
2026-05-18 00:30:40 | INFO     | 🕯️ [AUDUSDm] New M5 bar closed: 1778855400
2026-05-18 00:30:40 | INFO     | 🕯️ [NZDUSDm] New M5 bar closed: 1778855400
2026-05-18 00:30:40 | INFO     | 🕯️ [USTECm] New M5 bar closed: 1778855400
2026-05-18 00:30:41 | INFO     | 🕯️ [US30m] New M5 bar closed: 1778855400
2026-05-18 00:30:41 | INFO     | 🕯️ [USDJPYm] New M5 bar closed: 1778878200
2026-05-18 00:30:41 | INFO     | 🕯️ [AUDUSDm] New M5 bar closed: 1778878200
2026-05-18 00:30:42 | INFO     | 🕯️ [NZDUSDm] New M5 bar closed: 1778878200
2026-05-18 00:30:42 | INFO     | 🕯️ [USTECm] New M5 bar closed: 1778877900
2026-05-18 00:30:42 | INFO     | 🕯️ [US30m] New M5 bar closed: 1778877900
2026-05-18 00:35:39 | INFO     | 
══════════════════════════════════════════════════════════════════════
  📊  STATUS V22  [00:35:39 BKK]
  Equity    : $     40.60  (-32.33%)
  DD Daily  : 22.07%   DD Total: 32.33%   Mode: NORMAL
  Session   : UNKNOWN          H4:NEUTRAL    H1:NEUTRAL   
  Global Pos: 0/3 | Floating Risk: 0.0%/12.0%
  Symbols   : XAUUSDm, EURUSDm, USDJPYm, AUDUSDm, NZDUSDm, USTECm, US30m
  Thresholds: NY=62 LDN=82 NY_EARLY=85 OOS=80
══════════════════════════════════════════════════════════════════════
2026-05-18 00:40:40 | INFO     | 
══════════════════════════════════════════════════════════════════════
  📊  STATUS V22  [00:40:40 BKK]
  Equity    : $     40.60  (-32.33%)
  DD Daily  : 22.07%   DD Total: 32.33%   Mode: NORMAL
  Session   : UNKNOWN          H4:NEUTRAL    H1:NEUTRAL   
  Global Pos: 0/3 | Floating Risk: 0.0%/12.0%
  Symbols   : XAUUSDm, EURUSDm, USDJPYm, AUDUSDm, NZDUSDm, USTECm, US30m
  Thresholds: NY=62 LDN=82 NY_EARLY=85 OOS=80
══════════════════════════════════════════════════════════════════════
2026-05-18 00:45:41 | INFO     | 
══════════════════════════════════════════════════════════════════════
  📊  STATUS V22  [00:45:41 BKK]
  Equity    : $     40.60  (-32.33%)
  DD Daily  : 22.07%   DD Total: 32.33%   Mode: NORMAL
  Session   : UNKNOWN          H4:NEUTRAL    H1:NEUTRAL   
  Global Pos: 0/3 | Floating Risk: 0.0%/12.0%
  Symbols   : XAUUSDm, EURUSDm, USDJPYm, AUDUSDm, NZDUSDm, USTECm, US30m
  Thresholds: NY=62 LDN=82 NY_EARLY=85 OOS=80
══════════════════════════════════════════════════════════════════════
2026-05-18 00:50:41 | INFO     | 
══════════════════════════════════════════════════════════════════════
  📊  STATUS V22  [00:50:41 BKK]
  Equity    : $     40.60  (-32.33%)
  DD Daily  : 22.07%   DD Total: 32.33%   Mode: NORMAL
  Session   : UNKNOWN          H4:NEUTRAL    H1:NEUTRAL   
  Global Pos: 0/3 | Floating Risk: 0.0%/12.0%
  Symbols   : XAUUSDm, EURUSDm, USDJPYm, AUDUSDm, NZDUSDm, USTECm, US30m
  Thresholds: NY=62 LDN=82 NY_EARLY=85 OOS=80
══════════════════════════════════════════════════════════════════════
2026-05-18 00:55:42 | INFO     | 
══════════════════════════════════════════════════════════════════════
  📊  STATUS V22  [00:55:42 BKK]
  Equity    : $     40.60  (-32.33%)
  DD Daily  : 22.07%   DD Total: 32.33%   Mode: NORMAL
  Session   : UNKNOWN          H4:NEUTRAL    H1:NEUTRAL   
  Global Pos: 0/3 | Floating Risk: 0.0%/12.0%
  Symbols   : XAUUSDm, EURUSDm, USDJPYm, AUDUSDm, NZDUSDm, USTECm, US30m
  Thresholds: NY=62 LDN=82 NY_EARLY=85 OOS=80
══════════════════════════════════════════════════════════════════════
2026-05-18 01:00:43 | INFO     | 
══════════════════════════════════════════════════════════════════════
  📊  STATUS V22  [01:00:43 BKK]
  Equity    : $     40.60  (-32.33%)
  DD Daily  : 22.07%   DD Total: 32.33%   Mode: NORMAL
  Session   : UNKNOWN          H4:NEUTRAL    H1:NEUTRAL   
  Global Pos: 0/3 | Floating Risk: 0.0%/12.0%
  Symbols   : XAUUSDm, EURUSDm, USDJPYm, AUDUSDm, NZDUSDm, USTECm, US30m
  Thresholds: NY=62 LDN=82 NY_EARLY=85 OOS=80
══════════════════════════════════════════════════════════════════════
2026-05-18 01:05:43 | INFO     | 
══════════════════════════════════════════════════════════════════════
  📊  STATUS V22  [01:05:43 BKK]
  Equity    : $     40.60  (-32.33%)
  DD Daily  : 22.07%   DD Total: 32.33%   Mode: NORMAL
  Session   : UNKNOWN          H4:NEUTRAL    H1:NEUTRAL   
  Global Pos: 0/3 | Floating Risk: 0.0%/12.0%
  Symbols   : XAUUSDm, EURUSDm, USDJPYm, AUDUSDm, NZDUSDm, USTECm, US30m
  Thresholds: NY=62 LDN=82 NY_EARLY=85 OOS=80
══════════════════════════════════════════════════════════════════════
2026-05-18 01:10:44 | INFO     | 
══════════════════════════════════════════════════════════════════════
  📊  STATUS V22  [01:10:44 BKK]
  Equity    : $     40.60  (-32.33%)
  DD Daily  : 22.07%   DD Total: 32.33%   Mode: NORMAL
  Session   : UNKNOWN          H4:NEUTRAL    H1:NEUTRAL   
  Global Pos: 0/3 | Floating Risk: 0.0%/12.0%
  Symbols   : XAUUSDm, EURUSDm, USDJPYm, AUDUSDm, NZDUSDm, USTECm, US30m
  Thresholds: NY=62 LDN=82 NY_EARLY=85 OOS=80
══════════════════════════════════════════════════════════════════════
2026-05-18 01:15:45 | INFO     | 
══════════════════════════════════════════════════════════════════════
  📊  STATUS V22  [01:15:45 BKK]
  Equity    : $     40.60  (-32.33%)
  DD Daily  : 22.07%   DD Total: 32.33%   Mode: NORMAL
  Session   : UNKNOWN          H4:NEUTRAL    H1:NEUTRAL   
  Global Pos: 0/3 | Floating Risk: 0.0%/12.0%
  Symbols   : XAUUSDm, EURUSDm, USDJPYm, AUDUSDm, NZDUSDm, USTECm, US30m
  Thresholds: NY=62 LDN=82 NY_EARLY=85 OOS=80
══════════════════════════════════════════════════════════════════════
2026-05-18 01:20:45 | INFO     | 
══════════════════════════════════════════════════════════════════════
  📊  STATUS V22  [01:20:45 BKK]
  Equity    : $     40.60  (-32.33%)
  DD Daily  : 22.07%   DD Total: 32.33%   Mode: NORMAL
  Session   : UNKNOWN          H4:NEUTRAL    H1:NEUTRAL   
  Global Pos: 0/3 | Floating Risk: 0.0%/12.0%
  Symbols   : XAUUSDm, EURUSDm, USDJPYm, AUDUSDm, NZDUSDm, USTECm, US30m
  Thresholds: NY=62 LDN=82 NY_EARLY=85 OOS=80
══════════════════════════════════════════════════════════════════════
2026-05-18 01:25:46 | INFO     | 
══════════════════════════════════════════════════════════════════════
  📊  STATUS V22  [01:25:46 BKK]
  Equity    : $     40.60  (-32.33%)
  DD Daily  : 22.07%   DD Total: 32.33%   Mode: NORMAL
  Session   : UNKNOWN          H4:NEUTRAL    H1:NEUTRAL   
  Global Pos: 0/3 | Floating Risk: 0.0%/12.0%
  Symbols   : XAUUSDm, EURUSDm, USDJPYm, AUDUSDm, NZDUSDm, USTECm, US30m
  Thresholds: NY=62 LDN=82 NY_EARLY=85 OOS=80
══════════════════════════════════════════════════════════════════════
2026-05-18 01:30:47 | INFO     | 
══════════════════════════════════════════════════════════════════════
  📊  STATUS V22  [01:30:47 BKK]
  Equity    : $     40.60  (-32.33%)
  DD Daily  : 22.07%   DD Total: 32.33%   Mode: NORMAL
  Session   : UNKNOWN          H4:NEUTRAL    H1:NEUTRAL   
  Global Pos: 0/3 | Floating Risk: 0.0%/12.0%
  Symbols   : XAUUSDm, EURUSDm, USDJPYm, AUDUSDm, NZDUSDm, USTECm, US30m
  Thresholds: NY=62 LDN=82 NY_EARLY=85 OOS=80
══════════════════════════════════════════════════════════════════════
2026-05-18 01:35:47 | INFO     | 
══════════════════════════════════════════════════════════════════════
  📊  STATUS V22  [01:35:47 BKK]
  Equity    : $     40.60  (-32.33%)
  DD Daily  : 22.07%   DD Total: 32.33%   Mode: NORMAL
  Session   : UNKNOWN          H4:NEUTRAL    H1:NEUTRAL   
  Global Pos: 0/3 | Floating Risk: 0.0%/12.0%
  Symbols   : XAUUSDm, EURUSDm, USDJPYm, AUDUSDm, NZDUSDm, USTECm, US30m
  Thresholds: NY=62 LDN=82 NY_EARLY=85 OOS=80
══════════════════════════════════════════════════════════════════════
2026-05-18 01:40:48 | INFO     | 
══════════════════════════════════════════════════════════════════════
  📊  STATUS V22  [01:40:48 BKK]
  Equity    : $     40.60  (-32.33%)
  DD Daily  : 22.07%   DD Total: 32.33%   Mode: NORMAL
  Session   : UNKNOWN          H4:NEUTRAL    H1:NEUTRAL   
  Global Pos: 0/3 | Floating Risk: 0.0%/12.0%
  Symbols   : XAUUSDm, EURUSDm, USDJPYm, AUDUSDm, NZDUSDm, USTECm, US30m
  Thresholds: NY=62 LDN=82 NY_EARLY=85 OOS=80
══════════════════════════════════════════════════════════════════════
2026-05-18 01:45:49 | INFO     | 
══════════════════════════════════════════════════════════════════════
  📊  STATUS V22  [01:45:49 BKK]
  Equity    : $     40.60  (-32.33%)
  DD Daily  : 22.07%   DD Total: 32.33%   Mode: NORMAL
  Session   : UNKNOWN          H4:NEUTRAL    H1:NEUTRAL   
  Global Pos: 0/3 | Floating Risk: 0.0%/12.0%
  Symbols   : XAUUSDm, EURUSDm, USDJPYm, AUDUSDm, NZDUSDm, USTECm, US30m
  Thresholds: NY=62 LDN=82 NY_EARLY=85 OOS=80
══════════════════════════════════════════════════════════════════════
2026-05-18 01:50:49 | INFO     | 
══════════════════════════════════════════════════════════════════════
  📊  STATUS V22  [01:50:49 BKK]
  Equity    : $     40.60  (-32.33%)
  DD Daily  : 22.07%   DD Total: 32.33%   Mode: NORMAL
  Session   : UNKNOWN          H4:NEUTRAL    H1:NEUTRAL   
  Global Pos: 0/3 | Floating Risk: 0.0%/12.0%
  Symbols   : XAUUSDm, EURUSDm, USDJPYm, AUDUSDm, NZDUSDm, USTECm, US30m
  Thresholds: NY=62 LDN=82 NY_EARLY=85 OOS=80
══════════════════════════════════════════════════════════════════════
2026-05-18 01:55:50 | INFO     | 
══════════════════════════════════════════════════════════════════════
  📊  STATUS V22  [01:55:50 BKK]
  Equity    : $     40.60  (-32.33%)
  DD Daily  : 22.07%   DD Total: 32.33%   Mode: NORMAL
  Session   : UNKNOWN          H4:NEUTRAL    H1:NEUTRAL   
  Global Pos: 0/3 | Floating Risk: 0.0%/12.0%
  Symbols   : XAUUSDm, EURUSDm, USDJPYm, AUDUSDm, NZDUSDm, USTECm, US30m
  Thresholds: NY=62 LDN=82 NY_EARLY=85 OOS=80
══════════════════════════════════════════════════════════════════════
2026-05-18 02:00:51 | INFO     | 
══════════════════════════════════════════════════════════════════════
  📊  STATUS V22  [02:00:51 BKK]
  Equity    : $     40.60  (-32.33%)
  DD Daily  : 22.07%   DD Total: 32.33%   Mode: NORMAL
  Session   : UNKNOWN          H4:NEUTRAL    H1:NEUTRAL   
  Global Pos: 0/3 | Floating Risk: 0.0%/12.0%
  Symbols   : XAUUSDm, EURUSDm, USDJPYm, AUDUSDm, NZDUSDm, USTECm, US30m
  Thresholds: NY=62 LDN=82 NY_EARLY=85 OOS=80
══════════════════════════════════════════════════════════════════════
2026-05-18 02:05:51 | INFO     | 
══════════════════════════════════════════════════════════════════════
  📊  STATUS V22  [02:05:51 BKK]
  Equity    : $     40.60  (-32.33%)
  DD Daily  : 22.07%   DD Total: 32.33%   Mode: NORMAL
  Session   : UNKNOWN          H4:NEUTRAL    H1:NEUTRAL   
  Global Pos: 0/3 | Floating Risk: 0.0%/12.0%
  Symbols   : XAUUSDm, EURUSDm, USDJPYm, AUDUSDm, NZDUSDm, USTECm, US30m
  Thresholds: NY=62 LDN=82 NY_EARLY=85 OOS=80
══════════════════════════════════════════════════════════════════════
2026-05-18 02:10:52 | INFO     | 
══════════════════════════════════════════════════════════════════════
  📊  STATUS V22  [02:10:52 BKK]
  Equity    : $     40.60  (-32.33%)
  DD Daily  : 22.07%   DD Total: 32.33%   Mode: NORMAL
  Session   : UNKNOWN          H4:NEUTRAL    H1:NEUTRAL   
  Global Pos: 0/3 | Floating Risk: 0.0%/12.0%
  Symbols   : XAUUSDm, EURUSDm, USDJPYm, AUDUSDm, NZDUSDm, USTECm, US30m
  Thresholds: NY=62 LDN=82 NY_EARLY=85 OOS=80
══════════════════════════════════════════════════════════════════════
2026-05-18 02:15:52 | INFO     | 
══════════════════════════════════════════════════════════════════════
  📊  STATUS V22  [02:15:52 BKK]
  Equity    : $     40.60  (-32.33%)
  DD Daily  : 22.07%   DD Total: 32.33%   Mode: NORMAL
  Session   : UNKNOWN          H4:NEUTRAL    H1:NEUTRAL   
  Global Pos: 0/3 | Floating Risk: 0.0%/12.0%
  Symbols   : XAUUSDm, EURUSDm, USDJPYm, AUDUSDm, NZDUSDm, USTECm, US30m
  Thresholds: NY=62 LDN=82 NY_EARLY=85 OOS=80
══════════════════════════════════════════════════════════════════════
2026-05-18 02:20:53 | INFO     | 
══════════════════════════════════════════════════════════════════════
  📊  STATUS V22  [02:20:53 BKK]
  Equity    : $     40.60  (-32.33%)
  DD Daily  : 22.07%   DD Total: 32.33%   Mode: NORMAL
  Session   : UNKNOWN          H4:NEUTRAL    H1:NEUTRAL   
  Global Pos: 0/3 | Floating Risk: 0.0%/12.0%
  Symbols   : XAUUSDm, EURUSDm, USDJPYm, AUDUSDm, NZDUSDm, USTECm, US30m
  Thresholds: NY=62 LDN=82 NY_EARLY=85 OOS=80
══════════════════════════════════════════════════════════════════════
2026-05-18 02:25:54 | INFO     | 
══════════════════════════════════════════════════════════════════════
  📊  STATUS V22  [02:25:54 BKK]
  Equity    : $     40.60  (-32.33%)
  DD Daily  : 22.07%   DD Total: 32.33%   Mode: NORMAL
  Session   : UNKNOWN          H4:NEUTRAL    H1:NEUTRAL   
  Global Pos: 0/3 | Floating Risk: 0.0%/12.0%
  Symbols   : XAUUSDm, EURUSDm, USDJPYm, AUDUSDm, NZDUSDm, USTECm, US30m
  Thresholds: NY=62 LDN=82 NY_EARLY=85 OOS=80
══════════════════════════════════════════════════════════════════════
2026-05-18 02:30:54 | INFO     | 
══════════════════════════════════════════════════════════════════════
  📊  STATUS V22  [02:30:54 BKK]
  Equity    : $     40.60  (-32.33%)
  DD Daily  : 22.07%   DD Total: 32.33%   Mode: NORMAL
  Session   : UNKNOWN          H4:NEUTRAL    H1:NEUTRAL   
  Global Pos: 0/3 | Floating Risk: 0.0%/12.0%
  Symbols   : XAUUSDm, EURUSDm, USDJPYm, AUDUSDm, NZDUSDm, USTECm, US30m
  Thresholds: NY=62 LDN=82 NY_EARLY=85 OOS=80
══════════════════════════════════════════════════════════════════════
2026-05-18 02:35:55 | INFO     | 
══════════════════════════════════════════════════════════════════════
  📊  STATUS V22  [02:35:55 BKK]
  Equity    : $     40.60  (-32.33%)
  DD Daily  : 22.07%   DD Total: 32.33%   Mode: NORMAL
  Session   : UNKNOWN          H4:NEUTRAL    H1:NEUTRAL   
  Global Pos: 0/3 | Floating Risk: 0.0%/12.0%
  Symbols   : XAUUSDm, EURUSDm, USDJPYm, AUDUSDm, NZDUSDm, USTECm, US30m
  Thresholds: NY=62 LDN=82 NY_EARLY=85 OOS=80
══════════════════════════════════════════════════════════════════════
2026-05-18 02:40:56 | INFO     | 
══════════════════════════════════════════════════════════════════════
  📊  STATUS V22  [02:40:56 BKK]
  Equity    : $     40.60  (-32.33%)
  DD Daily  : 22.07%   DD Total: 32.33%   Mode: NORMAL
  Session   : UNKNOWN          H4:NEUTRAL    H1:NEUTRAL   
  Global Pos: 0/3 | Floating Risk: 0.0%/12.0%
  Symbols   : XAUUSDm, EURUSDm, USDJPYm, AUDUSDm, NZDUSDm, USTECm, US30m
  Thresholds: NY=62 LDN=82 NY_EARLY=85 OOS=80
══════════════════════════════════════════════════════════════════════
2026-05-18 02:45:56 | INFO     | 
══════════════════════════════════════════════════════════════════════
  📊  STATUS V22  [02:45:56 BKK]
  Equity    : $     40.60  (-32.33%)
  DD Daily  : 22.07%   DD Total: 32.33%   Mode: NORMAL
  Session   : UNKNOWN          H4:NEUTRAL    H1:NEUTRAL   
  Global Pos: 0/3 | Floating Risk: 0.0%/12.0%
  Symbols   : XAUUSDm, EURUSDm, USDJPYm, AUDUSDm, NZDUSDm, USTECm, US30m
  Thresholds: NY=62 LDN=82 NY_EARLY=85 OOS=80
══════════════════════════════════════════════════════════════════════
2026-05-18 02:50:57 | INFO     | 
══════════════════════════════════════════════════════════════════════
  📊  STATUS V22  [02:50:57 BKK]
  Equity    : $     40.60  (-32.33%)
  DD Daily  : 22.07%   DD Total: 32.33%   Mode: NORMAL
  Session   : UNKNOWN          H4:NEUTRAL    H1:NEUTRAL   
  Global Pos: 0/3 | Floating Risk: 0.0%/12.0%
  Symbols   : XAUUSDm, EURUSDm, USDJPYm, AUDUSDm, NZDUSDm, USTECm, US30m
  Thresholds: NY=62 LDN=82 NY_EARLY=85 OOS=80
══════════════════════════════════════════════════════════════════════
2026-05-18 02:55:58 | INFO     | 
══════════════════════════════════════════════════════════════════════
  📊  STATUS V22  [02:55:58 BKK]
  Equity    : $     40.60  (-32.33%)
  DD Daily  : 22.07%   DD Total: 32.33%   Mode: NORMAL
  Session   : UNKNOWN          H4:NEUTRAL    H1:NEUTRAL   
  Global Pos: 0/3 | Floating Risk: 0.0%/12.0%
  Symbols   : XAUUSDm, EURUSDm, USDJPYm, AUDUSDm, NZDUSDm, USTECm, US30m
  Thresholds: NY=62 LDN=82 NY_EARLY=85 OOS=80
══════════════════════════════════════════════════════════════════════
2026-05-18 03:00:58 | INFO     | 
══════════════════════════════════════════════════════════════════════
  📊  STATUS V22  [03:00:58 BKK]
  Equity    : $     40.60  (-32.33%)
  DD Daily  : 22.07%   DD Total: 32.33%   Mode: NORMAL
  Session   : UNKNOWN          H4:NEUTRAL    H1:NEUTRAL   
  Global Pos: 0/3 | Floating Risk: 0.0%/12.0%
  Symbols   : XAUUSDm, EURUSDm, USDJPYm, AUDUSDm, NZDUSDm, USTECm, US30m
  Thresholds: NY=62 LDN=82 NY_EARLY=85 OOS=80
══════════════════════════════════════════════════════════════════════
2026-05-18 03:05:59 | INFO     | 
══════════════════════════════════════════════════════════════════════
  📊  STATUS V22  [03:05:59 BKK]
  Equity    : $     40.60  (-32.33%)
  DD Daily  : 22.07%   DD Total: 32.33%   Mode: NORMAL
  Session   : UNKNOWN          H4:NEUTRAL    H1:NEUTRAL   
  Global Pos: 0/3 | Floating Risk: 0.0%/12.0%
  Symbols   : XAUUSDm, EURUSDm, USDJPYm, AUDUSDm, NZDUSDm, USTECm, US30m
  Thresholds: NY=62 LDN=82 NY_EARLY=85 OOS=80
══════════════════════════════════════════════════════════════════════
2026-05-18 03:11:00 | INFO     | 
══════════════════════════════════════════════════════════════════════
  📊  STATUS V22  [03:11:00 BKK]
  Equity    : $     40.60  (-32.33%)
  DD Daily  : 22.07%   DD Total: 32.33%   Mode: NORMAL
  Session   : UNKNOWN          H4:NEUTRAL    H1:NEUTRAL   
  Global Pos: 0/3 | Floating Risk: 0.0%/12.0%
  Symbols   : XAUUSDm, EURUSDm, USDJPYm, AUDUSDm, NZDUSDm, USTECm, US30m
  Thresholds: NY=62 LDN=82 NY_EARLY=85 OOS=80
══════════════════════════════════════════════════════════════════════
2026-05-18 03:16:00 | INFO     | 
══════════════════════════════════════════════════════════════════════
  📊  STATUS V22  [03:16:00 BKK]
  Equity    : $     40.60  (-32.33%)
  DD Daily  : 22.07%   DD Total: 32.33%   Mode: NORMAL
  Session   : UNKNOWN          H4:NEUTRAL    H1:NEUTRAL   
  Global Pos: 0/3 | Floating Risk: 0.0%/12.0%
  Symbols   : XAUUSDm, EURUSDm, USDJPYm, AUDUSDm, NZDUSDm, USTECm, US30m
  Thresholds: NY=62 LDN=82 NY_EARLY=85 OOS=80
══════════════════════════════════════════════════════════════════════
2026-05-18 03:21:01 | INFO     | 
══════════════════════════════════════════════════════════════════════
  📊  STATUS V22  [03:21:01 BKK]
  Equity    : $     40.60  (-32.33%)
  DD Daily  : 22.07%   DD Total: 32.33%   Mode: NORMAL
  Session   : UNKNOWN          H4:NEUTRAL    H1:NEUTRAL   
  Global Pos: 0/3 | Floating Risk: 0.0%/12.0%
  Symbols   : XAUUSDm, EURUSDm, USDJPYm, AUDUSDm, NZDUSDm, USTECm, US30m
  Thresholds: NY=62 LDN=82 NY_EARLY=85 OOS=80
══════════════════════════════════════════════════════════════════════
2026-05-18 03:26:02 | INFO     | 
══════════════════════════════════════════════════════════════════════
  📊  STATUS V22  [03:26:02 BKK]
  Equity    : $     40.60  (-32.33%)
  DD Daily  : 22.07%   DD Total: 32.33%   Mode: NORMAL
  Session   : UNKNOWN          H4:NEUTRAL    H1:NEUTRAL   
  Global Pos: 0/3 | Floating Risk: 0.0%/12.0%
  Symbols   : XAUUSDm, EURUSDm, USDJPYm, AUDUSDm, NZDUSDm, USTECm, US30m
  Thresholds: NY=62 LDN=82 NY_EARLY=85 OOS=80
══════════════════════════════════════════════════════════════════════
2026-05-18 03:31:02 | INFO     | 
══════════════════════════════════════════════════════════════════════
  📊  STATUS V22  [03:31:02 BKK]
  Equity    : $     40.60  (-32.33%)
  DD Daily  : 22.07%   DD Total: 32.33%   Mode: NORMAL
  Session   : UNKNOWN          H4:NEUTRAL    H1:NEUTRAL   
  Global Pos: 0/3 | Floating Risk: 0.0%/12.0%
  Symbols   : XAUUSDm, EURUSDm, USDJPYm, AUDUSDm, NZDUSDm, USTECm, US30m
  Thresholds: NY=62 LDN=82 NY_EARLY=85 OOS=80
══════════════════════════════════════════════════════════════════════
2026-05-18 03:36:03 | INFO     | 
══════════════════════════════════════════════════════════════════════
  📊  STATUS V22  [03:36:03 BKK]
  Equity    : $     40.60  (-32.33%)
  DD Daily  : 22.07%   DD Total: 32.33%   Mode: NORMAL
  Session   : UNKNOWN          H4:NEUTRAL    H1:NEUTRAL   
  Global Pos: 0/3 | Floating Risk: 0.0%/12.0%
  Symbols   : XAUUSDm, EURUSDm, USDJPYm, AUDUSDm, NZDUSDm, USTECm, US30m
  Thresholds: NY=62 LDN=82 NY_EARLY=85 OOS=80
══════════════════════════════════════════════════════════════════════
2026-05-18 03:41:04 | INFO     | 
══════════════════════════════════════════════════════════════════════
  📊  STATUS V22  [03:41:04 BKK]
  Equity    : $     40.60  (-32.33%)
  DD Daily  : 22.07%   DD Total: 32.33%   Mode: NORMAL
  Session   : UNKNOWN          H4:NEUTRAL    H1:NEUTRAL   
  Global Pos: 0/3 | Floating Risk: 0.0%/12.0%
  Symbols   : XAUUSDm, EURUSDm, USDJPYm, AUDUSDm, NZDUSDm, USTECm, US30m
  Thresholds: NY=62 LDN=82 NY_EARLY=85 OOS=80
══════════════════════════════════════════════════════════════════════
2026-05-18 03:46:04 | INFO     | 
══════════════════════════════════════════════════════════════════════
  📊  STATUS V22  [03:46:04 BKK]
  Equity    : $     40.60  (-32.33%)
  DD Daily  : 22.07%   DD Total: 32.33%   Mode: NORMAL
  Session   : UNKNOWN          H4:NEUTRAL    H1:NEUTRAL   
  Global Pos: 0/3 | Floating Risk: 0.0%/12.0%
  Symbols   : XAUUSDm, EURUSDm, USDJPYm, AUDUSDm, NZDUSDm, USTECm, US30m
  Thresholds: NY=62 LDN=82 NY_EARLY=85 OOS=80
══════════════════════════════════════════════════════════════════════
2026-05-18 03:51:05 | INFO     | 
══════════════════════════════════════════════════════════════════════
  📊  STATUS V22  [03:51:05 BKK]
  Equity    : $     40.60  (-32.33%)
  DD Daily  : 22.07%   DD Total: 32.33%   Mode: NORMAL
  Session   : UNKNOWN          H4:NEUTRAL    H1:NEUTRAL   
  Global Pos: 0/3 | Floating Risk: 0.0%/12.0%
  Symbols   : XAUUSDm, EURUSDm, USDJPYm, AUDUSDm, NZDUSDm, USTECm, US30m
  Thresholds: NY=62 LDN=82 NY_EARLY=85 OOS=80
══════════════════════════════════════════════════════════════════════
2026-05-18 03:56:06 | INFO     | 
══════════════════════════════════════════════════════════════════════
  📊  STATUS V22  [03:56:06 BKK]
  Equity    : $     40.60  (-32.33%)
  DD Daily  : 22.07%   DD Total: 32.33%   Mode: NORMAL
  Session   : UNKNOWN          H4:NEUTRAL    H1:NEUTRAL   
  Global Pos: 0/3 | Floating Risk: 0.0%/12.0%
  Symbols   : XAUUSDm, EURUSDm, USDJPYm, AUDUSDm, NZDUSDm, USTECm, US30m
  Thresholds: NY=62 LDN=82 NY_EARLY=85 OOS=80
══════════════════════════════════════════════════════════════════════
2026-05-18 04:01:06 | INFO     | 
══════════════════════════════════════════════════════════════════════
  📊  STATUS V22  [04:01:06 BKK]
  Equity    : $     40.60  (-32.33%)
  DD Daily  : 22.07%   DD Total: 32.33%   Mode: NORMAL
  Session   : UNKNOWN          H4:NEUTRAL    H1:NEUTRAL   
  Global Pos: 0/3 | Floating Risk: 0.0%/12.0%
  Symbols   : XAUUSDm, EURUSDm, USDJPYm, AUDUSDm, NZDUSDm, USTECm, US30m
  Thresholds: NY=62 LDN=82 NY_EARLY=85 OOS=80
══════════════════════════════════════════════════════════════════════
2026-05-18 04:05:12 | INFO     | 🕯️ [EURUSDm] New M5 bar closed: 1778878500
2026-05-18 04:05:16 | INFO     | 🕯️ [NZDUSDm] New M5 bar closed: 1778878500
2026-05-18 04:06:07 | INFO     | 
══════════════════════════════════════════════════════════════════════
  📊  STATUS V22  [04:06:07 BKK]
  Equity    : $     40.60  (-32.33%)
  DD Daily  : 22.07%   DD Total: 32.33%   Mode: NORMAL
  Session   : UNKNOWN          H4:NEUTRAL    H1:NEUTRAL   
  Global Pos: 0/3 | Floating Risk: 0.0%/12.0%
  Symbols   : XAUUSDm, EURUSDm, USDJPYm, AUDUSDm, NZDUSDm, USTECm, US30m
  Thresholds: NY=62 LDN=82 NY_EARLY=85 OOS=80
══════════════════════════════════════════════════════════════════════
2026-05-18 04:10:01 | INFO     | 🕯️ [NZDUSDm] New M5 bar closed: 1779051900
2026-05-18 04:10:02 | INFO     | 🕯️ [EURUSDm] New M5 bar closed: 1779051900
2026-05-18 04:10:06 | INFO     | 🕯️ [USDJPYm] New M5 bar closed: 1778878500
2026-05-18 04:10:13 | INFO     | 🕯️ [AUDUSDm] New M5 bar closed: 1778878500
2026-05-18 04:11:08 | INFO     | 
══════════════════════════════════════════════════════════════════════
  📊  STATUS V22  [04:11:08 BKK]
  Equity    : $     40.60  (-32.33%)
  DD Daily  : 22.07%   DD Total: 32.33%   Mode: NORMAL
  Session   : UNKNOWN          H4:NEUTRAL    H1:NEUTRAL   
  Global Pos: 0/3 | Floating Risk: 0.0%/12.0%
  Symbols   : XAUUSDm, EURUSDm, USDJPYm, AUDUSDm, NZDUSDm, USTECm, US30m
  Thresholds: NY=62 LDN=82 NY_EARLY=85 OOS=80
══════════════════════════════════════════════════════════════════════
2026-05-18 04:15:01 | INFO     | 🕯️ [USDJPYm] New M5 bar closed: 1779052200
2026-05-18 04:15:01 | INFO     | 🕯️ [NZDUSDm] New M5 bar closed: 1779052200
2026-05-18 04:15:02 | INFO     | 🕯️ [EURUSDm] New M5 bar closed: 1779052200
2026-05-18 04:15:02 | INFO     | 🕯️ [AUDUSDm] New M5 bar closed: 1779052200
2026-05-18 04:16:08 | INFO     | 
══════════════════════════════════════════════════════════════════════
  📊  STATUS V22  [04:16:08 BKK]
  Equity    : $     40.60  (-32.33%)
  DD Daily  : 22.07%   DD Total: 32.33%   Mode: NORMAL
  Session   : UNKNOWN          H4:NEUTRAL    H1:NEUTRAL   
  Global Pos: 0/3 | Floating Risk: 0.0%/12.0%
  Symbols   : XAUUSDm, EURUSDm, USDJPYm, AUDUSDm, NZDUSDm, USTECm, US30m
  Thresholds: NY=62 LDN=82 NY_EARLY=85 OOS=80
══════════════════════════════════════════════════════════════════════
2026-05-18 04:20:00 | INFO     | 🕯️ [AUDUSDm] New M5 bar closed: 1779052500
2026-05-18 04:20:00 | INFO     | 🕯️ [NZDUSDm] New M5 bar closed: 1779052500
2026-05-18 04:20:02 | INFO     | 🕯️ [EURUSDm] New M5 bar closed: 1779052500
2026-05-18 04:20:08 | INFO     | 🕯️ [USDJPYm] New M5 bar closed: 1779052500
2026-05-18 04:21:09 | INFO     | 
══════════════════════════════════════════════════════════════════════
  📊  STATUS V22  [04:21:09 BKK]
  Equity    : $     40.60  (-32.33%)
  DD Daily  : 22.07%   DD Total: 32.33%   Mode: NORMAL
  Session   : UNKNOWN          H4:NEUTRAL    H1:NEUTRAL   
  Global Pos: 0/3 | Floating Risk: 0.0%/12.0%
  Symbols   : XAUUSDm, EURUSDm, USDJPYm, AUDUSDm, NZDUSDm, USTECm, US30m
  Thresholds: NY=62 LDN=82 NY_EARLY=85 OOS=80
══════════════════════════════════════════════════════════════════════
2026-05-18 04:25:01 | INFO     | 🕯️ [USDJPYm] New M5 bar closed: 1779052800
2026-05-18 04:25:01 | INFO     | 🕯️ [NZDUSDm] New M5 bar closed: 1779052800
2026-05-18 04:25:04 | INFO     | 🕯️ [AUDUSDm] New M5 bar closed: 1779052800
2026-05-18 04:25:05 | INFO     | 🕯️ [EURUSDm] New M5 bar closed: 1779052800
2026-05-18 04:26:10 | INFO     | 
══════════════════════════════════════════════════════════════════════
  📊  STATUS V22  [04:26:10 BKK]
  Equity    : $     40.60  (-32.33%)
  DD Daily  : 22.07%   DD Total: 32.33%   Mode: NORMAL
  Session   : UNKNOWN          H4:NEUTRAL    H1:NEUTRAL   
  Global Pos: 0/3 | Floating Risk: 0.0%/12.0%
  Symbols   : XAUUSDm, EURUSDm, USDJPYm, AUDUSDm, NZDUSDm, USTECm, US30m
  Thresholds: NY=62 LDN=82 NY_EARLY=85 OOS=80
══════════════════════════════════════════════════════════════════════
2026-05-18 04:30:02 | INFO     | 🕯️ [NZDUSDm] New M5 bar closed: 1779053100
2026-05-18 04:30:04 | INFO     | 🕯️ [USDJPYm] New M5 bar closed: 1779053100
2026-05-18 04:30:07 | INFO     | 🕯️ [EURUSDm] New M5 bar closed: 1779053100
2026-05-18 04:30:10 | INFO     | 🕯️ [AUDUSDm] New M5 bar closed: 1779053100
2026-05-18 04:31:11 | INFO     | 
══════════════════════════════════════════════════════════════════════
  📊  STATUS V22  [04:31:11 BKK]
  Equity    : $     40.60  (-32.33%)
  DD Daily  : 22.07%   DD Total: 32.33%   Mode: NORMAL
  Session   : UNKNOWN          H4:NEUTRAL    H1:NEUTRAL   
  Global Pos: 0/3 | Floating Risk: 0.0%/12.0%
  Symbols   : XAUUSDm, EURUSDm, USDJPYm, AUDUSDm, NZDUSDm, USTECm, US30m
  Thresholds: NY=62 LDN=82 NY_EARLY=85 OOS=80
══════════════════════════════════════════════════════════════════════
2026-05-18 04:35:00 | INFO     | 🕯️ [AUDUSDm] New M5 bar closed: 1779053400
2026-05-18 04:35:01 | INFO     | 🕯️ [NZDUSDm] New M5 bar closed: 1779053400
2026-05-18 04:35:02 | INFO     | 🕯️ [USDJPYm] New M5 bar closed: 1779053400
2026-05-18 04:35:03 | INFO     | 🕯️ [EURUSDm] New M5 bar closed: 1779053400
2026-05-18 04:36:11 | INFO     | 
══════════════════════════════════════════════════════════════════════
  📊  STATUS V22  [04:36:11 BKK]
  Equity    : $     40.60  (-32.33%)
  DD Daily  : 22.07%   DD Total: 32.33%   Mode: NORMAL
  Session   : UNKNOWN          H4:NEUTRAL    H1:NEUTRAL   
  Global Pos: 0/3 | Floating Risk: 0.0%/12.0%
  Symbols   : XAUUSDm, EURUSDm, USDJPYm, AUDUSDm, NZDUSDm, USTECm, US30m
  Thresholds: NY=62 LDN=82 NY_EARLY=85 OOS=80
══════════════════════════════════════════════════════════════════════
2026-05-18 04:40:01 | INFO     | 🕯️ [NZDUSDm] New M5 bar closed: 1779053700
2026-05-18 04:40:03 | INFO     | 🕯️ [USDJPYm] New M5 bar closed: 1779053700
2026-05-18 04:40:03 | INFO     | 🕯️ [AUDUSDm] New M5 bar closed: 1779053700
2026-05-18 04:40:13 | INFO     | 🕯️ [EURUSDm] New M5 bar closed: 1779053700
2026-05-18 04:41:12 | INFO     | 
══════════════════════════════════════════════════════════════════════
  📊  STATUS V22  [04:41:12 BKK]
  Equity    : $     40.60  (-32.33%)
  DD Daily  : 22.07%   DD Total: 32.33%   Mode: NORMAL
  Session   : UNKNOWN          H4:NEUTRAL    H1:NEUTRAL   
  Global Pos: 0/3 | Floating Risk: 0.0%/12.0%
  Symbols   : XAUUSDm, EURUSDm, USDJPYm, AUDUSDm, NZDUSDm, USTECm, US30m
  Thresholds: NY=62 LDN=82 NY_EARLY=85 OOS=80
══════════════════════════════════════════════════════════════════════
2026-05-18 04:45:01 | INFO     | 🕯️ [AUDUSDm] New M5 bar closed: 1779054000
2026-05-18 04:45:02 | INFO     | 🕯️ [NZDUSDm] New M5 bar closed: 1779054000
2026-05-18 04:45:03 | INFO     | 🕯️ [USDJPYm] New M5 bar closed: 1779054000
2026-05-18 04:45:13 | INFO     | 🕯️ [EURUSDm] New M5 bar closed: 1779054000
2026-05-18 04:46:13 | INFO     | 
══════════════════════════════════════════════════════════════════════
  📊  STATUS V22  [04:46:13 BKK]
  Equity    : $     40.60  (-32.33%)
  DD Daily  : 22.07%   DD Total: 32.33%   Mode: NORMAL
  Session   : UNKNOWN          H4:NEUTRAL    H1:NEUTRAL   
  Global Pos: 0/3 | Floating Risk: 0.0%/12.0%
  Symbols   : XAUUSDm, EURUSDm, USDJPYm, AUDUSDm, NZDUSDm, USTECm, US30m
  Thresholds: NY=62 LDN=82 NY_EARLY=85 OOS=80
══════════════════════════════════════════════════════════════════════
2026-05-18 04:50:01 | INFO     | 🕯️ [EURUSDm] New M5 bar closed: 1779054300
2026-05-18 04:50:01 | INFO     | 🕯️ [USDJPYm] New M5 bar closed: 1779054300
2026-05-18 04:50:05 | INFO     | 🕯️ [NZDUSDm] New M5 bar closed: 1779054300
2026-05-18 04:50:09 | INFO     | 🕯️ [AUDUSDm] New M5 bar closed: 1779054300
2026-05-18 04:51:13 | INFO     | 
══════════════════════════════════════════════════════════════════════
  📊  STATUS V22  [04:51:13 BKK]
  Equity    : $     40.60  (-32.33%)
  DD Daily  : 22.07%   DD Total: 32.33%   Mode: NORMAL
  Session   : UNKNOWN          H4:NEUTRAL    H1:NEUTRAL   
  Global Pos: 0/3 | Floating Risk: 0.0%/12.0%
  Symbols   : XAUUSDm, EURUSDm, USDJPYm, AUDUSDm, NZDUSDm, USTECm, US30m
  Thresholds: NY=62 LDN=82 NY_EARLY=85 OOS=80
══════════════════════════════════════════════════════════════════════
2026-05-18 04:55:01 | INFO     | 🕯️ [USDJPYm] New M5 bar closed: 1779054600
2026-05-18 04:55:02 | INFO     | 🕯️ [AUDUSDm] New M5 bar closed: 1779054600
2026-05-18 04:55:02 | INFO     | 🕯️ [NZDUSDm] New M5 bar closed: 1779054600
2026-05-18 04:55:04 | INFO     | 🕯️ [EURUSDm] New M5 bar closed: 1779054600
2026-05-18 04:56:14 | INFO     | 
══════════════════════════════════════════════════════════════════════
  📊  STATUS V22  [04:56:14 BKK]
  Equity    : $     40.60  (-32.33%)
  DD Daily  : 22.07%   DD Total: 32.33%   Mode: NORMAL
  Session   : UNKNOWN          H4:NEUTRAL    H1:NEUTRAL   
  Global Pos: 0/3 | Floating Risk: 0.0%/12.0%
  Symbols   : XAUUSDm, EURUSDm, USDJPYm, AUDUSDm, NZDUSDm, USTECm, US30m
  Thresholds: NY=62 LDN=82 NY_EARLY=85 OOS=80
══════════════════════════════════════════════════════════════════════
2026-05-18 05:00:00 | INFO     | 🕯️ [NZDUSDm] New M5 bar closed: 1779054900
2026-05-18 05:00:01 | INFO     | 🕯️ [EURUSDm] New M5 bar closed: 1779054900
2026-05-18 05:00:01 | INFO     | 🕯️ [USDJPYm] New M5 bar closed: 1779054900
2026-05-18 05:00:01 | INFO     | 🕯️ [AUDUSDm] New M5 bar closed: 1779054900
2026-05-18 05:00:03 | INFO     | 🕯️ [USTECm] New M5 bar closed: 1778878200
2026-05-18 05:00:03 | INFO     | 🕯️ [US30m] New M5 bar closed: 1778878200
2026-05-18 05:01:15 | INFO     | 
══════════════════════════════════════════════════════════════════════
  📊  STATUS V22  [05:01:15 BKK]
  Equity    : $     40.60  (-32.33%)
  DD Daily  : 22.07%   DD Total: 32.33%   Mode: NORMAL
  Session   : UNKNOWN          H4:NEUTRAL    H1:NEUTRAL   
  Global Pos: 0/3 | Floating Risk: 0.0%/12.0%
  Symbols   : XAUUSDm, EURUSDm, USDJPYm, AUDUSDm, NZDUSDm, USTECm, US30m
  Thresholds: NY=62 LDN=82 NY_EARLY=85 OOS=80
══════════════════════════════════════════════════════════════════════
2026-05-18 05:02:27 | WARNING  | 📅 FRIDAY EOD: Flattening ALL symbols…
2026-05-18 05:02:27 | WARNING  | 📅 FRIDAY EOD: Done.
2026-05-18 07:00:28 | INFO     | 🕯️ [XAUUSDm] New M5 bar closed: 1779062100
2026-05-18 07:00:28 | INFO     | 🕯️ [EURUSDm] New M5 bar closed: 1779062100
2026-05-18 07:00:28 | INFO     | 🕯️ [USDJPYm] New M5 bar closed: 1779062100
2026-05-18 07:00:28 | INFO     | 🕯️ [AUDUSDm] New M5 bar closed: 1779062100
2026-05-18 07:00:28 | INFO     | 🕯️ [NZDUSDm] New M5 bar closed: 1779062100
2026-05-18 07:00:28 | INFO     | 🕯️ [USTECm] New M5 bar closed: 1779062100
2026-05-18 07:00:29 | INFO     | 🕯️ [US30m] New M5 bar closed: 1779062100
2026-05-18 07:00:29 | INFO     | 
══════════════════════════════════════════════════════════════════════
  📊  STATUS V22  [07:00:29 BKK]
  Equity    : $     40.60  (-32.33%)
  DD Daily  : 0.00%   DD Total: 32.33%   Mode: NORMAL
  Session   : UNKNOWN          H4:NEUTRAL    H1:NEUTRAL   
  Global Pos: 0/3 | Floating Risk: 0.0%/12.0%
  Symbols   : XAUUSDm, EURUSDm, USDJPYm, AUDUSDm, NZDUSDm, USTECm, US30m
  Thresholds: NY=62 LDN=82 NY_EARLY=85 OOS=80
══════════════════════════════════════════════════════════════════════
2026-05-18 07:05:00 | INFO     | 🕯️ [AUDUSDm] New M5 bar closed: 1779062400
2026-05-18 07:05:00 | INFO     | 🕯️ [USTECm] New M5 bar closed: 1779062400
2026-05-18 07:05:00 | INFO     | 🕯️ [US30m] New M5 bar closed: 1779062400
2026-05-18 07:05:01 | INFO     | 🕯️ [XAUUSDm] New M5 bar closed: 1779062400
2026-05-18 07:05:01 | INFO     | 🕯️ [EURUSDm] New M5 bar closed: 1779062400
2026-05-18 07:05:01 | INFO     | 🕯️ [USDJPYm] New M5 bar closed: 1779062400
2026-05-18 07:05:01 | INFO     | 🕯️ [NZDUSDm] New M5 bar closed: 1779062400
2026-05-18 07:05:30 | INFO     | 
══════════════════════════════════════════════════════════════════════
  📊  STATUS V22  [07:05:30 BKK]
  Equity    : $     40.60  (-32.33%)
  DD Daily  : 0.00%   DD Total: 32.33%   Mode: NORMAL
  Session   : UNKNOWN          H4:NEUTRAL    H1:NEUTRAL   
  Global Pos: 0/3 | Floating Risk: 0.0%/12.0%
  Symbols   : XAUUSDm, EURUSDm, USDJPYm, AUDUSDm, NZDUSDm, USTECm, US30m
  Thresholds: NY=62 LDN=82 NY_EARLY=85 OOS=80
══════════════════════════════════════════════════════════════════════
2026-05-18 07:10:00 | INFO     | 🕯️ [US30m] New M5 bar closed: 1779062700
2026-05-18 07:10:00 | INFO     | 🕯️ [XAUUSDm] New M5 bar closed: 1779062700
2026-05-18 07:10:00 | INFO     | 🕯️ [EURUSDm] New M5 bar closed: 1779062700
2026-05-18 07:10:01 | INFO     | 🕯️ [USDJPYm] New M5 bar closed: 1779062700
2026-05-18 07:10:01 | INFO     | 🕯️ [AUDUSDm] New M5 bar closed: 1779062700
2026-05-18 07:10:01 | INFO     | 🕯️ [NZDUSDm] New M5 bar closed: 1779062700
2026-05-18 07:10:01 | INFO     | 🕯️ [USTECm] New M5 bar closed: 1779062700
2026-05-18 07:10:30 | INFO     | 
══════════════════════════════════════════════════════════════════════
  📊  STATUS V22  [07:10:30 BKK]
  Equity    : $     40.60  (-32.33%)
  DD Daily  : 0.00%   DD Total: 32.33%   Mode: NORMAL
  Session   : UNKNOWN          H4:NEUTRAL    H1:NEUTRAL   
  Global Pos: 0/3 | Floating Risk: 0.0%/12.0%
  Symbols   : XAUUSDm, EURUSDm, USDJPYm, AUDUSDm, NZDUSDm, USTECm, US30m
  Thresholds: NY=62 LDN=82 NY_EARLY=85 OOS=80
══════════════════════════════════════════════════════════════════════
2026-05-18 07:15:00 | INFO     | 🕯️ [XAUUSDm] New M5 bar closed: 1779063000
2026-05-18 07:15:00 | INFO     | 🕯️ [EURUSDm] New M5 bar closed: 1779063000
2026-05-18 07:15:00 | INFO     | 🕯️ [USDJPYm] New M5 bar closed: 1779063000
2026-05-18 07:15:00 | INFO     | 🕯️ [AUDUSDm] New M5 bar closed: 1779063000
2026-05-18 07:15:01 | INFO     | 🕯️ [NZDUSDm] New M5 bar closed: 1779063000
2026-05-18 07:15:01 | INFO     | 🕯️ [USTECm] New M5 bar closed: 1779063000
2026-05-18 07:15:01 | INFO     | 🕯️ [US30m] New M5 bar closed: 1779063000
2026-05-18 07:15:31 | INFO     | 
══════════════════════════════════════════════════════════════════════
  📊  STATUS V22  [07:15:31 BKK]
  Equity    : $     40.60  (-32.33%)
  DD Daily  : 0.00%   DD Total: 32.33%   Mode: NORMAL
  Session   : UNKNOWN          H4:NEUTRAL    H1:NEUTRAL   
  Global Pos: 0/3 | Floating Risk: 0.0%/12.0%
  Symbols   : XAUUSDm, EURUSDm, USDJPYm, AUDUSDm, NZDUSDm, USTECm, US30m
  Thresholds: NY=62 LDN=82 NY_EARLY=85 OOS=80
══════════════════════════════════════════════════════════════════════
2026-05-18 07:20:00 | INFO     | 🕯️ [NZDUSDm] New M5 bar closed: 1779063300
2026-05-18 07:20:00 | INFO     | 🕯️ [USTECm] New M5 bar closed: 1779063300
2026-05-18 07:20:00 | INFO     | 🕯️ [US30m] New M5 bar closed: 1779063300
2026-05-18 07:20:01 | INFO     | 🕯️ [EURUSDm] New M5 bar closed: 1779063300
2026-05-18 07:20:01 | INFO     | 🕯️ [USDJPYm] New M5 bar closed: 1779063300
2026-05-18 07:20:01 | INFO     | 🕯️ [AUDUSDm] New M5 bar closed: 1779063300
2026-05-18 07:20:02 | INFO     | 🕯️ [XAUUSDm] New M5 bar closed: 1779063300
2026-05-18 07:20:32 | INFO     | 
══════════════════════════════════════════════════════════════════════
  📊  STATUS V22  [07:20:32 BKK]
  Equity    : $     40.60  (-32.33%)
  DD Daily  : 0.00%   DD Total: 32.33%   Mode: NORMAL
  Session   : UNKNOWN          H4:NEUTRAL    H1:NEUTRAL   
  Global Pos: 0/3 | Floating Risk: 0.0%/12.0%
  Symbols   : XAUUSDm, EURUSDm, USDJPYm, AUDUSDm, NZDUSDm, USTECm, US30m
  Thresholds: NY=62 LDN=82 NY_EARLY=85 OOS=80
══════════════════════════════════════════════════════════════════════
2026-05-18 07:25:00 | INFO     | 🕯️ [US30m] New M5 bar closed: 1779063600
2026-05-18 07:25:01 | INFO     | 🕯️ [XAUUSDm] New M5 bar closed: 1779063600
2026-05-18 07:25:01 | INFO     | 🕯️ [EURUSDm] New M5 bar closed: 1779063600
2026-05-18 07:25:01 | INFO     | 🕯️ [USDJPYm] New M5 bar closed: 1779063600
2026-05-18 07:25:01 | INFO     | 🕯️ [AUDUSDm] New M5 bar closed: 1779063600
2026-05-18 07:25:01 | INFO     | 🕯️ [NZDUSDm] New M5 bar closed: 1779063600
2026-05-18 07:25:01 | INFO     | 🕯️ [USTECm] New M5 bar closed: 1779063600
2026-05-18 07:25:32 | INFO     | 
══════════════════════════════════════════════════════════════════════
  📊  STATUS V22  [07:25:32 BKK]
  Equity    : $     40.60  (-32.33%)
  DD Daily  : 0.00%   DD Total: 32.33%   Mode: NORMAL
  Session   : UNKNOWN          H4:NEUTRAL    H1:NEUTRAL   
  Global Pos: 0/3 | Floating Risk: 0.0%/12.0%
  Symbols   : XAUUSDm, EURUSDm, USDJPYm, AUDUSDm, NZDUSDm, USTECm, US30m
  Thresholds: NY=62 LDN=82 NY_EARLY=85 OOS=80
══════════════════════════════════════════════════════════════════════
2026-05-18 07:30:00 | INFO     | 🕯️ [XAUUSDm] New M5 bar closed: 1779063900
2026-05-18 07:30:00 | INFO     | 🕯️ [USDJPYm] New M5 bar closed: 1779063900
2026-05-18 07:30:01 | INFO     | 🕯️ [AUDUSDm] New M5 bar closed: 1779063900
2026-05-18 07:30:01 | INFO     | 🕯️ [USTECm] New M5 bar closed: 1779063900
2026-05-18 07:30:01 | INFO     | 🕯️ [US30m] New M5 bar closed: 1779063900
2026-05-18 07:30:01 | INFO     | 🕯️ [EURUSDm] New M5 bar closed: 1779063900
2026-05-18 07:30:02 | INFO     | 🕯️ [NZDUSDm] New M5 bar closed: 1779063900
2026-05-18 07:30:33 | INFO     | 
══════════════════════════════════════════════════════════════════════
  📊  STATUS V22  [07:30:33 BKK]
  Equity    : $     40.60  (-32.33%)
  DD Daily  : 0.00%   DD Total: 32.33%   Mode: NORMAL
  Session   : UNKNOWN          H4:NEUTRAL    H1:NEUTRAL   
  Global Pos: 0/3 | Floating Risk: 0.0%/12.0%
  Symbols   : XAUUSDm, EURUSDm, USDJPYm, AUDUSDm, NZDUSDm, USTECm, US30m
  Thresholds: NY=62 LDN=82 NY_EARLY=85 OOS=80
══════════════════════════════════════════════════════════════════════
2026-05-18 07:35:00 | INFO     | 🕯️ [XAUUSDm] New M5 bar closed: 1779064200
2026-05-18 07:35:00 | INFO     | 🕯️ [EURUSDm] New M5 bar closed: 1779064200
2026-05-18 07:35:00 | INFO     | 🕯️ [AUDUSDm] New M5 bar closed: 1779064200
2026-05-18 07:35:00 | INFO     | 🕯️ [NZDUSDm] New M5 bar closed: 1779064200
2026-05-18 07:35:00 | INFO     | 🕯️ [USTECm] New M5 bar closed: 1779064200
2026-05-18 07:35:01 | INFO     | 🕯️ [US30m] New M5 bar closed: 1779064200
2026-05-18 07:35:01 | INFO     | 🕯️ [USDJPYm] New M5 bar closed: 1779064200
2026-05-18 07:35:34 | INFO     | 
══════════════════════════════════════════════════════════════════════
  📊  STATUS V22  [07:35:34 BKK]
  Equity    : $     40.60  (-32.33%)
  DD Daily  : 0.00%   DD Total: 32.33%   Mode: NORMAL
  Session   : UNKNOWN          H4:NEUTRAL    H1:NEUTRAL   
  Global Pos: 0/3 | Floating Risk: 0.0%/12.0%
  Symbols   : XAUUSDm, EURUSDm, USDJPYm, AUDUSDm, NZDUSDm, USTECm, US30m
  Thresholds: NY=62 LDN=82 NY_EARLY=85 OOS=80
══════════════════════════════════════════════════════════════════════
2026-05-18 07:40:00 | INFO     | 🕯️ [NZDUSDm] New M5 bar closed: 1779064500
2026-05-18 07:40:00 | INFO     | 🕯️ [USTECm] New M5 bar closed: 1779064500
2026-05-18 07:40:00 | INFO     | 🕯️ [US30m] New M5 bar closed: 1779064500
2026-05-18 07:40:01 | INFO     | 🕯️ [XAUUSDm] New M5 bar closed: 1779064500
2026-05-18 07:40:01 | INFO     | 🕯️ [USDJPYm] New M5 bar closed: 1779064500
2026-05-18 07:40:01 | INFO     | 🕯️ [AUDUSDm] New M5 bar closed: 1779064500
2026-05-18 07:40:02 | INFO     | 🕯️ [EURUSDm] New M5 bar closed: 1779064500
2026-05-18 07:40:34 | INFO     | 
══════════════════════════════════════════════════════════════════════
  📊  STATUS V22  [07:40:34 BKK]
  Equity    : $     40.60  (-32.33%)
  DD Daily  : 0.00%   DD Total: 32.33%   Mode: NORMAL
  Session   : UNKNOWN          H4:NEUTRAL    H1:NEUTRAL   
  Global Pos: 0/3 | Floating Risk: 0.0%/12.0%
  Symbols   : XAUUSDm, EURUSDm, USDJPYm, AUDUSDm, NZDUSDm, USTECm, US30m
  Thresholds: NY=62 LDN=82 NY_EARLY=85 OOS=80
══════════════════════════════════════════════════════════════════════
2026-05-18 07:45:00 | INFO     | 🕯️ [XAUUSDm] New M5 bar closed: 1779064800
2026-05-18 07:45:00 | INFO     | 🕯️ [EURUSDm] New M5 bar closed: 1779064800
2026-05-18 07:45:00 | INFO     | 🕯️ [USDJPYm] New M5 bar closed: 1779064800
2026-05-18 07:45:01 | INFO     | 🕯️ [AUDUSDm] New M5 bar closed: 1779064800
2026-05-18 07:45:01 | INFO     | 🕯️ [NZDUSDm] New M5 bar closed: 1779064800
2026-05-18 07:45:01 | INFO     | 🕯️ [USTECm] New M5 bar closed: 1779064800
2026-05-18 07:45:01 | INFO     | 🕯️ [US30m] New M5 bar closed: 1779064800
2026-05-18 07:45:35 | INFO     | 
══════════════════════════════════════════════════════════════════════
  📊  STATUS V22  [07:45:35 BKK]
  Equity    : $     40.60  (-32.33%)
  DD Daily  : 0.00%   DD Total: 32.33%   Mode: NORMAL
  Session   : UNKNOWN          H4:NEUTRAL    H1:NEUTRAL   
  Global Pos: 0/3 | Floating Risk: 0.0%/12.0%
  Symbols   : XAUUSDm, EURUSDm, USDJPYm, AUDUSDm, NZDUSDm, USTECm, US30m
  Thresholds: NY=62 LDN=82 NY_EARLY=85 OOS=80
══════════════════════════════════════════════════════════════════════
2026-05-18 07:50:00 | INFO     | 🕯️ [AUDUSDm] New M5 bar closed: 1779065100
2026-05-18 07:50:00 | INFO     | 🕯️ [NZDUSDm] New M5 bar closed: 1779065100
2026-05-18 07:50:00 | INFO     | 🕯️ [USTECm] New M5 bar closed: 1779065100
2026-05-18 07:50:01 | INFO     | 🕯️ [US30m] New M5 bar closed: 1779065100
2026-05-18 07:50:01 | INFO     | 🕯️ [XAUUSDm] New M5 bar closed: 1779065100
2026-05-18 07:50:01 | INFO     | 🕯️ [EURUSDm] New M5 bar closed: 1779065100
2026-05-18 07:50:01 | INFO     | 🕯️ [USDJPYm] New M5 bar closed: 1779065100
2026-05-18 07:50:36 | INFO     | 
══════════════════════════════════════════════════════════════════════
  📊  STATUS V22  [07:50:36 BKK]
  Equity    : $     40.60  (-32.33%)
  DD Daily  : 0.00%   DD Total: 32.33%   Mode: NORMAL
  Session   : UNKNOWN          H4:NEUTRAL    H1:NEUTRAL   
  Global Pos: 0/3 | Floating Risk: 0.0%/12.0%
  Symbols   : XAUUSDm, EURUSDm, USDJPYm, AUDUSDm, NZDUSDm, USTECm, US30m
  Thresholds: NY=62 LDN=82 NY_EARLY=85 OOS=80
══════════════════════════════════════════════════════════════════════
2026-05-18 07:55:00 | INFO     | 🕯️ [USTECm] New M5 bar closed: 1779065400
2026-05-18 07:55:00 | INFO     | 🕯️ [US30m] New M5 bar closed: 1779065400
2026-05-18 07:55:01 | INFO     | 🕯️ [XAUUSDm] New M5 bar closed: 1779065400
2026-05-18 07:55:01 | INFO     | 🕯️ [EURUSDm] New M5 bar closed: 1779065400
2026-05-18 07:55:01 | INFO     | 🕯️ [USDJPYm] New M5 bar closed: 1779065400
2026-05-18 07:55:01 | INFO     | 🕯️ [AUDUSDm] New M5 bar closed: 1779065400
2026-05-18 07:55:01 | INFO     | 🕯️ [NZDUSDm] New M5 bar closed: 1779065400
2026-05-18 07:55:37 | INFO     | 
══════════════════════════════════════════════════════════════════════
  📊  STATUS V22  [07:55:37 BKK]
  Equity    : $     40.60  (-32.33%)
  DD Daily  : 0.00%   DD Total: 32.33%   Mode: NORMAL
  Session   : UNKNOWN          H4:NEUTRAL    H1:NEUTRAL   
  Global Pos: 0/3 | Floating Risk: 0.0%/12.0%
  Symbols   : XAUUSDm, EURUSDm, USDJPYm, AUDUSDm, NZDUSDm, USTECm, US30m
  Thresholds: NY=62 LDN=82 NY_EARLY=85 OOS=80
══════════════════════════════════════════════════════════════════════
2026-05-18 08:00:00 | INFO     | 🕯️ [US30m] New M5 bar closed: 1779065700
2026-05-18 08:00:00 | INFO     | 🕯️ [XAUUSDm] New M5 bar closed: 1779065700
2026-05-18 08:00:00 | INFO     | 🕯️ [EURUSDm] New M5 bar closed: 1779065700
2026-05-18 08:00:01 | INFO     | 🕯️ [USDJPYm] New M5 bar closed: 1779065700
2026-05-18 08:00:01 | INFO     | 🕯️ [AUDUSDm] New M5 bar closed: 1779065700
2026-05-18 08:00:01 | INFO     | 🕯️ [NZDUSDm] New M5 bar closed: 1779065700
2026-05-18 08:00:01 | INFO     | 🕯️ [USTECm] New M5 bar closed: 1779065700
2026-05-18 08:00:37 | INFO     | 
══════════════════════════════════════════════════════════════════════
  📊  STATUS V22  [08:00:37 BKK]
  Equity    : $     40.60  (-32.33%)
  DD Daily  : 0.00%   DD Total: 32.33%   Mode: NORMAL
  Session   : UNKNOWN          H4:NEUTRAL    H1:NEUTRAL   
  Global Pos: 0/3 | Floating Risk: 0.0%/12.0%
  Symbols   : XAUUSDm, EURUSDm, USDJPYm, AUDUSDm, NZDUSDm, USTECm, US30m
  Thresholds: NY=62 LDN=82 NY_EARLY=85 OOS=80
══════════════════════════════════════════════════════════════════════
2026-05-18 08:05:00 | INFO     | 🕯️ [XAUUSDm] New M5 bar closed: 1779066000
2026-05-18 08:05:00 | INFO     | 🕯️ [AUDUSDm] New M5 bar closed: 1779066000
2026-05-18 08:05:00 | INFO     | 🕯️ [NZDUSDm] New M5 bar closed: 1779066000
2026-05-18 08:05:00 | INFO     | 🕯️ [USTECm] New M5 bar closed: 1779066000
2026-05-18 08:05:01 | INFO     | 🕯️ [US30m] New M5 bar closed: 1779066000
2026-05-18 08:05:01 | INFO     | 🕯️ [EURUSDm] New M5 bar closed: 1779066000
2026-05-18 08:05:01 | INFO     | 🕯️ [USDJPYm] New M5 bar closed: 1779066000
2026-05-18 08:05:38 | INFO     | 
══════════════════════════════════════════════════════════════════════
  📊  STATUS V22  [08:05:38 BKK]
  Equity    : $     40.60  (-32.33%)
  DD Daily  : 0.00%   DD Total: 32.33%   Mode: NORMAL
  Session   : UNKNOWN          H4:NEUTRAL    H1:NEUTRAL   
  Global Pos: 0/3 | Floating Risk: 0.0%/12.0%
  Symbols   : XAUUSDm, EURUSDm, USDJPYm, AUDUSDm, NZDUSDm, USTECm, US30m
  Thresholds: NY=62 LDN=82 NY_EARLY=85 OOS=80
══════════════════════════════════════════════════════════════════════
2026-05-18 08:10:00 | INFO     | 🕯️ [NZDUSDm] New M5 bar closed: 1779066300
2026-05-18 08:10:00 | INFO     | 🕯️ [USTECm] New M5 bar closed: 1779066300
2026-05-18 08:10:00 | INFO     | 🕯️ [US30m] New M5 bar closed: 1779066300
2026-05-18 08:10:01 | INFO     | 🕯️ [XAUUSDm] New M5 bar closed: 1779066300
2026-05-18 08:10:01 | INFO     | 🕯️ [EURUSDm] New M5 bar closed: 1779066300
2026-05-18 08:10:01 | INFO     | 🕯️ [USDJPYm] New M5 bar closed: 1779066300
2026-05-18 08:10:01 | INFO     | 🕯️ [AUDUSDm] New M5 bar closed: 1779066300
2026-05-18 08:10:39 | INFO     | 
══════════════════════════════════════════════════════════════════════
  📊  STATUS V22  [08:10:39 BKK]
  Equity    : $     40.60  (-32.33%)
  DD Daily  : 0.00%   DD Total: 32.33%   Mode: NORMAL
  Session   : UNKNOWN          H4:NEUTRAL    H1:NEUTRAL   
  Global Pos: 0/3 | Floating Risk: 0.0%/12.0%
  Symbols   : XAUUSDm, EURUSDm, USDJPYm, AUDUSDm, NZDUSDm, USTECm, US30m
  Thresholds: NY=62 LDN=82 NY_EARLY=85 OOS=80
══════════════════════════════════════════════════════════════════════
2026-05-18 08:15:00 | INFO     | 🕯️ [US30m] New M5 bar closed: 1779066600
2026-05-18 08:15:00 | INFO     | 🕯️ [XAUUSDm] New M5 bar closed: 1779066600
2026-05-18 08:15:00 | INFO     | 🕯️ [EURUSDm] New M5 bar closed: 1779066600
2026-05-18 08:15:01 | INFO     | 🕯️ [USDJPYm] New M5 bar closed: 1779066600
2026-05-18 08:15:01 | INFO     | 🕯️ [AUDUSDm] New M5 bar closed: 1779066600
2026-05-18 08:15:01 | INFO     | 🕯️ [NZDUSDm] New M5 bar closed: 1779066600
2026-05-18 08:15:01 | INFO     | 🕯️ [USTECm] New M5 bar closed: 1779066600
2026-05-18 08:15:39 | INFO     | 
══════════════════════════════════════════════════════════════════════
  📊  STATUS V22  [08:15:39 BKK]
  Equity    : $     40.60  (-32.33%)
  DD Daily  : 0.00%   DD Total: 32.33%   Mode: NORMAL
  Session   : UNKNOWN          H4:NEUTRAL    H1:NEUTRAL   
  Global Pos: 0/3 | Floating Risk: 0.0%/12.0%
  Symbols   : XAUUSDm, EURUSDm, USDJPYm, AUDUSDm, NZDUSDm, USTECm, US30m
  Thresholds: NY=62 LDN=82 NY_EARLY=85 OOS=80
══════════════════════════════════════════════════════════════════════
2026-05-18 08:20:00 | INFO     | 🕯️ [AUDUSDm] New M5 bar closed: 1779066900
2026-05-18 08:20:00 | INFO     | 🕯️ [NZDUSDm] New M5 bar closed: 1779066900
2026-05-18 08:20:01 | INFO     | 🕯️ [USTECm] New M5 bar closed: 1779066900
2026-05-18 08:20:01 | INFO     | 🕯️ [US30m] New M5 bar closed: 1779066900
2026-05-18 08:20:01 | INFO     | 🕯️ [XAUUSDm] New M5 bar closed: 1779066900
2026-05-18 08:20:01 | INFO     | 🕯️ [EURUSDm] New M5 bar closed: 1779066900
2026-05-18 08:20:01 | INFO     | 🕯️ [USDJPYm] New M5 bar closed: 1779066900
2026-05-18 08:20:40 | INFO     | 
══════════════════════════════════════════════════════════════════════
  📊  STATUS V22  [08:20:40 BKK]
  Equity    : $     40.60  (-32.33%)
  DD Daily  : 0.00%   DD Total: 32.33%   Mode: NORMAL
  Session   : UNKNOWN          H4:NEUTRAL    H1:NEUTRAL   
  Global Pos: 0/3 | Floating Risk: 0.0%/12.0%
  Symbols   : XAUUSDm, EURUSDm, USDJPYm, AUDUSDm, NZDUSDm, USTECm, US30m
  Thresholds: NY=62 LDN=82 NY_EARLY=85 OOS=80
══════════════════════════════════════════════════════════════════════
2026-05-18 08:25:00 | INFO     | 🕯️ [USTECm] New M5 bar closed: 1779067200
2026-05-18 08:25:00 | INFO     | 🕯️ [US30m] New M5 bar closed: 1779067200
2026-05-18 08:25:01 | INFO     | 🕯️ [XAUUSDm] New M5 bar closed: 1779067200
2026-05-18 08:25:01 | INFO     | 🕯️ [EURUSDm] New M5 bar closed: 1779067200
2026-05-18 08:25:01 | INFO     | 🕯️ [USDJPYm] New M5 bar closed: 1779067200
2026-05-18 08:25:01 | INFO     | 🕯️ [AUDUSDm] New M5 bar closed: 1779067200
2026-05-18 08:25:01 | INFO     | 🕯️ [NZDUSDm] New M5 bar closed: 1779067200
2026-05-18 08:25:41 | INFO     | 
══════════════════════════════════════════════════════════════════════
  📊  STATUS V22  [08:25:41 BKK]
  Equity    : $     40.60  (-32.33%)
  DD Daily  : 0.00%   DD Total: 32.33%   Mode: NORMAL
  Session   : UNKNOWN          H4:NEUTRAL    H1:NEUTRAL   
  Global Pos: 0/3 | Floating Risk: 0.0%/12.0%
  Symbols   : XAUUSDm, EURUSDm, USDJPYm, AUDUSDm, NZDUSDm, USTECm, US30m
  Thresholds: NY=62 LDN=82 NY_EARLY=85 OOS=80
══════════════════════════════════════════════════════════════════════
2026-05-18 08:30:00 | INFO     | 🕯️ [USTECm] New M5 bar closed: 1779067500
2026-05-18 08:30:00 | INFO     | 🕯️ [US30m] New M5 bar closed: 1779067500
2026-05-18 08:30:00 | INFO     | 🕯️ [XAUUSDm] New M5 bar closed: 1779067500
2026-05-18 08:30:00 | INFO     | 🕯️ [EURUSDm] New M5 bar closed: 1779067500
2026-05-18 08:30:01 | INFO     | 🕯️ [USDJPYm] New M5 bar closed: 1779067500
2026-05-18 08:30:01 | INFO     | 🕯️ [AUDUSDm] New M5 bar closed: 1779067500
2026-05-18 08:30:01 | INFO     | 🕯️ [NZDUSDm] New M5 bar closed: 1779067500
2026-05-18 08:30:41 | INFO     | 
══════════════════════════════════════════════════════════════════════
  📊  STATUS V22  [08:30:41 BKK]
  Equity    : $     40.60  (-32.33%)
  DD Daily  : 0.00%   DD Total: 32.33%   Mode: NORMAL
  Session   : UNKNOWN          H4:NEUTRAL    H1:NEUTRAL   
  Global Pos: 0/3 | Floating Risk: 0.0%/12.0%
  Symbols   : XAUUSDm, EURUSDm, USDJPYm, AUDUSDm, NZDUSDm, USTECm, US30m
  Thresholds: NY=62 LDN=82 NY_EARLY=85 OOS=80
══════════════════════════════════════════════════════════════════════
2026-05-18 08:35:00 | INFO     | 🕯️ [XAUUSDm] New M5 bar closed: 1779067800
2026-05-18 08:35:01 | INFO     | 🕯️ [USTECm] New M5 bar closed: 1779067800
2026-05-18 08:35:01 | INFO     | 🕯️ [US30m] New M5 bar closed: 1779067800
2026-05-18 08:35:01 | INFO     | 🕯️ [EURUSDm] New M5 bar closed: 1779067800
2026-05-18 08:35:01 | INFO     | 🕯️ [USDJPYm] New M5 bar closed: 1779067800
2026-05-18 08:35:01 | INFO     | 🕯️ [AUDUSDm] New M5 bar closed: 1779067800
2026-05-18 08:35:01 | INFO     | 🕯️ [NZDUSDm] New M5 bar closed: 1779067800
2026-05-18 08:35:42 | INFO     | 
══════════════════════════════════════════════════════════════════════
  📊  STATUS V22  [08:35:42 BKK]
  Equity    : $     40.60  (-32.33%)
  DD Daily  : 0.00%   DD Total: 32.33%   Mode: NORMAL
  Session   : UNKNOWN          H4:NEUTRAL    H1:NEUTRAL   
  Global Pos: 0/3 | Floating Risk: 0.0%/12.0%
  Symbols   : XAUUSDm, EURUSDm, USDJPYm, AUDUSDm, NZDUSDm, USTECm, US30m
  Thresholds: NY=62 LDN=82 NY_EARLY=85 OOS=80
══════════════════════════════════════════════════════════════════════
2026-05-18 08:40:00 | INFO     | 🕯️ [USDJPYm] New M5 bar closed: 1779068100
2026-05-18 08:40:00 | INFO     | 🕯️ [AUDUSDm] New M5 bar closed: 1779068100
2026-05-18 08:40:00 | INFO     | 🕯️ [USTECm] New M5 bar closed: 1779068100
2026-05-18 08:40:00 | INFO     | 🕯️ [US30m] New M5 bar closed: 1779068100
2026-05-18 08:40:01 | INFO     | 🕯️ [XAUUSDm] New M5 bar closed: 1779068100
2026-05-18 08:40:01 | INFO     | 🕯️ [EURUSDm] New M5 bar closed: 1779068100
2026-05-18 08:40:01 | INFO     | 🕯️ [NZDUSDm] New M5 bar closed: 1779068100
2026-05-18 08:40:43 | INFO     | 
══════════════════════════════════════════════════════════════════════
  📊  STATUS V22  [08:40:43 BKK]
  Equity    : $     40.60  (-32.33%)
  DD Daily  : 0.00%   DD Total: 32.33%   Mode: NORMAL
  Session   : UNKNOWN          H4:NEUTRAL    H1:NEUTRAL   
  Global Pos: 0/3 | Floating Risk: 0.0%/12.0%
  Symbols   : XAUUSDm, EURUSDm, USDJPYm, AUDUSDm, NZDUSDm, USTECm, US30m
  Thresholds: NY=62 LDN=82 NY_EARLY=85 OOS=80
══════════════════════════════════════════════════════════════════════
2026-05-18 08:45:00 | INFO     | 🕯️ [USTECm] New M5 bar closed: 1779068400
2026-05-18 08:45:00 | INFO     | 🕯️ [US30m] New M5 bar closed: 1779068400
2026-05-18 08:45:00 | INFO     | 🕯️ [XAUUSDm] New M5 bar closed: 1779068400
2026-05-18 08:45:01 | INFO     | 🕯️ [EURUSDm] New M5 bar closed: 1779068400
2026-05-18 08:45:01 | INFO     | 🕯️ [USDJPYm] New M5 bar closed: 1779068400
2026-05-18 08:45:01 | INFO     | 🕯️ [AUDUSDm] New M5 bar closed: 1779068400
2026-05-18 08:45:01 | INFO     | 🕯️ [NZDUSDm] New M5 bar closed: 1779068400
2026-05-18 08:45:43 | INFO     | 
══════════════════════════════════════════════════════════════════════
  📊  STATUS V22  [08:45:43 BKK]
  Equity    : $     40.60  (-32.33%)
  DD Daily  : 0.00%   DD Total: 32.33%   Mode: NORMAL
  Session   : UNKNOWN          H4:NEUTRAL    H1:NEUTRAL   
  Global Pos: 0/3 | Floating Risk: 0.0%/12.0%
  Symbols   : XAUUSDm, EURUSDm, USDJPYm, AUDUSDm, NZDUSDm, USTECm, US30m
  Thresholds: NY=62 LDN=82 NY_EARLY=85 OOS=80
══════════════════════════════════════════════════════════════════════
2026-05-18 08:50:00 | INFO     | 🕯️ [XAUUSDm] New M5 bar closed: 1779068700
2026-05-18 08:50:00 | INFO     | 🕯️ [EURUSDm] New M5 bar closed: 1779068700
2026-05-18 08:50:00 | INFO     | 🕯️ [USDJPYm] New M5 bar closed: 1779068700
2026-05-18 08:50:00 | INFO     | 🕯️ [AUDUSDm] New M5 bar closed: 1779068700
2026-05-18 08:50:01 | INFO     | 🕯️ [NZDUSDm] New M5 bar closed: 1779068700
2026-05-18 08:50:01 | INFO     | 🕯️ [USTECm] New M5 bar closed: 1779068700
2026-05-18 08:50:01 | INFO     | 🕯️ [US30m] New M5 bar closed: 1779068700
2026-05-18 08:50:44 | INFO     | 
══════════════════════════════════════════════════════════════════════
  📊  STATUS V22  [08:50:44 BKK]
  Equity    : $     40.60  (-32.33%)
  DD Daily  : 0.00%   DD Total: 32.33%   Mode: NORMAL
  Session   : UNKNOWN          H4:NEUTRAL    H1:NEUTRAL   
  Global Pos: 0/3 | Floating Risk: 0.0%/12.0%
  Symbols   : XAUUSDm, EURUSDm, USDJPYm, AUDUSDm, NZDUSDm, USTECm, US30m
  Thresholds: NY=62 LDN=82 NY_EARLY=85 OOS=80
══════════════════════════════════════════════════════════════════════
2026-05-18 08:55:00 | INFO     | 🕯️ [NZDUSDm] New M5 bar closed: 1779069000
2026-05-18 08:55:00 | INFO     | 🕯️ [US30m] New M5 bar closed: 1779069000
2026-05-18 08:55:01 | INFO     | 🕯️ [XAUUSDm] New M5 bar closed: 1779069000
2026-05-18 08:55:01 | INFO     | 🕯️ [EURUSDm] New M5 bar closed: 1779069000
2026-05-18 08:55:01 | INFO     | 🕯️ [USDJPYm] New M5 bar closed: 1779069000
2026-05-18 08:55:01 | INFO     | 🕯️ [AUDUSDm] New M5 bar closed: 1779069000
2026-05-18 08:55:01 | INFO     | 🕯️ [USTECm] New M5 bar closed: 1779069000
2026-05-18 08:55:45 | INFO     | 
══════════════════════════════════════════════════════════════════════
  📊  STATUS V22  [08:55:45 BKK]
  Equity    : $     40.60  (-32.33%)
  DD Daily  : 0.00%   DD Total: 32.33%   Mode: NORMAL
  Session   : UNKNOWN          H4:NEUTRAL    H1:NEUTRAL   
  Global Pos: 0/3 | Floating Risk: 0.0%/12.0%
  Symbols   : XAUUSDm, EURUSDm, USDJPYm, AUDUSDm, NZDUSDm, USTECm, US30m
  Thresholds: NY=62 LDN=82 NY_EARLY=85 OOS=80
══════════════════════════════════════════════════════════════════════
2026-05-18 09:00:00 | INFO     | 🕯️ [USTECm] New M5 bar closed: 1779069300
2026-05-18 09:00:00 | INFO     | 🕯️ [US30m] New M5 bar closed: 1779069300
2026-05-18 09:00:01 | INFO     | 🕯️ [XAUUSDm] New M5 bar closed: 1779069300
2026-05-18 09:00:01 | INFO     | 🕯️ [EURUSDm] New M5 bar closed: 1779069300
2026-05-18 09:00:01 | INFO     | 🕯️ [USDJPYm] New M5 bar closed: 1779069300
2026-05-18 09:00:01 | INFO     | 🕯️ [AUDUSDm] New M5 bar closed: 1779069300
2026-05-18 09:00:01 | INFO     | 🕯️ [NZDUSDm] New M5 bar closed: 1779069300
2026-05-18 09:00:46 | INFO     | 
══════════════════════════════════════════════════════════════════════
  📊  STATUS V22  [09:00:46 BKK]
  Equity    : $     40.60  (-32.33%)
  DD Daily  : 0.00%   DD Total: 32.33%   Mode: NORMAL
  Session   : UNKNOWN          H4:NEUTRAL    H1:NEUTRAL   
  Global Pos: 0/3 | Floating Risk: 0.0%/12.0%
  Symbols   : XAUUSDm, EURUSDm, USDJPYm, AUDUSDm, NZDUSDm, USTECm, US30m
  Thresholds: NY=62 LDN=82 NY_EARLY=85 OOS=80
══════════════════════════════════════════════════════════════════════
2026-05-18 09:05:00 | INFO     | 🕯️ [XAUUSDm] New M5 bar closed: 1779069600
2026-05-18 09:05:00 | INFO     | 🕯️ [EURUSDm] New M5 bar closed: 1779069600
2026-05-18 09:05:00 | INFO     | 🕯️ [USDJPYm] New M5 bar closed: 1779069600
2026-05-18 09:05:01 | INFO     | 🕯️ [AUDUSDm] New M5 bar closed: 1779069600
2026-05-18 09:05:01 | INFO     | 🕯️ [NZDUSDm] New M5 bar closed: 1779069600
2026-05-18 09:05:01 | INFO     | 🕯️ [USTECm] New M5 bar closed: 1779069600
2026-05-18 09:05:01 | INFO     | 🕯️ [US30m] New M5 bar closed: 1779069600
2026-05-18 09:05:46 | INFO     | 
══════════════════════════════════════════════════════════════════════
  📊  STATUS V22  [09:05:46 BKK]
  Equity    : $     40.60  (-32.33%)
  DD Daily  : 0.00%   DD Total: 32.33%   Mode: NORMAL
  Session   : UNKNOWN          H4:NEUTRAL    H1:NEUTRAL   
  Global Pos: 0/3 | Floating Risk: 0.0%/12.0%
  Symbols   : XAUUSDm, EURUSDm, USDJPYm, AUDUSDm, NZDUSDm, USTECm, US30m
  Thresholds: NY=62 LDN=82 NY_EARLY=85 OOS=80
══════════════════════════════════════════════════════════════════════
2026-05-18 09:10:00 | INFO     | 🕯️ [XAUUSDm] New M5 bar closed: 1779069900
2026-05-18 09:10:00 | INFO     | 🕯️ [EURUSDm] New M5 bar closed: 1779069900
2026-05-18 09:10:00 | INFO     | 🕯️ [USDJPYm] New M5 bar closed: 1779069900
2026-05-18 09:10:00 | INFO     | 🕯️ [AUDUSDm] New M5 bar closed: 1779069900
2026-05-18 09:10:00 | INFO     | 🕯️ [USTECm] New M5 bar closed: 1779069900
2026-05-18 09:10:01 | INFO     | 🕯️ [US30m] New M5 bar closed: 1779069900
2026-05-18 09:10:01 | INFO     | 🕯️ [NZDUSDm] New M5 bar closed: 1779069900
2026-05-18 09:10:47 | INFO     | 
══════════════════════════════════════════════════════════════════════
  📊  STATUS V22  [09:10:47 BKK]
  Equity    : $     40.60  (-32.33%)
  DD Daily  : 0.00%   DD Total: 32.33%   Mode: NORMAL
  Session   : UNKNOWN          H4:NEUTRAL    H1:NEUTRAL   
  Global Pos: 0/3 | Floating Risk: 0.0%/12.0%
  Symbols   : XAUUSDm, EURUSDm, USDJPYm, AUDUSDm, NZDUSDm, USTECm, US30m
  Thresholds: NY=62 LDN=82 NY_EARLY=85 OOS=80
══════════════════════════════════════════════════════════════════════
2026-05-18 09:15:00 | INFO     | 🕯️ [AUDUSDm] New M5 bar closed: 1779070200
2026-05-18 09:15:00 | INFO     | 🕯️ [NZDUSDm] New M5 bar closed: 1779070200
2026-05-18 09:15:00 | INFO     | 🕯️ [USTECm] New M5 bar closed: 1779070200
2026-05-18 09:15:00 | INFO     | 🕯️ [US30m] New M5 bar closed: 1779070200
2026-05-18 09:15:01 | INFO     | 🕯️ [XAUUSDm] New M5 bar closed: 1779070200
2026-05-18 09:15:01 | INFO     | 🕯️ [EURUSDm] New M5 bar closed: 1779070200
2026-05-18 09:15:01 | INFO     | 🕯️ [USDJPYm] New M5 bar closed: 1779070200
2026-05-18 09:15:48 | INFO     | 
══════════════════════════════════════════════════════════════════════
  📊  STATUS V22  [09:15:48 BKK]
  Equity    : $     40.60  (-32.33%)
  DD Daily  : 0.00%   DD Total: 32.33%   Mode: NORMAL
  Session   : UNKNOWN          H4:NEUTRAL    H1:NEUTRAL   
  Global Pos: 0/3 | Floating Risk: 0.0%/12.0%
  Symbols   : XAUUSDm, EURUSDm, USDJPYm, AUDUSDm, NZDUSDm, USTECm, US30m
  Thresholds: NY=62 LDN=82 NY_EARLY=85 OOS=80
══════════════════════════════════════════════════════════════════════
2026-05-18 09:20:00 | INFO     | 🕯️ [USTECm] New M5 bar closed: 1779070500
2026-05-18 09:20:00 | INFO     | 🕯️ [US30m] New M5 bar closed: 1779070500
2026-05-18 09:20:00 | INFO     | 🕯️ [XAUUSDm] New M5 bar closed: 1779070500
2026-05-18 09:20:00 | INFO     | 🕯️ [EURUSDm] New M5 bar closed: 1779070500
2026-05-18 09:20:01 | INFO     | 🕯️ [USDJPYm] New M5 bar closed: 1779070500
2026-05-18 09:20:01 | INFO     | 🕯️ [AUDUSDm] New M5 bar closed: 1779070500
2026-05-18 09:20:02 | INFO     | 🕯️ [NZDUSDm] New M5 bar closed: 1779070500
2026-05-18 09:20:48 | INFO     | 
══════════════════════════════════════════════════════════════════════
  📊  STATUS V22  [09:20:48 BKK]
  Equity    : $     40.60  (-32.33%)
  DD Daily  : 0.00%   DD Total: 32.33%   Mode: NORMAL
  Session   : UNKNOWN          H4:NEUTRAL    H1:NEUTRAL   
  Global Pos: 0/3 | Floating Risk: 0.0%/12.0%
  Symbols   : XAUUSDm, EURUSDm, USDJPYm, AUDUSDm, NZDUSDm, USTECm, US30m
  Thresholds: NY=62 LDN=82 NY_EARLY=85 OOS=80
══════════════════════════════════════════════════════════════════════
2026-05-18 09:25:00 | INFO     | 🕯️ [AUDUSDm] New M5 bar closed: 1779070800
2026-05-18 09:25:00 | INFO     | 🕯️ [NZDUSDm] New M5 bar closed: 1779070800
2026-05-18 09:25:01 | INFO     | 🕯️ [USTECm] New M5 bar closed: 1779070800
2026-05-18 09:25:01 | INFO     | 🕯️ [US30m] New M5 bar closed: 1779070800
2026-05-18 09:25:01 | INFO     | 🕯️ [XAUUSDm] New M5 bar closed: 1779070800
2026-05-18 09:25:01 | INFO     | 🕯️ [EURUSDm] New M5 bar closed: 1779070800
2026-05-18 09:25:01 | INFO     | 🕯️ [USDJPYm] New M5 bar closed: 1779070800
2026-05-18 09:25:49 | INFO     | 
══════════════════════════════════════════════════════════════════════
  📊  STATUS V22  [09:25:49 BKK]
  Equity    : $     40.60  (-32.33%)
  DD Daily  : 0.00%   DD Total: 32.33%   Mode: NORMAL
  Session   : UNKNOWN          H4:NEUTRAL    H1:NEUTRAL   
  Global Pos: 0/3 | Floating Risk: 0.0%/12.0%
  Symbols   : XAUUSDm, EURUSDm, USDJPYm, AUDUSDm, NZDUSDm, USTECm, US30m
  Thresholds: NY=62 LDN=82 NY_EARLY=85 OOS=80
══════════════════════════════════════════════════════════════════════
2026-05-18 09:30:00 | INFO     | 🕯️ [AUDUSDm] New M5 bar closed: 1779071100
2026-05-18 09:30:00 | INFO     | 🕯️ [USTECm] New M5 bar closed: 1779071100
2026-05-18 09:30:01 | INFO     | 🕯️ [XAUUSDm] New M5 bar closed: 1779071100
2026-05-18 09:30:01 | INFO     | 🕯️ [EURUSDm] New M5 bar closed: 1779071100
2026-05-18 09:30:01 | INFO     | 🕯️ [USDJPYm] New M5 bar closed: 1779071100
2026-05-18 09:30:01 | INFO     | 🕯️ [NZDUSDm] New M5 bar closed: 1779071100
2026-05-18 09:30:01 | INFO     | 🕯️ [US30m] New M5 bar closed: 1779071100
2026-05-18 09:30:50 | INFO     | 
══════════════════════════════════════════════════════════════════════
  📊  STATUS V22  [09:30:50 BKK]
  Equity    : $     40.60  (-32.33%)
  DD Daily  : 0.00%   DD Total: 32.33%   Mode: NORMAL
  Session   : UNKNOWN          H4:NEUTRAL    H1:NEUTRAL   
  Global Pos: 0/3 | Floating Risk: 0.0%/12.0%
  Symbols   : XAUUSDm, EURUSDm, USDJPYm, AUDUSDm, NZDUSDm, USTECm, US30m
  Thresholds: NY=62 LDN=82 NY_EARLY=85 OOS=80
══════════════════════════════════════════════════════════════════════
2026-05-18 09:35:00 | INFO     | 🕯️ [XAUUSDm] New M5 bar closed: 1779071400
2026-05-18 09:35:01 | INFO     | 🕯️ [AUDUSDm] New M5 bar closed: 1779071400
2026-05-18 09:35:01 | INFO     | 🕯️ [NZDUSDm] New M5 bar closed: 1779071400
2026-05-18 09:35:01 | INFO     | 🕯️ [USTECm] New M5 bar closed: 1779071400
2026-05-18 09:35:01 | INFO     | 🕯️ [US30m] New M5 bar closed: 1779071400
2026-05-18 09:35:01 | INFO     | 🕯️ [EURUSDm] New M5 bar closed: 1779071400
2026-05-18 09:35:02 | INFO     | 🕯️ [USDJPYm] New M5 bar closed: 1779071400
2026-05-18 09:35:50 | INFO     | 
══════════════════════════════════════════════════════════════════════
  📊  STATUS V22  [09:35:50 BKK]
  Equity    : $     40.60  (-32.33%)
  DD Daily  : 0.00%   DD Total: 32.33%   Mode: NORMAL
  Session   : UNKNOWN          H4:NEUTRAL    H1:NEUTRAL   
  Global Pos: 0/3 | Floating Risk: 0.0%/12.0%
  Symbols   : XAUUSDm, EURUSDm, USDJPYm, AUDUSDm, NZDUSDm, USTECm, US30m
  Thresholds: NY=62 LDN=82 NY_EARLY=85 OOS=80
══════════════════════════════════════════════════════════════════════
2026-05-18 09:40:00 | INFO     | 🕯️ [XAUUSDm] New M5 bar closed: 1779071700
2026-05-18 09:40:00 | INFO     | 🕯️ [EURUSDm] New M5 bar closed: 1779071700
2026-05-18 09:40:00 | INFO     | 🕯️ [USDJPYm] New M5 bar closed: 1779071700
2026-05-18 09:40:01 | INFO     | 🕯️ [USTECm] New M5 bar closed: 1779071700
2026-05-18 09:40:01 | INFO     | 🕯️ [US30m] New M5 bar closed: 1779071700
2026-05-18 09:40:01 | INFO     | 🕯️ [AUDUSDm] New M5 bar closed: 1779071700
2026-05-18 09:40:01 | INFO     | 🕯️ [NZDUSDm] New M5 bar closed: 1779071700
2026-05-18 09:40:51 | INFO     | 
══════════════════════════════════════════════════════════════════════
  📊  STATUS V22  [09:40:51 BKK]
  Equity    : $     40.60  (-32.33%)
  DD Daily  : 0.00%   DD Total: 32.33%   Mode: NORMAL
  Session   : UNKNOWN          H4:NEUTRAL    H1:NEUTRAL   
  Global Pos: 0/3 | Floating Risk: 0.0%/12.0%
  Symbols   : XAUUSDm, EURUSDm, USDJPYm, AUDUSDm, NZDUSDm, USTECm, US30m
  Thresholds: NY=62 LDN=82 NY_EARLY=85 OOS=80
══════════════════════════════════════════════════════════════════════
2026-05-18 09:45:00 | INFO     | 🕯️ [NZDUSDm] New M5 bar closed: 1779072000
2026-05-18 09:45:00 | INFO     | 🕯️ [USTECm] New M5 bar closed: 1779072000
2026-05-18 09:45:00 | INFO     | 🕯️ [US30m] New M5 bar closed: 1779072000
2026-05-18 09:45:01 | INFO     | 🕯️ [XAUUSDm] New M5 bar closed: 1779072000
2026-05-18 09:45:01 | INFO     | 🕯️ [EURUSDm] New M5 bar closed: 1779072000
2026-05-18 09:45:01 | INFO     | 🕯️ [USDJPYm] New M5 bar closed: 1779072000
2026-05-18 09:45:01 | INFO     | 🕯️ [AUDUSDm] New M5 bar closed: 1779072000
2026-05-18 09:45:52 | INFO     | 
══════════════════════════════════════════════════════════════════════
  📊  STATUS V22  [09:45:52 BKK]
  Equity    : $     40.60  (-32.33%)
  DD Daily  : 0.00%   DD Total: 32.33%   Mode: NORMAL
  Session   : UNKNOWN          H4:NEUTRAL    H1:NEUTRAL   
  Global Pos: 0/3 | Floating Risk: 0.0%/12.0%
  Symbols   : XAUUSDm, EURUSDm, USDJPYm, AUDUSDm, NZDUSDm, USTECm, US30m
  Thresholds: NY=62 LDN=82 NY_EARLY=85 OOS=80
══════════════════════════════════════════════════════════════════════
2026-05-18 09:50:00 | INFO     | 🕯️ [US30m] New M5 bar closed: 1779072300
2026-05-18 09:50:00 | INFO     | 🕯️ [XAUUSDm] New M5 bar closed: 1779072300
2026-05-18 09:50:01 | INFO     | 🕯️ [EURUSDm] New M5 bar closed: 1779072300
2026-05-18 09:50:01 | INFO     | 🕯️ [USDJPYm] New M5 bar closed: 1779072300
2026-05-18 09:50:01 | INFO     | 🕯️ [AUDUSDm] New M5 bar closed: 1779072300
2026-05-18 09:50:01 | INFO     | 🕯️ [NZDUSDm] New M5 bar closed: 1779072300
2026-05-18 09:50:01 | INFO     | 🕯️ [USTECm] New M5 bar closed: 1779072300
2026-05-18 09:50:52 | INFO     | 
══════════════════════════════════════════════════════════════════════
  📊  STATUS V22  [09:50:52 BKK]
  Equity    : $     40.60  (-32.33%)
  DD Daily  : 0.00%   DD Total: 32.33%   Mode: NORMAL
  Session   : UNKNOWN          H4:NEUTRAL    H1:NEUTRAL   
  Global Pos: 0/3 | Floating Risk: 0.0%/12.0%
  Symbols   : XAUUSDm, EURUSDm, USDJPYm, AUDUSDm, NZDUSDm, USTECm, US30m
  Thresholds: NY=62 LDN=82 NY_EARLY=85 OOS=80
══════════════════════════════════════════════════════════════════════
2026-05-18 09:55:00 | INFO     | 🕯️ [XAUUSDm] New M5 bar closed: 1779072600
2026-05-18 09:55:00 | INFO     | 🕯️ [EURUSDm] New M5 bar closed: 1779072600
2026-05-18 09:55:00 | INFO     | 🕯️ [USDJPYm] New M5 bar closed: 1779072600
2026-05-18 09:55:01 | INFO     | 🕯️ [USTECm] New M5 bar closed: 1779072600
2026-05-18 09:55:01 | INFO     | 🕯️ [US30m] New M5 bar closed: 1779072600
2026-05-18 09:55:01 | INFO     | 🕯️ [AUDUSDm] New M5 bar closed: 1779072600
2026-05-18 09:55:01 | INFO     | 🕯️ [NZDUSDm] New M5 bar closed: 1779072600
2026-05-18 09:55:53 | INFO     | 
══════════════════════════════════════════════════════════════════════
  📊  STATUS V22  [09:55:53 BKK]
  Equity    : $     40.60  (-32.33%)
  DD Daily  : 0.00%   DD Total: 32.33%   Mode: NORMAL
  Session   : UNKNOWN          H4:NEUTRAL    H1:NEUTRAL   
  Global Pos: 0/3 | Floating Risk: 0.0%/12.0%
  Symbols   : XAUUSDm, EURUSDm, USDJPYm, AUDUSDm, NZDUSDm, USTECm, US30m
  Thresholds: NY=62 LDN=82 NY_EARLY=85 OOS=80
══════════════════════════════════════════════════════════════════════
2026-05-18 10:00:00 | INFO     | 🕯️ [USTECm] New M5 bar closed: 1779072900
2026-05-18 10:00:00 | INFO     | 🕯️ [US30m] New M5 bar closed: 1779072900
2026-05-18 10:00:01 | INFO     | 🕯️ [XAUUSDm] New M5 bar closed: 1779072900
2026-05-18 10:00:01 | INFO     | 🕯️ [EURUSDm] New M5 bar closed: 1779072900
2026-05-18 10:00:01 | INFO     | 🕯️ [USDJPYm] New M5 bar closed: 1779072900
2026-05-18 10:00:01 | INFO     | 🕯️ [AUDUSDm] New M5 bar closed: 1779072900
2026-05-18 10:00:01 | INFO     | 🕯️ [NZDUSDm] New M5 bar closed: 1779072900
2026-05-18 10:00:54 | INFO     | 
══════════════════════════════════════════════════════════════════════
  📊  STATUS V22  [10:00:54 BKK]
  Equity    : $     40.60  (-32.33%)
  DD Daily  : 0.00%   DD Total: 32.33%   Mode: NORMAL
  Session   : UNKNOWN          H4:NEUTRAL    H1:NEUTRAL   
  Global Pos: 0/3 | Floating Risk: 0.0%/12.0%
  Symbols   : XAUUSDm, EURUSDm, USDJPYm, AUDUSDm, NZDUSDm, USTECm, US30m
  Thresholds: NY=62 LDN=82 NY_EARLY=85 OOS=80
══════════════════════════════════════════════════════════════════════
2026-05-18 10:05:00 | INFO     | 🕯️ [XAUUSDm] New M5 bar closed: 1779073200
2026-05-18 10:05:01 | INFO     | 🕯️ [EURUSDm] New M5 bar closed: 1779073200
2026-05-18 10:05:01 | INFO     | 🕯️ [USDJPYm] New M5 bar closed: 1779073200
2026-05-18 10:05:01 | INFO     | 🕯️ [AUDUSDm] New M5 bar closed: 1779073200
2026-05-18 10:05:01 | INFO     | 🕯️ [NZDUSDm] New M5 bar closed: 1779073200
2026-05-18 10:05:01 | INFO     | 🕯️ [USTECm] New M5 bar closed: 1779073200
2026-05-18 10:05:01 | INFO     | 🕯️ [US30m] New M5 bar closed: 1779073200
2026-05-18 10:05:54 | INFO     | 
══════════════════════════════════════════════════════════════════════
  📊  STATUS V22  [10:05:54 BKK]
  Equity    : $     40.60  (-32.33%)
  DD Daily  : 0.00%   DD Total: 32.33%   Mode: NORMAL
  Session   : UNKNOWN          H4:NEUTRAL    H1:NEUTRAL   
  Global Pos: 0/3 | Floating Risk: 0.0%/12.0%
  Symbols   : XAUUSDm, EURUSDm, USDJPYm, AUDUSDm, NZDUSDm, USTECm, US30m
  Thresholds: NY=62 LDN=82 NY_EARLY=85 OOS=80
══════════════════════════════════════════════════════════════════════
2026-05-18 10:10:00 | INFO     | 🕯️ [XAUUSDm] New M5 bar closed: 1779073500
2026-05-18 10:10:00 | INFO     | 🕯️ [USDJPYm] New M5 bar closed: 1779073500
2026-05-18 10:10:01 | INFO     | 🕯️ [NZDUSDm] New M5 bar closed: 1779073500
2026-05-18 10:10:01 | INFO     | 🕯️ [USTECm] New M5 bar closed: 1779073500
2026-05-18 10:10:01 | INFO     | 🕯️ [US30m] New M5 bar closed: 1779073500
2026-05-18 10:10:01 | INFO     | 🕯️ [EURUSDm] New M5 bar closed: 1779073500
2026-05-18 10:10:01 | INFO     | 🕯️ [AUDUSDm] New M5 bar closed: 1779073500
2026-05-18 10:10:55 | INFO     | 
══════════════════════════════════════════════════════════════════════
  📊  STATUS V22  [10:10:55 BKK]
  Equity    : $     40.60  (-32.33%)
  DD Daily  : 0.00%   DD Total: 32.33%   Mode: NORMAL
  Session   : UNKNOWN          H4:NEUTRAL    H1:NEUTRAL   
  Global Pos: 0/3 | Floating Risk: 0.0%/12.0%
  Symbols   : XAUUSDm, EURUSDm, USDJPYm, AUDUSDm, NZDUSDm, USTECm, US30m
  Thresholds: NY=62 LDN=82 NY_EARLY=85 OOS=80
══════════════════════════════════════════════════════════════════════
2026-05-18 10:15:00 | INFO     | 🕯️ [XAUUSDm] New M5 bar closed: 1779073800
2026-05-18 10:15:00 | INFO     | 🕯️ [USDJPYm] New M5 bar closed: 1779073800
2026-05-18 10:15:00 | INFO     | 🕯️ [NZDUSDm] New M5 bar closed: 1779073800
2026-05-18 10:15:00 | INFO     | 🕯️ [USTECm] New M5 bar closed: 1779073800
2026-05-18 10:15:00 | INFO     | 🕯️ [US30m] New M5 bar closed: 1779073800
2026-05-18 10:15:01 | INFO     | 🕯️ [EURUSDm] New M5 bar closed: 1779073800
2026-05-18 10:15:02 | INFO     | 🕯️ [AUDUSDm] New M5 bar closed: 1779073800
2026-05-18 10:15:56 | INFO     | 
══════════════════════════════════════════════════════════════════════
  📊  STATUS V22  [10:15:56 BKK]
  Equity    : $     40.60  (-32.33%)
  DD Daily  : 0.00%   DD Total: 32.33%   Mode: NORMAL
  Session   : UNKNOWN          H4:NEUTRAL    H1:NEUTRAL   
  Global Pos: 0/3 | Floating Risk: 0.0%/12.0%
  Symbols   : XAUUSDm, EURUSDm, USDJPYm, AUDUSDm, NZDUSDm, USTECm, US30m
  Thresholds: NY=62 LDN=82 NY_EARLY=85 OOS=80
══════════════════════════════════════════════════════════════════════
2026-05-18 10:20:00 | INFO     | 🕯️ [USTECm] New M5 bar closed: 1779074100
2026-05-18 10:20:00 | INFO     | 🕯️ [US30m] New M5 bar closed: 1779074100
2026-05-18 10:20:00 | INFO     | 🕯️ [XAUUSDm] New M5 bar closed: 1779074100
2026-05-18 10:20:01 | INFO     | 🕯️ [EURUSDm] New M5 bar closed: 1779074100
2026-05-18 10:20:01 | INFO     | 🕯️ [USDJPYm] New M5 bar closed: 1779074100
2026-05-18 10:20:01 | INFO     | 🕯️ [AUDUSDm] New M5 bar closed: 1779074100
2026-05-18 10:20:01 | INFO     | 🕯️ [NZDUSDm] New M5 bar closed: 1779074100
2026-05-18 10:20:56 | INFO     | 
══════════════════════════════════════════════════════════════════════
  📊  STATUS V22  [10:20:56 BKK]
  Equity    : $     40.60  (-32.33%)
  DD Daily  : 0.00%   DD Total: 32.33%   Mode: NORMAL
  Session   : UNKNOWN          H4:NEUTRAL    H1:NEUTRAL   
  Global Pos: 0/3 | Floating Risk: 0.0%/12.0%
  Symbols   : XAUUSDm, EURUSDm, USDJPYm, AUDUSDm, NZDUSDm, USTECm, US30m
  Thresholds: NY=62 LDN=82 NY_EARLY=85 OOS=80
══════════════════════════════════════════════════════════════════════
2026-05-18 10:25:00 | INFO     | 🕯️ [XAUUSDm] New M5 bar closed: 1779074400
2026-05-18 10:25:00 | INFO     | 🕯️ [AUDUSDm] New M5 bar closed: 1779074400
2026-05-18 10:25:01 | INFO     | 🕯️ [NZDUSDm] New M5 bar closed: 1779074400
2026-05-18 10:25:01 | INFO     | 🕯️ [USTECm] New M5 bar closed: 1779074400
2026-05-18 10:25:01 | INFO     | 🕯️ [US30m] New M5 bar closed: 1779074400
2026-05-18 10:25:01 | INFO     | 🕯️ [EURUSDm] New M5 bar closed: 1779074400
2026-05-18 10:25:01 | INFO     | 🕯️ [USDJPYm] New M5 bar closed: 1779074400
2026-05-18 10:25:57 | INFO     | 
══════════════════════════════════════════════════════════════════════
  📊  STATUS V22  [10:25:57 BKK]
  Equity    : $     40.60  (-32.33%)
  DD Daily  : 0.00%   DD Total: 32.33%   Mode: NORMAL
  Session   : UNKNOWN          H4:NEUTRAL    H1:NEUTRAL   
  Global Pos: 0/3 | Floating Risk: 0.0%/12.0%
  Symbols   : XAUUSDm, EURUSDm, USDJPYm, AUDUSDm, NZDUSDm, USTECm, US30m
  Thresholds: NY=62 LDN=82 NY_EARLY=85 OOS=80
══════════════════════════════════════════════════════════════════════
2026-05-18 10:30:00 | INFO     | 🕯️ [USDJPYm] New M5 bar closed: 1779074700
2026-05-18 10:30:00 | INFO     | 🕯️ [NZDUSDm] New M5 bar closed: 1779074700
2026-05-18 10:30:00 | INFO     | 🕯️ [USTECm] New M5 bar closed: 1779074700
2026-05-18 10:30:00 | INFO     | 🕯️ [US30m] New M5 bar closed: 1779074700
2026-05-18 10:30:01 | INFO     | 🕯️ [XAUUSDm] New M5 bar closed: 1779074700
2026-05-18 10:30:01 | INFO     | 🕯️ [EURUSDm] New M5 bar closed: 1779074700
2026-05-18 10:30:01 | INFO     | 🕯️ [AUDUSDm] New M5 bar closed: 1779074700
2026-05-18 10:30:58 | INFO     | 
══════════════════════════════════════════════════════════════════════
  📊  STATUS V22  [10:30:58 BKK]
  Equity    : $     40.60  (-32.33%)
  DD Daily  : 0.00%   DD Total: 32.33%   Mode: NORMAL
  Session   : UNKNOWN          H4:NEUTRAL    H1:NEUTRAL   
  Global Pos: 0/3 | Floating Risk: 0.0%/12.0%
  Symbols   : XAUUSDm, EURUSDm, USDJPYm, AUDUSDm, NZDUSDm, USTECm, US30m
  Thresholds: NY=62 LDN=82 NY_EARLY=85 OOS=80
══════════════════════════════════════════════════════════════════════
2026-05-18 10:35:00 | INFO     | 🕯️ [USTECm] New M5 bar closed: 1779075000
2026-05-18 10:35:00 | INFO     | 🕯️ [US30m] New M5 bar closed: 1779075000
2026-05-18 10:35:01 | INFO     | 🕯️ [XAUUSDm] New M5 bar closed: 1779075000
2026-05-18 10:35:01 | INFO     | 🕯️ [EURUSDm] New M5 bar closed: 1779075000
2026-05-18 10:35:01 | INFO     | 🕯️ [USDJPYm] New M5 bar closed: 1779075000
2026-05-18 10:35:01 | INFO     | 🕯️ [AUDUSDm] New M5 bar closed: 1779075000
2026-05-18 10:35:02 | INFO     | 🕯️ [NZDUSDm] New M5 bar closed: 1779075000
2026-05-18 10:35:59 | INFO     | 
══════════════════════════════════════════════════════════════════════
  📊  STATUS V22  [10:35:59 BKK]
  Equity    : $     40.60  (-32.33%)
  DD Daily  : 0.00%   DD Total: 32.33%   Mode: NORMAL
  Session   : UNKNOWN          H4:NEUTRAL    H1:NEUTRAL   
  Global Pos: 0/3 | Floating Risk: 0.0%/12.0%
  Symbols   : XAUUSDm, EURUSDm, USDJPYm, AUDUSDm, NZDUSDm, USTECm, US30m
  Thresholds: NY=62 LDN=82 NY_EARLY=85 OOS=80
══════════════════════════════════════════════════════════════════════
2026-05-18 10:40:00 | INFO     | 🕯️ [XAUUSDm] New M5 bar closed: 1779075300
2026-05-18 10:40:00 | INFO     | 🕯️ [EURUSDm] New M5 bar closed: 1779075300
2026-05-18 10:40:00 | INFO     | 🕯️ [USDJPYm] New M5 bar closed: 1779075300
2026-05-18 10:40:00 | INFO     | 🕯️ [AUDUSDm] New M5 bar closed: 1779075300
2026-05-18 10:40:01 | INFO     | 🕯️ [NZDUSDm] New M5 bar closed: 1779075300
2026-05-18 10:40:01 | INFO     | 🕯️ [USTECm] New M5 bar closed: 1779075300
2026-05-18 10:40:01 | INFO     | 🕯️ [US30m] New M5 bar closed: 1779075300
2026-05-18 10:40:59 | INFO     | 
══════════════════════════════════════════════════════════════════════
  📊  STATUS V22  [10:40:59 BKK]
  Equity    : $     40.60  (-32.33%)
  DD Daily  : 0.00%   DD Total: 32.33%   Mode: NORMAL
  Session   : UNKNOWN          H4:NEUTRAL    H1:NEUTRAL   
  Global Pos: 0/3 | Floating Risk: 0.0%/12.0%
  Symbols   : XAUUSDm, EURUSDm, USDJPYm, AUDUSDm, NZDUSDm, USTECm, US30m
  Thresholds: NY=62 LDN=82 NY_EARLY=85 OOS=80
══════════════════════════════════════════════════════════════════════
2026-05-18 10:45:00 | INFO     | 🕯️ [XAUUSDm] New M5 bar closed: 1779075600
2026-05-18 10:45:00 | INFO     | 🕯️ [EURUSDm] New M5 bar closed: 1779075600
2026-05-18 10:45:00 | INFO     | 🕯️ [NZDUSDm] New M5 bar closed: 1779075600
2026-05-18 10:45:00 | INFO     | 🕯️ [USTECm] New M5 bar closed: 1779075600
2026-05-18 10:45:01 | INFO     | 🕯️ [US30m] New M5 bar closed: 1779075600
2026-05-18 10:45:01 | INFO     | 🕯️ [USDJPYm] New M5 bar closed: 1779075600
2026-05-18 10:45:01 | INFO     | 🕯️ [AUDUSDm] New M5 bar closed: 1779075600
2026-05-18 10:46:00 | INFO     | 
══════════════════════════════════════════════════════════════════════
  📊  STATUS V22  [10:46:00 BKK]
  Equity    : $     40.60  (-32.33%)
  DD Daily  : 0.00%   DD Total: 32.33%   Mode: NORMAL
  Session   : UNKNOWN          H4:NEUTRAL    H1:NEUTRAL   
  Global Pos: 0/3 | Floating Risk: 0.0%/12.0%
  Symbols   : XAUUSDm, EURUSDm, USDJPYm, AUDUSDm, NZDUSDm, USTECm, US30m
  Thresholds: NY=62 LDN=82 NY_EARLY=85 OOS=80
══════════════════════════════════════════════════════════════════════
2026-05-18 10:50:00 | INFO     | 🕯️ [USTECm] New M5 bar closed: 1779075900
2026-05-18 10:50:00 | INFO     | 🕯️ [US30m] New M5 bar closed: 1779075900
2026-05-18 10:50:01 | INFO     | 🕯️ [XAUUSDm] New M5 bar closed: 1779075900
2026-05-18 10:50:01 | INFO     | 🕯️ [EURUSDm] New M5 bar closed: 1779075900
2026-05-18 10:50:01 | INFO     | 🕯️ [USDJPYm] New M5 bar closed: 1779075900
2026-05-18 10:50:01 | INFO     | 🕯️ [AUDUSDm] New M5 bar closed: 1779075900
2026-05-18 10:50:01 | INFO     | 🕯️ [NZDUSDm] New M5 bar closed: 1779075900
2026-05-18 10:51:01 | INFO     | 
══════════════════════════════════════════════════════════════════════
  📊  STATUS V22  [10:51:01 BKK]
  Equity    : $     40.60  (-32.33%)
  DD Daily  : 0.00%   DD Total: 32.33%   Mode: NORMAL
  Session   : UNKNOWN          H4:NEUTRAL    H1:NEUTRAL   
  Global Pos: 0/3 | Floating Risk: 0.0%/12.0%
  Symbols   : XAUUSDm, EURUSDm, USDJPYm, AUDUSDm, NZDUSDm, USTECm, US30m
  Thresholds: NY=62 LDN=82 NY_EARLY=85 OOS=80
══════════════════════════════════════════════════════════════════════
2026-05-18 10:55:00 | INFO     | 🕯️ [US30m] New M5 bar closed: 1779076200
2026-05-18 10:55:00 | INFO     | 🕯️ [XAUUSDm] New M5 bar closed: 1779076200
2026-05-18 10:55:00 | INFO     | 🕯️ [EURUSDm] New M5 bar closed: 1779076200
2026-05-18 10:55:01 | INFO     | 🕯️ [AUDUSDm] New M5 bar closed: 1779076200
2026-05-18 10:55:01 | INFO     | 🕯️ [USTECm] New M5 bar closed: 1779076200
2026-05-18 10:55:02 | INFO     | 🕯️ [USDJPYm] New M5 bar closed: 1779076200
2026-05-18 10:55:02 | INFO     | 🕯️ [NZDUSDm] New M5 bar closed: 1779076200
2026-05-18 10:56:01 | INFO     | 
══════════════════════════════════════════════════════════════════════
  📊  STATUS V22  [10:56:01 BKK]
  Equity    : $     40.60  (-32.33%)
  DD Daily  : 0.00%   DD Total: 32.33%   Mode: NORMAL
  Session   : UNKNOWN          H4:NEUTRAL    H1:NEUTRAL   
  Global Pos: 0/3 | Floating Risk: 0.0%/12.0%
  Symbols   : XAUUSDm, EURUSDm, USDJPYm, AUDUSDm, NZDUSDm, USTECm, US30m
  Thresholds: NY=62 LDN=82 NY_EARLY=85 OOS=80
══════════════════════════════════════════════════════════════════════
2026-05-18 11:00:00 | INFO     | 🕯️ [XAUUSDm] New M5 bar closed: 1779076500
2026-05-18 11:00:00 | INFO     | 🕯️ [EURUSDm] New M5 bar closed: 1779076500
2026-05-18 11:00:00 | INFO     | 🕯️ [USDJPYm] New M5 bar closed: 1779076500
2026-05-18 11:00:00 | INFO     | 🕯️ [NZDUSDm] New M5 bar closed: 1779076500
2026-05-18 11:00:00 | INFO     | 🕯️ [USTECm] New M5 bar closed: 1779076500
2026-05-18 11:00:01 | INFO     | 🕯️ [US30m] New M5 bar closed: 1779076500
2026-05-18 11:00:01 | INFO     | 🕯️ [AUDUSDm] New M5 bar closed: 1779076500
2026-05-18 11:01:02 | INFO     | 
══════════════════════════════════════════════════════════════════════
  📊  STATUS V22  [11:01:02 BKK]
  Equity    : $     40.60  (-32.33%)
  DD Daily  : 0.00%   DD Total: 32.33%   Mode: NORMAL
  Session   : UNKNOWN          H4:NEUTRAL    H1:NEUTRAL   
  Global Pos: 0/3 | Floating Risk: 0.0%/12.0%
  Symbols   : XAUUSDm, EURUSDm, USDJPYm, AUDUSDm, NZDUSDm, USTECm, US30m
  Thresholds: NY=62 LDN=82 NY_EARLY=85 OOS=80
══════════════════════════════════════════════════════════════════════
2026-05-18 11:05:00 | INFO     | 🕯️ [EURUSDm] New M5 bar closed: 1779076800
2026-05-18 11:05:00 | INFO     | 🕯️ [NZDUSDm] New M5 bar closed: 1779076800
2026-05-18 11:05:00 | INFO     | 🕯️ [USTECm] New M5 bar closed: 1779076800
2026-05-18 11:05:00 | INFO     | 🕯️ [US30m] New M5 bar closed: 1779076800
2026-05-18 11:05:01 | INFO     | 🕯️ [XAUUSDm] New M5 bar closed: 1779076800
2026-05-18 11:05:01 | INFO     | 🕯️ [USDJPYm] New M5 bar closed: 1779076800
2026-05-18 11:05:02 | INFO     | 🕯️ [AUDUSDm] New M5 bar closed: 1779076800
2026-05-18 11:06:03 | INFO     | 
══════════════════════════════════════════════════════════════════════
  📊  STATUS V22  [11:06:03 BKK]
  Equity    : $     40.60  (-32.33%)
  DD Daily  : 0.00%   DD Total: 32.33%   Mode: NORMAL
  Session   : UNKNOWN          H4:NEUTRAL    H1:NEUTRAL   
  Global Pos: 0/3 | Floating Risk: 0.0%/12.0%
  Symbols   : XAUUSDm, EURUSDm, USDJPYm, AUDUSDm, NZDUSDm, USTECm, US30m
  Thresholds: NY=62 LDN=82 NY_EARLY=85 OOS=80
══════════════════════════════════════════════════════════════════════
2026-05-18 11:10:00 | INFO     | 🕯️ [US30m] New M5 bar closed: 1779077100
2026-05-18 11:10:00 | INFO     | 🕯️ [XAUUSDm] New M5 bar closed: 1779077100
2026-05-18 11:10:00 | INFO     | 🕯️ [EURUSDm] New M5 bar closed: 1779077100
2026-05-18 11:10:01 | INFO     | 🕯️ [USDJPYm] New M5 bar closed: 1779077100
2026-05-18 11:10:01 | INFO     | 🕯️ [AUDUSDm] New M5 bar closed: 1779077100
2026-05-18 11:10:01 | INFO     | 🕯️ [USTECm] New M5 bar closed: 1779077100
2026-05-18 11:10:02 | INFO     | 🕯️ [NZDUSDm] New M5 bar closed: 1779077100
2026-05-18 11:11:03 | INFO     | 
══════════════════════════════════════════════════════════════════════
  📊  STATUS V22  [11:11:03 BKK]
  Equity    : $     40.60  (-32.33%)
  DD Daily  : 0.00%   DD Total: 32.33%   Mode: NORMAL
  Session   : UNKNOWN          H4:NEUTRAL    H1:NEUTRAL   
  Global Pos: 0/3 | Floating Risk: 0.0%/12.0%
  Symbols   : XAUUSDm, EURUSDm, USDJPYm, AUDUSDm, NZDUSDm, USTECm, US30m
  Thresholds: NY=62 LDN=82 NY_EARLY=85 OOS=80
══════════════════════════════════════════════════════════════════════
2026-05-18 11:15:00 | INFO     | 🕯️ [USDJPYm] New M5 bar closed: 1779077400
2026-05-18 11:15:00 | INFO     | 🕯️ [NZDUSDm] New M5 bar closed: 1779077400
2026-05-18 11:15:01 | INFO     | 🕯️ [US30m] New M5 bar closed: 1779077400
2026-05-18 11:15:01 | INFO     | 🕯️ [XAUUSDm] New M5 bar closed: 1779077400
2026-05-18 11:15:01 | INFO     | 🕯️ [EURUSDm] New M5 bar closed: 1779077400
2026-05-18 11:15:01 | INFO     | 🕯️ [AUDUSDm] New M5 bar closed: 1779077400
2026-05-18 11:15:02 | INFO     | 🕯️ [USTECm] New M5 bar closed: 1779077400
2026-05-18 11:16:04 | INFO     | 
══════════════════════════════════════════════════════════════════════
  📊  STATUS V22  [11:16:04 BKK]
  Equity    : $     40.60  (-32.33%)
  DD Daily  : 0.00%   DD Total: 32.33%   Mode: NORMAL
  Session   : UNKNOWN          H4:NEUTRAL    H1:NEUTRAL   
  Global Pos: 0/3 | Floating Risk: 0.0%/12.0%
  Symbols   : XAUUSDm, EURUSDm, USDJPYm, AUDUSDm, NZDUSDm, USTECm, US30m
  Thresholds: NY=62 LDN=82 NY_EARLY=85 OOS=80
══════════════════════════════════════════════════════════════════════
2026-05-18 11:20:01 | INFO     | 🕯️ [XAUUSDm] New M5 bar closed: 1779077700
2026-05-18 11:20:01 | INFO     | 🕯️ [EURUSDm] New M5 bar closed: 1779077700
2026-05-18 11:20:01 | INFO     | 🕯️ [USDJPYm] New M5 bar closed: 1779077700
2026-05-18 11:20:01 | INFO     | 🕯️ [AUDUSDm] New M5 bar closed: 1779077700
2026-05-18 11:20:01 | INFO     | 🕯️ [NZDUSDm] New M5 bar closed: 1779077700
2026-05-18 11:20:01 | INFO     | 🕯️ [USTECm] New M5 bar closed: 1779077700
2026-05-18 11:20:01 | INFO     | 🕯️ [US30m] New M5 bar closed: 1779077700
2026-05-18 11:21:05 | INFO     | 
══════════════════════════════════════════════════════════════════════
  📊  STATUS V22  [11:21:05 BKK]
  Equity    : $     40.60  (-32.33%)
  DD Daily  : 0.00%   DD Total: 32.33%   Mode: NORMAL
  Session   : UNKNOWN          H4:NEUTRAL    H1:NEUTRAL   
  Global Pos: 0/3 | Floating Risk: 0.0%/12.0%
  Symbols   : XAUUSDm, EURUSDm, USDJPYm, AUDUSDm, NZDUSDm, USTECm, US30m
  Thresholds: NY=62 LDN=82 NY_EARLY=85 OOS=80
══════════════════════════════════════════════════════════════════════
2026-05-18 11:25:00 | INFO     | 🕯️ [USTECm] New M5 bar closed: 1779078000
2026-05-18 11:25:00 | INFO     | 🕯️ [US30m] New M5 bar closed: 1779078000
2026-05-18 11:25:00 | INFO     | 🕯️ [XAUUSDm] New M5 bar closed: 1779078000
2026-05-18 11:25:00 | INFO     | 🕯️ [EURUSDm] New M5 bar closed: 1779078000
2026-05-18 11:25:01 | INFO     | 🕯️ [USDJPYm] New M5 bar closed: 1779078000
2026-05-18 11:25:01 | INFO     | 🕯️ [AUDUSDm] New M5 bar closed: 1779078000
2026-05-18 11:25:01 | INFO     | 🕯️ [NZDUSDm] New M5 bar closed: 1779078000
2026-05-18 11:26:05 | INFO     | 
══════════════════════════════════════════════════════════════════════
  📊  STATUS V22  [11:26:05 BKK]
  Equity    : $     40.60  (-32.33%)
  DD Daily  : 0.00%   DD Total: 32.33%   Mode: NORMAL
  Session   : UNKNOWN          H4:NEUTRAL    H1:NEUTRAL   
  Global Pos: 0/3 | Floating Risk: 0.0%/12.0%
  Symbols   : XAUUSDm, EURUSDm, USDJPYm, AUDUSDm, NZDUSDm, USTECm, US30m
  Thresholds: NY=62 LDN=82 NY_EARLY=85 OOS=80
══════════════════════════════════════════════════════════════════════
2026-05-18 11:30:00 | INFO     | 🕯️ [XAUUSDm] New M5 bar closed: 1779078300
2026-05-18 11:30:00 | INFO     | 🕯️ [EURUSDm] New M5 bar closed: 1779078300
2026-05-18 11:30:00 | INFO     | 🕯️ [AUDUSDm] New M5 bar closed: 1779078300
2026-05-18 11:30:00 | INFO     | 🕯️ [NZDUSDm] New M5 bar closed: 1779078300
2026-05-18 11:30:01 | INFO     | 🕯️ [USTECm] New M5 bar closed: 1779078300
2026-05-18 11:30:01 | INFO     | 🕯️ [US30m] New M5 bar closed: 1779078300
2026-05-18 11:30:01 | INFO     | 🕯️ [USDJPYm] New M5 bar closed: 1779078300
2026-05-18 11:31:06 | INFO     | 
══════════════════════════════════════════════════════════════════════
  📊  STATUS V22  [11:31:06 BKK]
  Equity    : $     40.60  (-32.33%)
  DD Daily  : 0.00%   DD Total: 32.33%   Mode: NORMAL
  Session   : UNKNOWN          H4:NEUTRAL    H1:NEUTRAL   
  Global Pos: 0/3 | Floating Risk: 0.0%/12.0%
  Symbols   : XAUUSDm, EURUSDm, USDJPYm, AUDUSDm, NZDUSDm, USTECm, US30m
  Thresholds: NY=62 LDN=82 NY_EARLY=85 OOS=80
══════════════════════════════════════════════════════════════════════
2026-05-18 11:35:00 | INFO     | 🕯️ [AUDUSDm] New M5 bar closed: 1779078600
2026-05-18 11:35:00 | INFO     | 🕯️ [NZDUSDm] New M5 bar closed: 1779078600
2026-05-18 11:35:00 | INFO     | 🕯️ [USTECm] New M5 bar closed: 1779078600
2026-05-18 11:35:00 | INFO     | 🕯️ [US30m] New M5 bar closed: 1779078600
2026-05-18 11:35:01 | INFO     | 🕯️ [XAUUSDm] New M5 bar closed: 1779078600
2026-05-18 11:35:01 | INFO     | 🕯️ [EURUSDm] New M5 bar closed: 1779078600
2026-05-18 11:35:01 | INFO     | 🕯️ [USDJPYm] New M5 bar closed: 1779078600
2026-05-18 11:36:07 | INFO     | 
══════════════════════════════════════════════════════════════════════
  📊  STATUS V22  [11:36:07 BKK]
  Equity    : $     40.60  (-32.33%)
  DD Daily  : 0.00%   DD Total: 32.33%   Mode: NORMAL
  Session   : UNKNOWN          H4:NEUTRAL    H1:NEUTRAL   
  Global Pos: 0/3 | Floating Risk: 0.0%/12.0%
  Symbols   : XAUUSDm, EURUSDm, USDJPYm, AUDUSDm, NZDUSDm, USTECm, US30m
  Thresholds: NY=62 LDN=82 NY_EARLY=85 OOS=80
══════════════════════════════════════════════════════════════════════
2026-05-18 11:40:00 | INFO     | 🕯️ [US30m] New M5 bar closed: 1779078900
2026-05-18 11:40:00 | INFO     | 🕯️ [XAUUSDm] New M5 bar closed: 1779078900
2026-05-18 11:40:00 | INFO     | 🕯️ [EURUSDm] New M5 bar closed: 1779078900
2026-05-18 11:40:01 | INFO     | 🕯️ [USDJPYm] New M5 bar closed: 1779078900
2026-05-18 11:40:01 | INFO     | 🕯️ [AUDUSDm] New M5 bar closed: 1779078900
2026-05-18 11:40:01 | INFO     | 🕯️ [NZDUSDm] New M5 bar closed: 1779078900
2026-05-18 11:40:01 | INFO     | 🕯️ [USTECm] New M5 bar closed: 1779078900
2026-05-18 11:41:07 | INFO     | 
══════════════════════════════════════════════════════════════════════
  📊  STATUS V22  [11:41:07 BKK]
  Equity    : $     40.60  (-32.33%)
  DD Daily  : 0.00%   DD Total: 32.33%   Mode: NORMAL
  Session   : UNKNOWN          H4:NEUTRAL    H1:NEUTRAL   
  Global Pos: 0/3 | Floating Risk: 0.0%/12.0%
  Symbols   : XAUUSDm, EURUSDm, USDJPYm, AUDUSDm, NZDUSDm, USTECm, US30m
  Thresholds: NY=62 LDN=82 NY_EARLY=85 OOS=80
══════════════════════════════════════════════════════════════════════
2026-05-18 11:45:00 | INFO     | 🕯️ [XAUUSDm] New M5 bar closed: 1779079200
2026-05-18 11:45:00 | INFO     | 🕯️ [EURUSDm] New M5 bar closed: 1779079200
2026-05-18 11:45:00 | INFO     | 🕯️ [USDJPYm] New M5 bar closed: 1779079200
2026-05-18 11:45:00 | INFO     | 🕯️ [AUDUSDm] New M5 bar closed: 1779079200
2026-05-18 11:45:01 | INFO     | 🕯️ [USTECm] New M5 bar closed: 1779079200
2026-05-18 11:45:01 | INFO     | 🕯️ [US30m] New M5 bar closed: 1779079200
2026-05-18 11:45:01 | INFO     | 🕯️ [NZDUSDm] New M5 bar closed: 1779079200
2026-05-18 11:46:08 | INFO     | 
══════════════════════════════════════════════════════════════════════
  📊  STATUS V22  [11:46:08 BKK]
  Equity    : $     40.60  (-32.33%)
  DD Daily  : 0.00%   DD Total: 32.33%   Mode: NORMAL
  Session   : UNKNOWN          H4:NEUTRAL    H1:NEUTRAL   
  Global Pos: 0/3 | Floating Risk: 0.0%/12.0%
  Symbols   : XAUUSDm, EURUSDm, USDJPYm, AUDUSDm, NZDUSDm, USTECm, US30m
  Thresholds: NY=62 LDN=82 NY_EARLY=85 OOS=80
══════════════════════════════════════════════════════════════════════
2026-05-18 11:50:00 | INFO     | 🕯️ [USDJPYm] New M5 bar closed: 1779079500
2026-05-18 11:50:00 | INFO     | 🕯️ [AUDUSDm] New M5 bar closed: 1779079500
2026-05-18 11:50:00 | INFO     | 🕯️ [NZDUSDm] New M5 bar closed: 1779079500
2026-05-18 11:50:00 | INFO     | 🕯️ [USTECm] New M5 bar closed: 1779079500
2026-05-18 11:50:00 | INFO     | 🕯️ [US30m] New M5 bar closed: 1779079500
2026-05-18 11:50:01 | INFO     | 🕯️ [XAUUSDm] New M5 bar closed: 1779079500
2026-05-18 11:50:01 | INFO     | 🕯️ [EURUSDm] New M5 bar closed: 1779079500
2026-05-18 11:51:09 | INFO     | 
══════════════════════════════════════════════════════════════════════
  📊  STATUS V22  [11:51:09 BKK]
  Equity    : $     40.60  (-32.33%)
  DD Daily  : 0.00%   DD Total: 32.33%   Mode: NORMAL
  Session   : UNKNOWN          H4:NEUTRAL    H1:NEUTRAL   
  Global Pos: 0/3 | Floating Risk: 0.0%/12.0%
  Symbols   : XAUUSDm, EURUSDm, USDJPYm, AUDUSDm, NZDUSDm, USTECm, US30m
  Thresholds: NY=62 LDN=82 NY_EARLY=85 OOS=80
══════════════════════════════════════════════════════════════════════
2026-05-18 11:55:00 | INFO     | 🕯️ [USTECm] New M5 bar closed: 1779079800
2026-05-18 11:55:00 | INFO     | 🕯️ [US30m] New M5 bar closed: 1779079800
2026-05-18 11:55:00 | INFO     | 🕯️ [EURUSDm] New M5 bar closed: 1779079800
2026-05-18 11:55:01 | INFO     | 🕯️ [USDJPYm] New M5 bar closed: 1779079800
2026-05-18 11:55:01 | INFO     | 🕯️ [NZDUSDm] New M5 bar closed: 1779079800
2026-05-18 11:55:01 | INFO     | 🕯️ [XAUUSDm] New M5 bar closed: 1779079800
2026-05-18 11:55:02 | INFO     | 🕯️ [AUDUSDm] New M5 bar closed: 1779079800
2026-05-18 11:56:09 | INFO     | 
══════════════════════════════════════════════════════════════════════
  📊  STATUS V22  [11:56:09 BKK]
  Equity    : $     40.60  (-32.33%)
  DD Daily  : 0.00%   DD Total: 32.33%   Mode: NORMAL
  Session   : UNKNOWN          H4:NEUTRAL    H1:NEUTRAL   
  Global Pos: 0/3 | Floating Risk: 0.0%/12.0%
  Symbols   : XAUUSDm, EURUSDm, USDJPYm, AUDUSDm, NZDUSDm, USTECm, US30m
  Thresholds: NY=62 LDN=82 NY_EARLY=85 OOS=80
══════════════════════════════════════════════════════════════════════
2026-05-18 12:00:00 | INFO     | 🕯️ [XAUUSDm] New M5 bar closed: 1779080100
2026-05-18 12:00:00 | INFO     |   [XAUUSDm] WAIT 0/80
2026-05-18 12:00:00 | INFO     | 🕯️ [EURUSDm] New M5 bar closed: 1779080100
2026-05-18 12:00:00 | INFO     |   [EURUSDm] WAIT 0/80
2026-05-18 12:00:00 | INFO     | 🕯️ [AUDUSDm] New M5 bar closed: 1779080100
2026-05-18 12:00:00 | INFO     |   [AUDUSDm] WAIT 0/80
2026-05-18 12:00:01 | INFO     | 🕯️ [NZDUSDm] New M5 bar closed: 1779080100
2026-05-18 12:00:01 | INFO     |   [NZDUSDm] WAIT 0/80
2026-05-18 12:00:01 | INFO     | 🕯️ [USTECm] New M5 bar closed: 1779080100
2026-05-18 12:00:01 | INFO     |   [USTECm] WAIT 0/80
2026-05-18 12:00:01 | INFO     | 🕯️ [US30m] New M5 bar closed: 1779080100
2026-05-18 12:00:01 | INFO     |   [US30m] WAIT 0/80
2026-05-18 12:00:01 | INFO     | 🕯️ [USDJPYm] New M5 bar closed: 1779080100
2026-05-18 12:00:01 | INFO     |   [USDJPYm] WAIT 0/80
2026-05-18 12:01:10 | INFO     | 
══════════════════════════════════════════════════════════════════════
  📊  STATUS V22  [12:01:10 BKK]
  Equity    : $     40.60  (-32.33%)
  DD Daily  : 0.00%   DD Total: 32.33%   Mode: NORMAL
  Session   : PRE_LONDON       H4:NEUTRAL    H1:BULLISH   
  Global Pos: 0/3 | Floating Risk: 0.0%/12.0%
  Symbols   : XAUUSDm, EURUSDm, USDJPYm, AUDUSDm, NZDUSDm, USTECm, US30m
  Thresholds: NY=62 LDN=82 NY_EARLY=85 OOS=80
══════════════════════════════════════════════════════════════════════
2026-05-18 12:05:00 | INFO     | 🕯️ [XAUUSDm] New M5 bar closed: 1779080400
2026-05-18 12:05:00 | INFO     |   [XAUUSDm] WAIT 0/80
2026-05-18 12:05:00 | INFO     | 🕯️ [USDJPYm] New M5 bar closed: 1779080400
2026-05-18 12:05:00 | INFO     |   [USDJPYm] WAIT 0/80
2026-05-18 12:05:00 | INFO     | 🕯️ [AUDUSDm] New M5 bar closed: 1779080400
2026-05-18 12:05:00 | INFO     |   [AUDUSDm] WAIT 0/80
2026-05-18 12:05:00 | INFO     | 🕯️ [NZDUSDm] New M5 bar closed: 1779080400
2026-05-18 12:05:00 | INFO     |   [NZDUSDm] WAIT 0/80
2026-05-18 12:05:00 | INFO     | 🕯️ [USTECm] New M5 bar closed: 1779080400
2026-05-18 12:05:00 | INFO     |   [USTECm] WAIT 0/80
2026-05-18 12:05:00 | INFO     | 🕯️ [US30m] New M5 bar closed: 1779080400
2026-05-18 12:05:00 | INFO     |   [US30m] WAIT 0/80
2026-05-18 12:05:01 | INFO     | 🕯️ [EURUSDm] New M5 bar closed: 1779080400
2026-05-18 12:05:01 | INFO     |   [EURUSDm] WAIT 0/80
2026-05-18 12:06:11 | INFO     | 
══════════════════════════════════════════════════════════════════════
  📊  STATUS V22  [12:06:11 BKK]
  Equity    : $     40.60  (-32.33%)
  DD Daily  : 0.00%   DD Total: 32.33%   Mode: NORMAL
  Session   : PRE_LONDON       H4:BEARISH    H1:BEARISH   
  Global Pos: 0/3 | Floating Risk: 0.0%/12.0%
  Symbols   : XAUUSDm, EURUSDm, USDJPYm, AUDUSDm, NZDUSDm, USTECm, US30m
  Thresholds: NY=62 LDN=82 NY_EARLY=85 OOS=80
══════════════════════════════════════════════════════════════════════
2026-05-18 12:10:00 | INFO     | 🕯️ [USTECm] New M5 bar closed: 1779080700
2026-05-18 12:10:00 | INFO     |   [USTECm] WAIT 0/80
2026-05-18 12:10:00 | INFO     | 🕯️ [US30m] New M5 bar closed: 1779080700
2026-05-18 12:10:00 | INFO     |   [US30m] WAIT 0/80
2026-05-18 12:10:01 | INFO     | 🕯️ [XAUUSDm] New M5 bar closed: 1779080700
2026-05-18 12:10:01 | INFO     |   [XAUUSDm] WAIT 0/80
2026-05-18 12:10:01 | INFO     | 🕯️ [AUDUSDm] New M5 bar closed: 1779080700
2026-05-18 12:10:01 | INFO     |   [AUDUSDm] WAIT 0/80
2026-05-18 12:10:01 | INFO     | 🕯️ [NZDUSDm] New M5 bar closed: 1779080700
2026-05-18 12:10:01 | INFO     |   [NZDUSDm] WAIT 0/80
2026-05-18 12:10:02 | INFO     | 🕯️ [EURUSDm] New M5 bar closed: 1779080700
2026-05-18 12:10:02 | INFO     |   [EURUSDm] WAIT 0/80
2026-05-18 12:10:02 | INFO     | 🕯️ [USDJPYm] New M5 bar closed: 1779080700
2026-05-18 12:10:02 | INFO     |   [USDJPYm] WAIT 0/80
2026-05-18 12:11:12 | INFO     | 
══════════════════════════════════════════════════════════════════════
  📊  STATUS V22  [12:11:12 BKK]
  Equity    : $     40.60  (-32.33%)
  DD Daily  : 0.00%   DD Total: 32.33%   Mode: NORMAL
  Session   : PRE_LONDON       H4:NEUTRAL    H1:BULLISH   
  Global Pos: 0/3 | Floating Risk: 0.0%/12.0%
  Symbols   : XAUUSDm, EURUSDm, USDJPYm, AUDUSDm, NZDUSDm, USTECm, US30m
  Thresholds: NY=62 LDN=82 NY_EARLY=85 OOS=80
══════════════════════════════════════════════════════════════════════
2026-05-18 12:15:00 | INFO     | 🕯️ [US30m] New M5 bar closed: 1779081000
2026-05-18 12:15:00 | INFO     |   [US30m] BUY 0/80
2026-05-18 12:15:00 | INFO     | 🕯️ [XAUUSDm] New M5 bar closed: 1779081000
2026-05-18 12:15:00 | INFO     |   [XAUUSDm] WAIT 0/80
2026-05-18 12:15:00 | INFO     | 🕯️ [EURUSDm] New M5 bar closed: 1779081000
2026-05-18 12:15:00 | INFO     |   [EURUSDm] WAIT 0/80
2026-05-18 12:15:01 | INFO     | 🕯️ [AUDUSDm] New M5 bar closed: 1779081000
2026-05-18 12:15:01 | INFO     |   [AUDUSDm] WAIT 0/80
2026-05-18 12:15:01 | INFO     | 🕯️ [USTECm] New M5 bar closed: 1779081000
2026-05-18 12:15:01 | INFO     |   [USTECm] WAIT 0/80
2026-05-18 12:15:01 | INFO     | 🕯️ [USDJPYm] New M5 bar closed: 1779081000
2026-05-18 12:15:02 | INFO     |   [USDJPYm] WAIT 0/80
2026-05-18 12:15:02 | INFO     | 🕯️ [NZDUSDm] New M5 bar closed: 1779081000
2026-05-18 12:15:02 | INFO     |   [NZDUSDm] WAIT 0/80
2026-05-18 12:16:12 | INFO     | 
══════════════════════════════════════════════════════════════════════
  📊  STATUS V22  [12:16:12 BKK]
  Equity    : $     40.60  (-32.33%)
  DD Daily  : 0.00%   DD Total: 32.33%   Mode: NORMAL
  Session   : PRE_LONDON       H4:BEARISH    H1:NEUTRAL   
  Global Pos: 0/3 | Floating Risk: 0.0%/12.0%
  Symbols   : XAUUSDm, EURUSDm, USDJPYm, AUDUSDm, NZDUSDm, USTECm, US30m
  Thresholds: NY=62 LDN=82 NY_EARLY=85 OOS=80
══════════════════════════════════════════════════════════════════════
2026-05-18 12:20:00 | INFO     | 🕯️ [XAUUSDm] New M5 bar closed: 1779081300
2026-05-18 12:20:00 | INFO     |   [XAUUSDm] WAIT 0/80
2026-05-18 12:20:00 | INFO     | 🕯️ [NZDUSDm] New M5 bar closed: 1779081300
2026-05-18 12:20:00 | INFO     |   [NZDUSDm] WAIT 0/80
2026-05-18 12:20:00 | INFO     | 🕯️ [USTECm] New M5 bar closed: 1779081300
2026-05-18 12:20:00 | INFO     |   [USTECm] WAIT 0/80
2026-05-18 12:20:01 | INFO     | 🕯️ [US30m] New M5 bar closed: 1779081300
2026-05-18 12:20:01 | INFO     |   [US30m] SELL 36/80
2026-05-18 12:20:01 | INFO     | 🕯️ [EURUSDm] New M5 bar closed: 1779081300
2026-05-18 12:20:01 | INFO     |   [EURUSDm] WAIT 0/80
2026-05-18 12:20:01 | INFO     | 🕯️ [USDJPYm] New M5 bar closed: 1779081300
2026-05-18 12:20:01 | INFO     |   [USDJPYm] WAIT 0/80
2026-05-18 12:20:01 | INFO     | 🕯️ [AUDUSDm] New M5 bar closed: 1779081300
2026-05-18 12:20:01 | INFO     |   [AUDUSDm] WAIT 0/80
2026-05-18 12:21:13 | INFO     | 
══════════════════════════════════════════════════════════════════════
  📊  STATUS V22  [12:21:13 BKK]
  Equity    : $     40.60  (-32.33%)
  DD Daily  : 0.00%   DD Total: 32.33%   Mode: NORMAL
  Session   : PRE_LONDON       H4:NEUTRAL    H1:BEARISH   
  Global Pos: 0/3 | Floating Risk: 0.0%/12.0%
  Symbols   : XAUUSDm, EURUSDm, USDJPYm, AUDUSDm, NZDUSDm, USTECm, US30m
  Thresholds: NY=62 LDN=82 NY_EARLY=85 OOS=80
══════════════════════════════════════════════════════════════════════
2026-05-18 12:25:00 | INFO     | 🕯️ [USTECm] New M5 bar closed: 1779081600
2026-05-18 12:25:00 | INFO     |   [USTECm] SELL 10/80
2026-05-18 12:25:00 | INFO     | 🕯️ [US30m] New M5 bar closed: 1779081600
2026-05-18 12:25:00 | INFO     |   [US30m] SELL 3/80
2026-05-18 12:25:01 | INFO     | 🕯️ [XAUUSDm] New M5 bar closed: 1779081600
2026-05-18 12:25:01 | INFO     |   [XAUUSDm] WAIT 0/80
2026-05-18 12:25:01 | INFO     | 🕯️ [EURUSDm] New M5 bar closed: 1779081600
2026-05-18 12:25:01 | INFO     |   [EURUSDm] WAIT 0/80
2026-05-18 12:25:01 | INFO     | 🕯️ [USDJPYm] New M5 bar closed: 1779081600
2026-05-18 12:25:01 | INFO     |   [USDJPYm] WAIT 0/80
2026-05-18 12:25:01 | INFO     | 🕯️ [AUDUSDm] New M5 bar closed: 1779081600
2026-05-18 12:25:01 | INFO     |   [AUDUSDm] WAIT 0/80
2026-05-18 12:25:01 | INFO     | 🕯️ [NZDUSDm] New M5 bar closed: 1779081600
2026-05-18 12:25:01 | INFO     |   [NZDUSDm] WAIT 0/80
2026-05-18 12:26:14 | INFO     | 
══════════════════════════════════════════════════════════════════════
  📊  STATUS V22  [12:26:14 BKK]
  Equity    : $     40.60  (-32.33%)
  DD Daily  : 0.00%   DD Total: 32.33%   Mode: NORMAL
  Session   : PRE_LONDON       H4:BEARISH    H1:NEUTRAL   
  Global Pos: 0/3 | Floating Risk: 0.0%/12.0%
  Symbols   : XAUUSDm, EURUSDm, USDJPYm, AUDUSDm, NZDUSDm, USTECm, US30m
  Thresholds: NY=62 LDN=82 NY_EARLY=85 OOS=80
══════════════════════════════════════════════════════════════════════
2026-05-18 12:30:00 | INFO     | 🕯️ [US30m] New M5 bar closed: 1779081900
2026-05-18 12:30:00 | INFO     |   [US30m] WAIT 0/80
2026-05-18 12:30:00 | INFO     | 🕯️ [XAUUSDm] New M5 bar closed: 1779081900
2026-05-18 12:30:00 | WARNING  | ⛔ [XAUUSDm] HARD_BLOCK:360.0>350.0pts
2026-05-18 12:30:01 | INFO     | 🕯️ [EURUSDm] New M5 bar closed: 1779081900
2026-05-18 12:30:01 | INFO     |   [EURUSDm] WAIT 0/80
2026-05-18 12:30:01 | INFO     | 🕯️ [USDJPYm] New M5 bar closed: 1779081900
2026-05-18 12:30:01 | INFO     |   [USDJPYm] WAIT 0/80
2026-05-18 12:30:01 | INFO     | 🕯️ [AUDUSDm] New M5 bar closed: 1779081900
2026-05-18 12:30:01 | INFO     |   [AUDUSDm] WAIT 0/80
2026-05-18 12:30:01 | INFO     | 🕯️ [NZDUSDm] New M5 bar closed: 1779081900
2026-05-18 12:30:01 | INFO     |   [NZDUSDm] WAIT 0/80
2026-05-18 12:30:01 | INFO     | 🕯️ [USTECm] New M5 bar closed: 1779081900
2026-05-18 12:30:01 | INFO     |   [USTECm] SELL 9/80
2026-05-18 12:31:15 | INFO     | 
══════════════════════════════════════════════════════════════════════
  📊  STATUS V22  [12:31:15 BKK]
  Equity    : $     40.60  (-32.33%)
  DD Daily  : 0.00%   DD Total: 32.33%   Mode: NORMAL
  Session   : PRE_LONDON       H4:NEUTRAL    H1:BEARISH   
  Global Pos: 0/3 | Floating Risk: 0.0%/12.0%
  Symbols   : XAUUSDm, EURUSDm, USDJPYm, AUDUSDm, NZDUSDm, USTECm, US30m
  Thresholds: NY=62 LDN=82 NY_EARLY=85 OOS=80
══════════════════════════════════════════════════════════════════════
2026-05-18 12:35:00 | INFO     | 🕯️ [XAUUSDm] New M5 bar closed: 1779082200
2026-05-18 12:35:00 | INFO     |   [XAUUSDm] WAIT 0/80
2026-05-18 12:35:01 | INFO     | 🕯️ [NZDUSDm] New M5 bar closed: 1779082200
2026-05-18 12:35:01 | INFO     |   [NZDUSDm] WAIT 0/80
2026-05-18 12:35:01 | INFO     | 🕯️ [USTECm] New M5 bar closed: 1779082200
2026-05-18 12:35:01 | INFO     |   [USTECm] WAIT 0/80
2026-05-18 12:35:01 | INFO     | 🕯️ [US30m] New M5 bar closed: 1779082200
2026-05-18 12:35:01 | INFO     |   [US30m] WAIT 0/80
2026-05-18 12:35:01 | INFO     | 🕯️ [EURUSDm] New M5 bar closed: 1779082200
2026-05-18 12:35:01 | INFO     |   [EURUSDm] WAIT 0/80
2026-05-18 12:35:01 | INFO     | 🕯️ [USDJPYm] New M5 bar closed: 1779082200
2026-05-18 12:35:01 | INFO     |   [USDJPYm] WAIT 0/80
2026-05-18 12:35:02 | INFO     | 🕯️ [AUDUSDm] New M5 bar closed: 1779082200
2026-05-18 12:35:02 | INFO     |   [AUDUSDm] WAIT 0/80
2026-05-18 12:36:15 | INFO     | 
══════════════════════════════════════════════════════════════════════
  📊  STATUS V22  [12:36:15 BKK]
  Equity    : $     40.60  (-32.33%)
  DD Daily  : 0.00%   DD Total: 32.33%   Mode: NORMAL
  Session   : PRE_LONDON       H4:NEUTRAL    H1:BEARISH   
  Global Pos: 0/3 | Floating Risk: 0.0%/12.0%
  Symbols   : XAUUSDm, EURUSDm, USDJPYm, AUDUSDm, NZDUSDm, USTECm, US30m
  Thresholds: NY=62 LDN=82 NY_EARLY=85 OOS=80
══════════════════════════════════════════════════════════════════════
2026-05-18 12:40:00 | INFO     | 🕯️ [XAUUSDm] New M5 bar closed: 1779082500
2026-05-18 12:40:00 | INFO     |   [XAUUSDm] WAIT 0/80
2026-05-18 12:40:00 | INFO     | 🕯️ [USDJPYm] New M5 bar closed: 1779082500
2026-05-18 12:40:00 | INFO     |   [USDJPYm] WAIT 0/80
2026-05-18 12:40:00 | INFO     | 🕯️ [AUDUSDm] New M5 bar closed: 1779082500
2026-05-18 12:40:00 | INFO     |   [AUDUSDm] WAIT 0/80
2026-05-18 12:40:00 | INFO     | 🕯️ [NZDUSDm] New M5 bar closed: 1779082500
2026-05-18 12:40:00 | INFO     |   [NZDUSDm] WAIT 0/80
2026-05-18 12:40:00 | INFO     | 🕯️ [USTECm] New M5 bar closed: 1779082500
2026-05-18 12:40:00 | INFO     |   [USTECm] WAIT 0/80
2026-05-18 12:40:00 | INFO     | 🕯️ [US30m] New M5 bar closed: 1779082500
2026-05-18 12:40:01 | INFO     |   [US30m] WAIT 0/80
2026-05-18 12:40:02 | INFO     | 🕯️ [EURUSDm] New M5 bar closed: 1779082500
2026-05-18 12:40:02 | INFO     |   [EURUSDm] WAIT 0/80
2026-05-18 12:41:16 | INFO     | 
══════════════════════════════════════════════════════════════════════
  📊  STATUS V22  [12:41:16 BKK]
  Equity    : $     40.60  (-32.33%)
  DD Daily  : 0.00%   DD Total: 32.33%   Mode: NORMAL
  Session   : PRE_LONDON       H4:BEARISH    H1:BEARISH   
  Global Pos: 0/3 | Floating Risk: 0.0%/12.0%
  Symbols   : XAUUSDm, EURUSDm, USDJPYm, AUDUSDm, NZDUSDm, USTECm, US30m
  Thresholds: NY=62 LDN=82 NY_EARLY=85 OOS=80
══════════════════════════════════════════════════════════════════════
2026-05-18 12:45:00 | INFO     | 🕯️ [USTECm] New M5 bar closed: 1779082800
2026-05-18 12:45:00 | INFO     |   [USTECm] WAIT 0/80
2026-05-18 12:45:00 | INFO     | 🕯️ [US30m] New M5 bar closed: 1779082800
2026-05-18 12:45:00 | INFO     |   [US30m] WAIT 0/80
2026-05-18 12:45:01 | INFO     | 🕯️ [XAUUSDm] New M5 bar closed: 1779082800
2026-05-18 12:45:01 | INFO     |   [XAUUSDm] WAIT 0/80
2026-05-18 12:45:01 | INFO     | 🕯️ [EURUSDm] New M5 bar closed: 1779082800
2026-05-18 12:45:01 | INFO     |   [EURUSDm] WAIT 0/80
2026-05-18 12:45:01 | INFO     | 🕯️ [USDJPYm] New M5 bar closed: 1779082800
2026-05-18 12:45:01 | INFO     |   [USDJPYm] WAIT 0/80
2026-05-18 12:45:01 | INFO     | 🕯️ [AUDUSDm] New M5 bar closed: 1779082800
2026-05-18 12:45:01 | INFO     |   [AUDUSDm] WAIT 0/80
2026-05-18 12:45:01 | INFO     | 🕯️ [NZDUSDm] New M5 bar closed: 1779082800
2026-05-18 12:45:01 | INFO     |   [NZDUSDm] WAIT 0/80
2026-05-18 12:46:17 | INFO     | 
══════════════════════════════════════════════════════════════════════
  📊  STATUS V22  [12:46:17 BKK]
  Equity    : $     40.60  (-32.33%)
  DD Daily  : 0.00%   DD Total: 32.33%   Mode: NORMAL
  Session   : PRE_LONDON       H4:BEARISH    H1:NEUTRAL   
  Global Pos: 0/3 | Floating Risk: 0.0%/12.0%
  Symbols   : XAUUSDm, EURUSDm, USDJPYm, AUDUSDm, NZDUSDm, USTECm, US30m
  Thresholds: NY=62 LDN=82 NY_EARLY=85 OOS=80
══════════════════════════════════════════════════════════════════════
2026-05-18 12:50:00 | INFO     | 🕯️ [XAUUSDm] New M5 bar closed: 1779083100
2026-05-18 12:50:00 | INFO     |   [XAUUSDm] WAIT 0/80
2026-05-18 12:50:00 | INFO     | 🕯️ [USDJPYm] New M5 bar closed: 1779083100
2026-05-18 12:50:00 | INFO     |   [USDJPYm] WAIT 0/80
2026-05-18 12:50:01 | INFO     | 🕯️ [USTECm] New M5 bar closed: 1779083100
2026-05-18 12:50:01 | INFO     |   [USTECm] WAIT 0/80
2026-05-18 12:50:01 | INFO     | 🕯️ [US30m] New M5 bar closed: 1779083100
2026-05-18 12:50:01 | INFO     |   [US30m] WAIT 0/80
2026-05-18 12:50:01 | INFO     | 🕯️ [EURUSDm] New M5 bar closed: 1779083100
2026-05-18 12:50:01 | INFO     |   [EURUSDm] WAIT 0/80
2026-05-18 12:50:02 | INFO     | 🕯️ [AUDUSDm] New M5 bar closed: 1779083100
2026-05-18 12:50:02 | INFO     |   [AUDUSDm] WAIT 0/80
2026-05-18 12:50:02 | INFO     | 🕯️ [NZDUSDm] New M5 bar closed: 1779083100
2026-05-18 12:50:02 | INFO     |   [NZDUSDm] WAIT 0/80
2026-05-18 12:51:17 | INFO     | 
══════════════════════════════════════════════════════════════════════
  📊  STATUS V22  [12:51:17 BKK]
  Equity    : $     40.60  (-32.33%)
  DD Daily  : 0.00%   DD Total: 32.33%   Mode: NORMAL
  Session   : PRE_LONDON       H4:BEARISH    H1:NEUTRAL   
  Global Pos: 0/3 | Floating Risk: 0.0%/12.0%
  Symbols   : XAUUSDm, EURUSDm, USDJPYm, AUDUSDm, NZDUSDm, USTECm, US30m
  Thresholds: NY=62 LDN=82 NY_EARLY=85 OOS=80
══════════════════════════════════════════════════════════════════════
2026-05-18 12:55:00 | INFO     | 🕯️ [XAUUSDm] New M5 bar closed: 1779083400
2026-05-18 12:55:00 | INFO     |   [XAUUSDm] WAIT 0/80
2026-05-18 12:55:00 | INFO     | 🕯️ [USTECm] New M5 bar closed: 1779083400
2026-05-18 12:55:00 | INFO     |   [USTECm] WAIT 0/80
2026-05-18 12:55:01 | INFO     | 🕯️ [EURUSDm] New M5 bar closed: 1779083400
2026-05-18 12:55:01 | INFO     |   [EURUSDm] WAIT 0/80
2026-05-18 12:55:01 | INFO     | 🕯️ [USDJPYm] New M5 bar closed: 1779083400
2026-05-18 12:55:01 | INFO     |   [USDJPYm] WAIT 0/80
2026-05-18 12:55:01 | INFO     | 🕯️ [AUDUSDm] New M5 bar closed: 1779083400
2026-05-18 12:55:01 | INFO     |   [AUDUSDm] WAIT 0/80
2026-05-18 12:55:01 | INFO     | 🕯️ [NZDUSDm] New M5 bar closed: 1779083400
2026-05-18 12:55:01 | INFO     |   [NZDUSDm] WAIT 0/80
2026-05-18 12:55:04 | INFO     | 🕯️ [US30m] New M5 bar closed: 1779083400
2026-05-18 12:55:04 | INFO     |   [US30m] WAIT 0/80
2026-05-18 12:56:18 | INFO     | 
══════════════════════════════════════════════════════════════════════
  📊  STATUS V22  [12:56:18 BKK]
  Equity    : $     40.60  (-32.33%)
  DD Daily  : 0.00%   DD Total: 32.33%   Mode: NORMAL
  Session   : PRE_LONDON       H4:NEUTRAL    H1:NEUTRAL   
  Global Pos: 0/3 | Floating Risk: 0.0%/12.0%
  Symbols   : XAUUSDm, EURUSDm, USDJPYm, AUDUSDm, NZDUSDm, USTECm, US30m
  Thresholds: NY=62 LDN=82 NY_EARLY=85 OOS=80
══════════════════════════════════════════════════════════════════════
2026-05-18 13:00:00 | INFO     | 🕯️ [EURUSDm] New M5 bar closed: 1779083700
2026-05-18 13:00:00 | INFO     |   [EURUSDm] WAIT 0/80
2026-05-18 13:00:00 | INFO     | 🕯️ [USDJPYm] New M5 bar closed: 1779083700
2026-05-18 13:00:00 | INFO     |   [USDJPYm] WAIT 0/80
2026-05-18 13:00:00 | INFO     | 🕯️ [AUDUSDm] New M5 bar closed: 1779083700
2026-05-18 13:00:00 | INFO     |   [AUDUSDm] WAIT 0/80
2026-05-18 13:00:00 | INFO     | 🕯️ [NZDUSDm] New M5 bar closed: 1779083700
2026-05-18 13:00:00 | INFO     |   [NZDUSDm] WAIT 0/80
2026-05-18 13:00:00 | INFO     | 🕯️ [USTECm] New M5 bar closed: 1779083700
2026-05-18 13:00:00 | INFO     |   [USTECm] WAIT 0/80
2026-05-18 13:00:00 | INFO     | 🕯️ [US30m] New M5 bar closed: 1779083700
2026-05-18 13:00:00 | INFO     |   [US30m] WAIT 0/80
2026-05-18 13:00:01 | INFO     | 🕯️ [XAUUSDm] New M5 bar closed: 1779083700
2026-05-18 13:00:01 | INFO     |   [XAUUSDm] WAIT 0/80
2026-05-18 13:01:19 | INFO     | 
══════════════════════════════════════════════════════════════════════
  📊  STATUS V22  [13:01:19 BKK]
  Equity    : $     40.60  (-32.33%)
  DD Daily  : 0.00%   DD Total: 32.33%   Mode: NORMAL
  Session   : PRE_LONDON       H4:BEARISH    H1:NEUTRAL   
  Global Pos: 0/3 | Floating Risk: 0.0%/12.0%
  Symbols   : XAUUSDm, EURUSDm, USDJPYm, AUDUSDm, NZDUSDm, USTECm, US30m
  Thresholds: NY=62 LDN=82 NY_EARLY=85 OOS=80
══════════════════════════════════════════════════════════════════════
2026-05-18 13:05:00 | INFO     | 🕯️ [USTECm] New M5 bar closed: 1779084000
2026-05-18 13:05:00 | INFO     |   [USTECm] WAIT 0/80
2026-05-18 13:05:00 | INFO     | 🕯️ [US30m] New M5 bar closed: 1779084000
2026-05-18 13:05:00 | INFO     |   [US30m] WAIT 0/80
2026-05-18 13:05:00 | INFO     | 🕯️ [XAUUSDm] New M5 bar closed: 1779084000
2026-05-18 13:05:00 | INFO     |   [XAUUSDm] WAIT 0/80
2026-05-18 13:05:01 | INFO     | 🕯️ [USDJPYm] New M5 bar closed: 1779084000
2026-05-18 13:05:01 | INFO     |   [USDJPYm] WAIT 0/80
2026-05-18 13:05:01 | INFO     | 🕯️ [AUDUSDm] New M5 bar closed: 1779084000
2026-05-18 13:05:01 | INFO     |   [AUDUSDm] WAIT 0/80
2026-05-18 13:05:01 | INFO     | 🕯️ [NZDUSDm] New M5 bar closed: 1779084000
2026-05-18 13:05:01 | INFO     |   [NZDUSDm] WAIT 0/80
2026-05-18 13:05:02 | INFO     | 🕯️ [EURUSDm] New M5 bar closed: 1779084000
2026-05-18 13:05:02 | INFO     |   [EURUSDm] WAIT 0/80
2026-05-18 13:06:20 | INFO     | 
══════════════════════════════════════════════════════════════════════
  📊  STATUS V22  [13:06:20 BKK]
  Equity    : $     40.60  (-32.33%)
  DD Daily  : 0.00%   DD Total: 32.33%   Mode: NORMAL
  Session   : PRE_LONDON       H4:BEARISH    H1:NEUTRAL   
  Global Pos: 0/3 | Floating Risk: 0.0%/12.0%
  Symbols   : XAUUSDm, EURUSDm, USDJPYm, AUDUSDm, NZDUSDm, USTECm, US30m
  Thresholds: NY=62 LDN=82 NY_EARLY=85 OOS=80
══════════════════════════════════════════════════════════════════════
2026-05-18 13:10:00 | INFO     | 🕯️ [XAUUSDm] New M5 bar closed: 1779084300
2026-05-18 13:10:00 | INFO     |   [XAUUSDm] WAIT 0/80
2026-05-18 13:10:00 | INFO     | 🕯️ [EURUSDm] New M5 bar closed: 1779084300
2026-05-18 13:10:00 | INFO     |   [EURUSDm] SELL 64/80
2026-05-18 13:10:00 | INFO     | 🕯️ [AUDUSDm] New M5 bar closed: 1779084300
2026-05-18 13:10:00 | INFO     |   [AUDUSDm] WAIT 0/80
2026-05-18 13:10:01 | INFO     | 🕯️ [NZDUSDm] New M5 bar closed: 1779084300
2026-05-18 13:10:01 | INFO     |   [NZDUSDm] WAIT 0/80
2026-05-18 13:10:01 | INFO     | 🕯️ [USTECm] New M5 bar closed: 1779084300
2026-05-18 13:10:01 | INFO     |   [USTECm] BUY 26/80
2026-05-18 13:10:01 | INFO     | 🕯️ [US30m] New M5 bar closed: 1779084300
2026-05-18 13:10:01 | INFO     |   [US30m] WAIT 0/80
2026-05-18 13:10:01 | INFO     | 🕯️ [USDJPYm] New M5 bar closed: 1779084300
2026-05-18 13:10:01 | INFO     |   [USDJPYm] WAIT 0/80
2026-05-18 13:11:20 | INFO     | 
══════════════════════════════════════════════════════════════════════
  📊  STATUS V22  [13:11:20 BKK]
  Equity    : $     40.60  (-32.33%)
  DD Daily  : 0.00%   DD Total: 32.33%   Mode: NORMAL
  Session   : PRE_LONDON       H4:NEUTRAL    H1:BULLISH   
  Global Pos: 0/3 | Floating Risk: 0.0%/12.0%
  Symbols   : XAUUSDm, EURUSDm, USDJPYm, AUDUSDm, NZDUSDm, USTECm, US30m
  Thresholds: NY=62 LDN=82 NY_EARLY=85 OOS=80
══════════════════════════════════════════════════════════════════════
2026-05-18 13:15:00 | INFO     | 🕯️ [XAUUSDm] New M5 bar closed: 1779084600
2026-05-18 13:15:00 | INFO     |   [XAUUSDm] WAIT 0/80
2026-05-18 13:15:00 | INFO     | 🕯️ [EURUSDm] New M5 bar closed: 1779084600
2026-05-18 13:15:00 | INFO     |   [EURUSDm] WAIT 0/80
2026-05-18 13:15:00 | INFO     | 🕯️ [USDJPYm] New M5 bar closed: 1779084600
2026-05-18 13:15:00 | INFO     |   [USDJPYm] WAIT 0/80
2026-05-18 13:15:00 | INFO     | 🕯️ [NZDUSDm] New M5 bar closed: 1779084600
2026-05-18 13:15:00 | INFO     |   [NZDUSDm] WAIT 0/80
2026-05-18 13:15:00 | INFO     | 🕯️ [USTECm] New M5 bar closed: 1779084600
2026-05-18 13:15:00 | INFO     |   [USTECm] WAIT 0/80
2026-05-18 13:15:00 | INFO     | 🕯️ [US30m] New M5 bar closed: 1779084600
2026-05-18 13:15:00 | INFO     |   [US30m] WAIT 0/80
2026-05-18 13:15:01 | INFO     | 🕯️ [AUDUSDm] New M5 bar closed: 1779084600
2026-05-18 13:15:01 | INFO     |   [AUDUSDm] WAIT 0/80
2026-05-18 13:16:21 | INFO     | 
══════════════════════════════════════════════════════════════════════
  📊  STATUS V22  [13:16:21 BKK]
  Equity    : $     40.60  (-32.33%)
  DD Daily  : 0.00%   DD Total: 32.33%   Mode: NORMAL
  Session   : PRE_LONDON       H4:NEUTRAL    H1:BEARISH   
  Global Pos: 0/3 | Floating Risk: 0.0%/12.0%
  Symbols   : XAUUSDm, EURUSDm, USDJPYm, AUDUSDm, NZDUSDm, USTECm, US30m
  Thresholds: NY=62 LDN=82 NY_EARLY=85 OOS=80
══════════════════════════════════════════════════════════════════════
2026-05-18 13:20:00 | INFO     | 🕯️ [USTECm] New M5 bar closed: 1779084900
2026-05-18 13:20:00 | INFO     |   [USTECm] WAIT 0/80
2026-05-18 13:20:00 | INFO     | 🕯️ [US30m] New M5 bar closed: 1779084900
2026-05-18 13:20:00 | INFO     |   [US30m] WAIT 0/80
2026-05-18 13:20:01 | INFO     | 🕯️ [XAUUSDm] New M5 bar closed: 1779084900
2026-05-18 13:20:01 | INFO     |   [XAUUSDm] WAIT 0/80
2026-05-18 13:20:01 | INFO     | 🕯️ [EURUSDm] New M5 bar closed: 1779084900
2026-05-18 13:20:01 | INFO     |   [EURUSDm] WAIT 0/80
2026-05-18 13:20:01 | INFO     | 🕯️ [USDJPYm] New M5 bar closed: 1779084900
2026-05-18 13:20:01 | INFO     |   [USDJPYm] WAIT 0/80
2026-05-18 13:20:01 | INFO     | 🕯️ [AUDUSDm] New M5 bar closed: 1779084900
2026-05-18 13:20:01 | INFO     |   [AUDUSDm] WAIT 0/80
2026-05-18 13:20:01 | INFO     | 🕯️ [NZDUSDm] New M5 bar closed: 1779084900
2026-05-18 13:20:01 | INFO     |   [NZDUSDm] WAIT 0/80
2026-05-18 13:21:22 | INFO     | 
══════════════════════════════════════════════════════════════════════
  📊  STATUS V22  [13:21:22 BKK]
  Equity    : $     40.60  (-32.33%)
  DD Daily  : 0.00%   DD Total: 32.33%   Mode: NORMAL
  Session   : PRE_LONDON       H4:BEARISH    H1:NEUTRAL   
  Global Pos: 0/3 | Floating Risk: 0.0%/12.0%
  Symbols   : XAUUSDm, EURUSDm, USDJPYm, AUDUSDm, NZDUSDm, USTECm, US30m
  Thresholds: NY=62 LDN=82 NY_EARLY=85 OOS=80
══════════════════════════════════════════════════════════════════════
2026-05-18 13:25:00 | INFO     | 🕯️ [XAUUSDm] New M5 bar closed: 1779085200
2026-05-18 13:25:00 | INFO     |   [XAUUSDm] WAIT 0/80
2026-05-18 13:25:00 | INFO     | 🕯️ [EURUSDm] New M5 bar closed: 1779085200
2026-05-18 13:25:00 | INFO     |   [EURUSDm] WAIT 0/80
2026-05-18 13:25:01 | INFO     | 🕯️ [AUDUSDm] New M5 bar closed: 1779085200
2026-05-18 13:25:01 | INFO     |   [AUDUSDm] WAIT 0/80
2026-05-18 13:25:01 | INFO     | 🕯️ [NZDUSDm] New M5 bar closed: 1779085200
2026-05-18 13:25:01 | INFO     |   [NZDUSDm] WAIT 0/80
2026-05-18 13:25:01 | INFO     | 🕯️ [USTECm] New M5 bar closed: 1779085200
2026-05-18 13:25:01 | INFO     |   [USTECm] WAIT 0/80
2026-05-18 13:25:01 | INFO     | 🕯️ [US30m] New M5 bar closed: 1779085200
2026-05-18 13:25:01 | INFO     |   [US30m] WAIT 0/80
2026-05-18 13:25:01 | INFO     | 🕯️ [USDJPYm] New M5 bar closed: 1779085200
2026-05-18 13:25:01 | INFO     |   [USDJPYm] WAIT 0/80
2026-05-18 13:26:22 | INFO     | 
══════════════════════════════════════════════════════════════════════
  📊  STATUS V22  [13:26:22 BKK]
  Equity    : $     40.60  (-32.33%)
  DD Daily  : 0.00%   DD Total: 32.33%   Mode: NORMAL
  Session   : PRE_LONDON       H4:NEUTRAL    H1:BULLISH   
  Global Pos: 0/3 | Floating Risk: 0.0%/12.0%
  Symbols   : XAUUSDm, EURUSDm, USDJPYm, AUDUSDm, NZDUSDm, USTECm, US30m
  Thresholds: NY=62 LDN=82 NY_EARLY=85 OOS=80
══════════════════════════════════════════════════════════════════════
2026-05-18 13:30:00 | INFO     | 🕯️ [XAUUSDm] New M5 bar closed: 1779085500
2026-05-18 13:30:00 | INFO     |   [XAUUSDm] WAIT 0/80
2026-05-18 13:30:00 | INFO     | 🕯️ [EURUSDm] New M5 bar closed: 1779085500
2026-05-18 13:30:00 | INFO     |   [EURUSDm] WAIT 0/80
2026-05-18 13:30:00 | INFO     | 🕯️ [AUDUSDm] New M5 bar closed: 1779085500
2026-05-18 13:30:00 | INFO     |   [AUDUSDm] WAIT 0/80
2026-05-18 13:30:00 | INFO     | 🕯️ [USTECm] New M5 bar closed: 1779085500
2026-05-18 13:30:00 | INFO     |   [USTECm] WAIT 0/80
2026-05-18 13:30:01 | INFO     | 🕯️ [US30m] New M5 bar closed: 1779085500
2026-05-18 13:30:01 | INFO     |   [US30m] WAIT 0/80
2026-05-18 13:30:01 | INFO     | 🕯️ [USDJPYm] New M5 bar closed: 1779085500
2026-05-18 13:30:01 | INFO     |   [USDJPYm] SELL -3/80
2026-05-18 13:30:01 | INFO     | 🕯️ [NZDUSDm] New M5 bar closed: 1779085500
2026-05-18 13:30:01 | INFO     |   [NZDUSDm] WAIT 0/80
2026-05-18 13:31:23 | INFO     | 
══════════════════════════════════════════════════════════════════════
  📊  STATUS V22  [13:31:23 BKK]
  Equity    : $     40.60  (-32.33%)
  DD Daily  : 0.00%   DD Total: 32.33%   Mode: NORMAL
  Session   : PRE_LONDON       H4:BEARISH    H1:NEUTRAL   
  Global Pos: 0/3 | Floating Risk: 0.0%/12.0%
  Symbols   : XAUUSDm, EURUSDm, USDJPYm, AUDUSDm, NZDUSDm, USTECm, US30m
  Thresholds: NY=62 LDN=82 NY_EARLY=85 OOS=80
══════════════════════════════════════════════════════════════════════
2026-05-18 13:35:00 | INFO     | 🕯️ [USTECm] New M5 bar closed: 1779085800
2026-05-18 13:35:00 | INFO     |   [USTECm] WAIT 0/80
2026-05-18 13:35:00 | INFO     | 🕯️ [US30m] New M5 bar closed: 1779085800
2026-05-18 13:35:00 | INFO     |   [US30m] WAIT 0/80
2026-05-18 13:35:01 | INFO     | 🕯️ [XAUUSDm] New M5 bar closed: 1779085800
2026-05-18 13:35:01 | INFO     |   [XAUUSDm] WAIT 0/80
2026-05-18 13:35:01 | INFO     | 🕯️ [EURUSDm] New M5 bar closed: 1779085800
2026-05-18 13:35:01 | INFO     |   [EURUSDm] WAIT 0/80
2026-05-18 13:35:01 | INFO     | 🕯️ [USDJPYm] New M5 bar closed: 1779085800
2026-05-18 13:35:01 | INFO     |   [USDJPYm] SELL -3/80
2026-05-18 13:35:01 | INFO     | 🕯️ [AUDUSDm] New M5 bar closed: 1779085800
2026-05-18 13:35:01 | INFO     |   [AUDUSDm] WAIT 0/80
2026-05-18 13:35:01 | INFO     | 🕯️ [NZDUSDm] New M5 bar closed: 1779085800
2026-05-18 13:35:01 | INFO     |   [NZDUSDm] WAIT 0/80
2026-05-18 13:36:24 | INFO     | 
══════════════════════════════════════════════════════════════════════
  📊  STATUS V22  [13:36:24 BKK]
  Equity    : $     40.60  (-32.33%)
  DD Daily  : 0.00%   DD Total: 32.33%   Mode: NORMAL
  Session   : PRE_LONDON       H4:BEARISH    H1:NEUTRAL   
  Global Pos: 0/3 | Floating Risk: 0.0%/12.0%
  Symbols   : XAUUSDm, EURUSDm, USDJPYm, AUDUSDm, NZDUSDm, USTECm, US30m
  Thresholds: NY=62 LDN=82 NY_EARLY=85 OOS=80
══════════════════════════════════════════════════════════════════════
2026-05-18 13:37:09 | WARNING  | Signal 2 → shutdown
2026-05-18 13:37:10 | WARNING  | 🚨 SHUTDOWN — EXIT
2026-05-18 13:37:10 | WARNING  | 🚨 Final: equity$40.60 balance$40.60
2026-05-18 13:37:10 | WARNING  | 🚨 SHUTDOWN COMPLETE.
2026-05-18 13:37:10 | INFO     | MT5 offline. Bot V.23 terminated.
2026-05-18 13:37:21 | INFO     | Bot V.24 starting
2026-05-18 13:37:21 | INFO     | ✅ DB V22 schema ready
2026-05-18 13:37:21 | WARNING  | 🔌 Reconnect #1 in 5s
2026-05-18 13:37:21 | INFO     | ✅ Reconnected on attempt #1
2026-05-18 13:37:21 | INFO     | Startup orphan SL scan…
2026-05-18 13:37:21 | INFO     | 🌐 Round-Robin scanner ACTIVE | XAUUSDm, EURUSDm, USDJPYm, AUDUSDm, NZDUSDm, USTECm, US30m
2026-05-18 13:37:21 | INFO     | 🕯️ [XAUUSDm] New M5 bar closed: 1779085800
2026-05-18 13:37:22 | INFO     |   [XAUUSDm] WAIT 0/80
2026-05-18 13:37:22 | INFO     | 🕯️ [EURUSDm] New M5 bar closed: 1779085800
2026-05-18 13:37:22 | INFO     |   [EURUSDm] WAIT 0/80
2026-05-18 13:37:22 | INFO     | 🕯️ [USDJPYm] New M5 bar closed: 1779085800
2026-05-18 13:37:22 | INFO     |   [USDJPYm] SELL 16/80
2026-05-18 13:37:22 | INFO     | 🕯️ [AUDUSDm] New M5 bar closed: 1779085800
2026-05-18 13:37:23 | INFO     |   [AUDUSDm] WAIT 0/80
2026-05-18 13:37:23 | INFO     | 🕯️ [NZDUSDm] New M5 bar closed: 1779085800
2026-05-18 13:37:23 | INFO     |   [NZDUSDm] WAIT 0/80
2026-05-18 13:37:23 | INFO     | 🕯️ [USTECm] New M5 bar closed: 1779085800
2026-05-18 13:37:23 | INFO     |   [USTECm] WAIT 0/80
2026-05-18 13:37:23 | INFO     | 🕯️ [US30m] New M5 bar closed: 1779085800
2026-05-18 13:37:23 | INFO     |   [US30m] WAIT 0/80
2026-05-18 13:40:00 | INFO     | 🕯️ [NZDUSDm] New M5 bar closed: 1779086100
2026-05-18 13:40:00 | INFO     |   [NZDUSDm] WAIT 0/80
2026-05-18 13:40:01 | INFO     | 🕯️ [XAUUSDm] New M5 bar closed: 1779086100
2026-05-18 13:40:01 | INFO     |   [XAUUSDm] WAIT 0/80
2026-05-18 13:40:01 | INFO     | 🕯️ [EURUSDm] New M5 bar closed: 1779086100
2026-05-18 13:40:01 | INFO     |   [EURUSDm] WAIT 0/80
2026-05-18 13:40:01 | INFO     | 🕯️ [AUDUSDm] New M5 bar closed: 1779086100
2026-05-18 13:40:01 | INFO     |   [AUDUSDm] WAIT 0/80
2026-05-18 13:40:01 | INFO     | 🕯️ [USTECm] New M5 bar closed: 1779086100
2026-05-18 13:40:01 | INFO     |   [USTECm] BUY 26/80
2026-05-18 13:40:02 | INFO     | 🕯️ [USDJPYm] New M5 bar closed: 1779086100
2026-05-18 13:40:02 | INFO     |   [USDJPYm] WAIT 0/80
2026-05-18 13:40:02 | INFO     | 🕯️ [US30m] New M5 bar closed: 1779086100
2026-05-18 13:40:02 | INFO     |   [US30m] WAIT 0/80
2026-05-18 13:42:21 | INFO     | 
══════════════════════════════════════════════════════════════════════
  📊  STATUS V22  [13:42:21 BKK]
  Equity    : $     40.60  (-32.33%)
  DD Daily  : 0.00%   DD Total: 32.33%   Mode: NORMAL
  Session   : PRE_LONDON       H4:NEUTRAL    H1:NEUTRAL   
  Global Pos: 0/3 | Floating Risk: 0.0%/12.0%
  Symbols   : XAUUSDm, EURUSDm, USDJPYm, AUDUSDm, NZDUSDm, USTECm, US30m
  Thresholds: NY=62 LDN=82 NY_EARLY=75 OOS=80
══════════════════════════════════════════════════════════════════════
2026-05-18 13:45:00 | INFO     | 🕯️ [US30m] New M5 bar closed: 1779086400
2026-05-18 13:45:00 | INFO     |   [US30m] WAIT 0/80
2026-05-18 13:45:00 | INFO     | 🕯️ [XAUUSDm] New M5 bar closed: 1779086400
2026-05-18 13:45:00 | INFO     |   [XAUUSDm] WAIT 0/80
2026-05-18 13:45:00 | INFO     | 🕯️ [EURUSDm] New M5 bar closed: 1779086400
2026-05-18 13:45:00 | INFO     |   [EURUSDm] WAIT 0/80
2026-05-18 13:45:00 | INFO     | 🕯️ [USDJPYm] New M5 bar closed: 1779086400
2026-05-18 13:45:00 | INFO     |   [USDJPYm] WAIT 0/80
2026-05-18 13:45:01 | INFO     | 🕯️ [AUDUSDm] New M5 bar closed: 1779086400
2026-05-18 13:45:01 | INFO     |   [AUDUSDm] WAIT 0/80
2026-05-18 13:45:01 | INFO     | 🕯️ [NZDUSDm] New M5 bar closed: 1779086400
2026-05-18 13:45:01 | INFO     |   [NZDUSDm] WAIT 0/80
2026-05-18 13:45:01 | INFO     | 🕯️ [USTECm] New M5 bar closed: 1779086400
2026-05-18 13:45:01 | INFO     |   [USTECm] WAIT 0/80
2026-05-18 13:47:22 | INFO     | 
══════════════════════════════════════════════════════════════════════
  📊  STATUS V22  [13:47:22 BKK]
  Equity    : $     40.60  (-32.33%)
  DD Daily  : 0.00%   DD Total: 32.33%   Mode: NORMAL
  Session   : PRE_LONDON       H4:NEUTRAL    H1:BEARISH   
  Global Pos: 0/3 | Floating Risk: 0.0%/12.0%
  Symbols   : XAUUSDm, EURUSDm, USDJPYm, AUDUSDm, NZDUSDm, USTECm, US30m
  Thresholds: NY=62 LDN=82 NY_EARLY=75 OOS=80
══════════════════════════════════════════════════════════════════════
2026-05-18 13:48:12 | WARNING  | Signal 2 → shutdown
2026-05-18 13:48:12 | WARNING  | 🚨 SHUTDOWN — EXIT
2026-05-18 13:48:13 | WARNING  | 🚨 Final: equity$40.60 balance$40.60
2026-05-18 13:48:13 | WARNING  | 🚨 SHUTDOWN COMPLETE.
2026-05-18 13:48:13 | INFO     | MT5 offline. Bot V.23 terminated.
